<feature_model name="3-sat-fm-1000-20-8">
<meta>
<data name="description">Automatically-generated model</data>
<data name="creator">Automatically-generated model</data>
<data name="email">marcilio dot mendonca at gmail dot com</data>
<data name="date">May 2009</data>
<data name="department">SPLOT Project</data>
<data name="organization">University of Waterloo</data>
<data name="address">200 University Ave. West, Waterloo, ON, Canada</data>
<data name="phone"></data>
<data name="website">http://www.splot-research.org/</data>
<data name="reference">http://www.splot-research.org/</data>
</meta>
<feature_tree>
:r R(R)
	:o o_1(o_1)
		:m m_1_1(m_1_1)
			:o o_1_1_1(o_1_1_1)
				:g _Ge__1_1_1_1(_Ge__1_1_1_1) [1,1] 
					: g_1_1_1_1_1(g_1_1_1_1_1)
						:g _Ge__1_1_1_1_1_1(_Ge__1_1_1_1_1_1) [1,1] 
							: g_1_1_1_1_1_1_1(g_1_1_1_1_1_1_1)
							: g_1_1_1_1_1_1_2(g_1_1_1_1_1_1_2)
					: g_1_1_1_1_2(g_1_1_1_1_2)
						:o o_1_1_1_1_2_1(o_1_1_1_1_2_1)
					: g_1_1_1_1_3(g_1_1_1_1_3)
						:m m_1_1_1_1_3_1(m_1_1_1_1_3_1)
					: g_1_1_1_1_4(g_1_1_1_1_4)
						:m m_1_1_1_1_4_1(m_1_1_1_1_4_1)
					: g_1_1_1_1_5(g_1_1_1_1_5)
						:g _Ge__1_1_1_1_5_1(_Ge__1_1_1_1_5_1) [1,1] 
							: g_1_1_1_1_5_1_1(g_1_1_1_1_5_1_1)
							: g_1_1_1_1_5_1_2(g_1_1_1_1_5_1_2)
							: g_1_1_1_1_5_1_3(g_1_1_1_1_5_1_3)
							: g_1_1_1_1_5_1_4(g_1_1_1_1_5_1_4)
							: g_1_1_1_1_5_1_5(g_1_1_1_1_5_1_5)
							: g_1_1_1_1_5_1_6(g_1_1_1_1_5_1_6)
				:m m_1_1_1_2(m_1_1_1_2)
					:o o_1_1_1_2_1(o_1_1_1_2_1)
						:m m_1_1_1_2_1_1(m_1_1_1_2_1_1)
					:m m_1_1_1_2_2(m_1_1_1_2_2)
						:g _Gi__1_1_1_2_2_1(_Gi__1_1_1_2_2_1) [1,*] 
							: g_1_1_1_2_2_1_1(g_1_1_1_2_2_1_1)
							: g_1_1_1_2_2_1_2(g_1_1_1_2_2_1_2)
							: g_1_1_1_2_2_1_3(g_1_1_1_2_2_1_3)
							: g_1_1_1_2_2_1_4(g_1_1_1_2_2_1_4)
					:o o_1_1_1_2_3(o_1_1_1_2_3)
						:m m_1_1_1_2_3_1(m_1_1_1_2_3_1)
					:m m_1_1_1_2_4(m_1_1_1_2_4)
						:m m_1_1_1_2_4_1(m_1_1_1_2_4_1)
				:g _Gi__1_1_1_3(_Gi__1_1_1_3) [1,*] 
					: g_1_1_1_3_1(g_1_1_1_3_1)
						:o o_1_1_1_3_1_1(o_1_1_1_3_1_1)
						:o o_1_1_1_3_1_2(o_1_1_1_3_1_2)
					: g_1_1_1_3_2(g_1_1_1_3_2)
						:o o_1_1_1_3_2_1(o_1_1_1_3_2_1)
							:m m_1_1_1_3_2_1_1(m_1_1_1_3_2_1_1)
					: g_1_1_1_3_3(g_1_1_1_3_3)
						:g _Gi__1_1_1_3_3_1(_Gi__1_1_1_3_3_1) [1,*] 
							: g_1_1_1_3_3_1_1(g_1_1_1_3_3_1_1)
							: g_1_1_1_3_3_1_2(g_1_1_1_3_3_1_2)
						:o o_1_1_1_3_3_2(o_1_1_1_3_3_2)
				:m m_1_1_1_4(m_1_1_1_4)
					:o o_1_1_1_4_1(o_1_1_1_4_1)
						:g _Ge__1_1_1_4_1_1(_Ge__1_1_1_4_1_1) [1,1] 
							: g_1_1_1_4_1_1_1(g_1_1_1_4_1_1_1)
							: g_1_1_1_4_1_1_2(g_1_1_1_4_1_1_2)
						:o o_1_1_1_4_1_2(o_1_1_1_4_1_2)
						:m m_1_1_1_4_1_3(m_1_1_1_4_1_3)
						:o o_1_1_1_4_1_4(o_1_1_1_4_1_4)
						:o o_1_1_1_4_1_5(o_1_1_1_4_1_5)
						:o o_1_1_1_4_1_6(o_1_1_1_4_1_6)
				:o o_1_1_1_5(o_1_1_1_5)
					:m m_1_1_1_5_1(m_1_1_1_5_1)
						:g _Ge__1_1_1_5_1_1(_Ge__1_1_1_5_1_1) [1,1] 
							: g_1_1_1_5_1_1_1(g_1_1_1_5_1_1_1)
							: g_1_1_1_5_1_1_2(g_1_1_1_5_1_1_2)
							: g_1_1_1_5_1_1_3(g_1_1_1_5_1_1_3)
							: g_1_1_1_5_1_1_4(g_1_1_1_5_1_1_4)
							: g_1_1_1_5_1_1_5(g_1_1_1_5_1_1_5)
							: g_1_1_1_5_1_1_6(g_1_1_1_5_1_1_6)
					:m m_1_1_1_5_2(m_1_1_1_5_2)
						:g _Gi__1_1_1_5_2_1(_Gi__1_1_1_5_2_1) [1,*] 
							: g_1_1_1_5_2_1_1(g_1_1_1_5_2_1_1)
							: g_1_1_1_5_2_1_2(g_1_1_1_5_2_1_2)
							: g_1_1_1_5_2_1_3(g_1_1_1_5_2_1_3)
							: g_1_1_1_5_2_1_4(g_1_1_1_5_2_1_4)
							: g_1_1_1_5_2_1_5(g_1_1_1_5_2_1_5)
						:m m_1_1_1_5_2_2(m_1_1_1_5_2_2)
						:o o_1_1_1_5_2_3(o_1_1_1_5_2_3)
				:m m_1_1_1_6(m_1_1_1_6)
					:g _Ge__1_1_1_6_1(_Ge__1_1_1_6_1) [1,1] 
						: g_1_1_1_6_1_1(g_1_1_1_6_1_1)
						: g_1_1_1_6_1_2(g_1_1_1_6_1_2)
						: g_1_1_1_6_1_3(g_1_1_1_6_1_3)
						: g_1_1_1_6_1_4(g_1_1_1_6_1_4)
						: g_1_1_1_6_1_5(g_1_1_1_6_1_5)
						: g_1_1_1_6_1_6(g_1_1_1_6_1_6)
					:o o_1_1_1_6_2(o_1_1_1_6_2)
						:m m_1_1_1_6_2_1(m_1_1_1_6_2_1)
					:o o_1_1_1_6_3(o_1_1_1_6_3)
						:m m_1_1_1_6_3_1(m_1_1_1_6_3_1)
					:o o_1_1_1_6_4(o_1_1_1_6_4)
					:o o_1_1_1_6_5(o_1_1_1_6_5)
			:m m_1_1_2(m_1_1_2)
				:m m_1_1_2_1(m_1_1_2_1)
					:o o_1_1_2_1_1(o_1_1_2_1_1)
					:o o_1_1_2_1_2(o_1_1_2_1_2)
					:m m_1_1_2_1_3(m_1_1_2_1_3)
					:m m_1_1_2_1_4(m_1_1_2_1_4)
					:o o_1_1_2_1_5(o_1_1_2_1_5)
				:m m_1_1_2_2(m_1_1_2_2)
					:o o_1_1_2_2_1(o_1_1_2_2_1)
					:g _Ge__1_1_2_2_2(_Ge__1_1_2_2_2) [1,1] 
						: g_1_1_2_2_2_1(g_1_1_2_2_2_1)
						: g_1_1_2_2_2_2(g_1_1_2_2_2_2)
					:g _Ge__1_1_2_2_3(_Ge__1_1_2_2_3) [1,1] 
						: g_1_1_2_2_3_1(g_1_1_2_2_3_1)
						: g_1_1_2_2_3_2(g_1_1_2_2_3_2)
						: g_1_1_2_2_3_3(g_1_1_2_2_3_3)
						: g_1_1_2_2_3_4(g_1_1_2_2_3_4)
						: g_1_1_2_2_3_5(g_1_1_2_2_3_5)
				:m m_1_1_2_3(m_1_1_2_3)
					:m m_1_1_2_3_1(m_1_1_2_3_1)
					:o o_1_1_2_3_2(o_1_1_2_3_2)
					:o o_1_1_2_3_3(o_1_1_2_3_3)
					:g _Gi__1_1_2_3_4(_Gi__1_1_2_3_4) [1,*] 
						: g_1_1_2_3_4_1(g_1_1_2_3_4_1)
						: g_1_1_2_3_4_2(g_1_1_2_3_4_2)
						: g_1_1_2_3_4_3(g_1_1_2_3_4_3)
						: g_1_1_2_3_4_4(g_1_1_2_3_4_4)
						: g_1_1_2_3_4_5(g_1_1_2_3_4_5)
						: g_1_1_2_3_4_6(g_1_1_2_3_4_6)
					:o o_1_1_2_3_5(o_1_1_2_3_5)
					:o o_1_1_2_3_6(o_1_1_2_3_6)
				:g _Gi__1_1_2_4(_Gi__1_1_2_4) [1,*] 
					: g_1_1_2_4_1(g_1_1_2_4_1)
						:o o_1_1_2_4_1_1(o_1_1_2_4_1_1)
						:g _Gi__1_1_2_4_1_2(_Gi__1_1_2_4_1_2) [1,*] 
							: g_1_1_2_4_1_2_1(g_1_1_2_4_1_2_1)
							: g_1_1_2_4_1_2_2(g_1_1_2_4_1_2_2)
					: g_1_1_2_4_2(g_1_1_2_4_2)
						:m m_1_1_2_4_2_1(m_1_1_2_4_2_1)
						:o o_1_1_2_4_2_2(o_1_1_2_4_2_2)
					: g_1_1_2_4_3(g_1_1_2_4_3)
						:o o_1_1_2_4_3_1(o_1_1_2_4_3_1)
						:m m_1_1_2_4_3_2(m_1_1_2_4_3_2)
					: g_1_1_2_4_4(g_1_1_2_4_4)
						:g _Gi__1_1_2_4_4_1(_Gi__1_1_2_4_4_1) [1,*] 
							: g_1_1_2_4_4_1_1(g_1_1_2_4_4_1_1)
							: g_1_1_2_4_4_1_2(g_1_1_2_4_4_1_2)
							: g_1_1_2_4_4_1_3(g_1_1_2_4_4_1_3)
						:o o_1_1_2_4_4_2(o_1_1_2_4_4_2)
					: g_1_1_2_4_5(g_1_1_2_4_5)
						:m m_1_1_2_4_5_1(m_1_1_2_4_5_1)
						:m m_1_1_2_4_5_2(m_1_1_2_4_5_2)
					: g_1_1_2_4_6(g_1_1_2_4_6)
						:m m_1_1_2_4_6_1(m_1_1_2_4_6_1)
						:m m_1_1_2_4_6_2(m_1_1_2_4_6_2)
			:g _Ge__1_1_3(_Ge__1_1_3) [1,1] 
				: g_1_1_3_1(g_1_1_3_1)
					:g _Ge__1_1_3_1_1(_Ge__1_1_3_1_1) [1,1] 
						: g_1_1_3_1_1_1(g_1_1_3_1_1_1)
							:g _Gi__1_1_3_1_1_1_1(_Gi__1_1_3_1_1_1_1) [1,*] 
								: g_1_1_3_1_1_1_1_1(g_1_1_3_1_1_1_1_1)
								: g_1_1_3_1_1_1_1_2(g_1_1_3_1_1_1_1_2)
								: g_1_1_3_1_1_1_1_3(g_1_1_3_1_1_1_1_3)
						: g_1_1_3_1_1_2(g_1_1_3_1_1_2)
							:o o_1_1_3_1_1_2_1(o_1_1_3_1_1_2_1)
					:m m_1_1_3_1_2(m_1_1_3_1_2)
						:m m_1_1_3_1_2_1(m_1_1_3_1_2_1)
					:m m_1_1_3_1_3(m_1_1_3_1_3)
						:m m_1_1_3_1_3_1(m_1_1_3_1_3_1)
						:m m_1_1_3_1_3_2(m_1_1_3_1_3_2)
					:m m_1_1_3_1_4(m_1_1_3_1_4)
						:m m_1_1_3_1_4_1(m_1_1_3_1_4_1)
					:o o_1_1_3_1_5(o_1_1_3_1_5)
						:m m_1_1_3_1_5_1(m_1_1_3_1_5_1)
				: g_1_1_3_2(g_1_1_3_2)
					:o o_1_1_3_2_1(o_1_1_3_2_1)
						:m m_1_1_3_2_1_1(m_1_1_3_2_1_1)
						:o o_1_1_3_2_1_2(o_1_1_3_2_1_2)
					:m m_1_1_3_2_2(m_1_1_3_2_2)
						:g _Gi__1_1_3_2_2_1(_Gi__1_1_3_2_2_1) [1,*] 
							: g_1_1_3_2_2_1_1(g_1_1_3_2_2_1_1)
							: g_1_1_3_2_2_1_2(g_1_1_3_2_2_1_2)
							: g_1_1_3_2_2_1_3(g_1_1_3_2_2_1_3)
						:o o_1_1_3_2_2_2(o_1_1_3_2_2_2)
					:g _Gi__1_1_3_2_3(_Gi__1_1_3_2_3) [1,*] 
						: g_1_1_3_2_3_1(g_1_1_3_2_3_1)
						: g_1_1_3_2_3_2(g_1_1_3_2_3_2)
						: g_1_1_3_2_3_3(g_1_1_3_2_3_3)
						: g_1_1_3_2_3_4(g_1_1_3_2_3_4)
						: g_1_1_3_2_3_5(g_1_1_3_2_3_5)
					:g _Gi__1_1_3_2_4(_Gi__1_1_3_2_4) [1,*] 
						: g_1_1_3_2_4_1(g_1_1_3_2_4_1)
						: g_1_1_3_2_4_2(g_1_1_3_2_4_2)
						: g_1_1_3_2_4_3(g_1_1_3_2_4_3)
						: g_1_1_3_2_4_4(g_1_1_3_2_4_4)
						: g_1_1_3_2_4_5(g_1_1_3_2_4_5)
					:o o_1_1_3_2_5(o_1_1_3_2_5)
						:m m_1_1_3_2_5_1(m_1_1_3_2_5_1)
				: g_1_1_3_3(g_1_1_3_3)
					:o o_1_1_3_3_1(o_1_1_3_3_1)
						:o o_1_1_3_3_1_1(o_1_1_3_3_1_1)
						:o o_1_1_3_3_1_2(o_1_1_3_3_1_2)
						:m m_1_1_3_3_1_3(m_1_1_3_3_1_3)
						:g _Ge__1_1_3_3_1_4(_Ge__1_1_3_3_1_4) [1,1] 
							: g_1_1_3_3_1_4_1(g_1_1_3_3_1_4_1)
							: g_1_1_3_3_1_4_2(g_1_1_3_3_1_4_2)
				: g_1_1_3_4(g_1_1_3_4)
					:o o_1_1_3_4_1(o_1_1_3_4_1)
						:m m_1_1_3_4_1_1(m_1_1_3_4_1_1)
						:g _Gi__1_1_3_4_1_2(_Gi__1_1_3_4_1_2) [1,*] 
							: g_1_1_3_4_1_2_1(g_1_1_3_4_1_2_1)
							: g_1_1_3_4_1_2_2(g_1_1_3_4_1_2_2)
							: g_1_1_3_4_1_2_3(g_1_1_3_4_1_2_3)
							: g_1_1_3_4_1_2_4(g_1_1_3_4_1_2_4)
						:o o_1_1_3_4_1_3(o_1_1_3_4_1_3)
					:o o_1_1_3_4_2(o_1_1_3_4_2)
						:g _Ge__1_1_3_4_2_1(_Ge__1_1_3_4_2_1) [1,1] 
							: g_1_1_3_4_2_1_1(g_1_1_3_4_2_1_1)
							: g_1_1_3_4_2_1_2(g_1_1_3_4_2_1_2)
							: g_1_1_3_4_2_1_3(g_1_1_3_4_2_1_3)
							: g_1_1_3_4_2_1_4(g_1_1_3_4_2_1_4)
							: g_1_1_3_4_2_1_5(g_1_1_3_4_2_1_5)
							: g_1_1_3_4_2_1_6(g_1_1_3_4_2_1_6)
	:o o_2(o_2)
		:g _Gi__2_1(_Gi__2_1) [1,*] 
			: g_2_1_1(g_2_1_1)
				:m m_2_1_1_1(m_2_1_1_1)
					:g _Ge__2_1_1_1_1(_Ge__2_1_1_1_1) [1,1] 
						: g_2_1_1_1_1_1(g_2_1_1_1_1_1)
						: g_2_1_1_1_1_2(g_2_1_1_1_1_2)
						: g_2_1_1_1_1_3(g_2_1_1_1_1_3)
						: g_2_1_1_1_1_4(g_2_1_1_1_1_4)
						: g_2_1_1_1_1_5(g_2_1_1_1_1_5)
					:o o_2_1_1_1_2(o_2_1_1_1_2)
					:g _Ge__2_1_1_1_3(_Ge__2_1_1_1_3) [1,1] 
						: g_2_1_1_1_3_1(g_2_1_1_1_3_1)
						: g_2_1_1_1_3_2(g_2_1_1_1_3_2)
						: g_2_1_1_1_3_3(g_2_1_1_1_3_3)
				:o o_2_1_1_2(o_2_1_1_2)
					:m m_2_1_1_2_1(m_2_1_1_2_1)
					:o o_2_1_1_2_2(o_2_1_1_2_2)
				:o o_2_1_1_3(o_2_1_1_3)
					:o o_2_1_1_3_1(o_2_1_1_3_1)
					:o o_2_1_1_3_2(o_2_1_1_3_2)
				:m m_2_1_1_4(m_2_1_1_4)
					:g _Ge__2_1_1_4_1(_Ge__2_1_1_4_1) [1,1] 
						: g_2_1_1_4_1_1(g_2_1_1_4_1_1)
						: g_2_1_1_4_1_2(g_2_1_1_4_1_2)
						: g_2_1_1_4_1_3(g_2_1_1_4_1_3)
						: g_2_1_1_4_1_4(g_2_1_1_4_1_4)
						: g_2_1_1_4_1_5(g_2_1_1_4_1_5)
						: g_2_1_1_4_1_6(g_2_1_1_4_1_6)
					:o o_2_1_1_4_2(o_2_1_1_4_2)
			: g_2_1_2(g_2_1_2)
				:g _Ge__2_1_2_1(_Ge__2_1_2_1) [1,1] 
					: g_2_1_2_1_1(g_2_1_2_1_1)
						:g _Gi__2_1_2_1_1_1(_Gi__2_1_2_1_1_1) [1,*] 
							: g_2_1_2_1_1_1_1(g_2_1_2_1_1_1_1)
							: g_2_1_2_1_1_1_2(g_2_1_2_1_1_1_2)
							: g_2_1_2_1_1_1_3(g_2_1_2_1_1_1_3)
							: g_2_1_2_1_1_1_4(g_2_1_2_1_1_1_4)
					: g_2_1_2_1_2(g_2_1_2_1_2)
						:o o_2_1_2_1_2_1(o_2_1_2_1_2_1)
					: g_2_1_2_1_3(g_2_1_2_1_3)
						:o o_2_1_2_1_3_1(o_2_1_2_1_3_1)
				:o o_2_1_2_2(o_2_1_2_2)
					:g _Ge__2_1_2_2_1(_Ge__2_1_2_2_1) [1,1] 
						: g_2_1_2_2_1_1(g_2_1_2_2_1_1)
							:g _Gi__2_1_2_2_1_1_1(_Gi__2_1_2_2_1_1_1) [1,*] 
								: g_2_1_2_2_1_1_1_1(g_2_1_2_2_1_1_1_1)
								: g_2_1_2_2_1_1_1_2(g_2_1_2_2_1_1_1_2)
								: g_2_1_2_2_1_1_1_3(g_2_1_2_2_1_1_1_3)
						: g_2_1_2_2_1_2(g_2_1_2_2_1_2)
							:m m_2_1_2_2_1_2_1(m_2_1_2_2_1_2_1)
				:o o_2_1_2_3(o_2_1_2_3)
					:m m_2_1_2_3_1(m_2_1_2_3_1)
					:m m_2_1_2_3_2(m_2_1_2_3_2)
					:m m_2_1_2_3_3(m_2_1_2_3_3)
			: g_2_1_3(g_2_1_3)
				:o o_2_1_3_1(o_2_1_3_1)
					:m m_2_1_3_1_1(m_2_1_3_1_1)
					:g _Gi__2_1_3_1_2(_Gi__2_1_3_1_2) [1,*] 
						: g_2_1_3_1_2_1(g_2_1_3_1_2_1)
						: g_2_1_3_1_2_2(g_2_1_3_1_2_2)
						: g_2_1_3_1_2_3(g_2_1_3_1_2_3)
				:o o_2_1_3_2(o_2_1_3_2)
					:g _Ge__2_1_3_2_1(_Ge__2_1_3_2_1) [1,1] 
						: g_2_1_3_2_1_1(g_2_1_3_2_1_1)
						: g_2_1_3_2_1_2(g_2_1_3_2_1_2)
						: g_2_1_3_2_1_3(g_2_1_3_2_1_3)
						: g_2_1_3_2_1_4(g_2_1_3_2_1_4)
						: g_2_1_3_2_1_5(g_2_1_3_2_1_5)
				:o o_2_1_3_3(o_2_1_3_3)
					:m m_2_1_3_3_1(m_2_1_3_3_1)
					:g _Ge__2_1_3_3_2(_Ge__2_1_3_3_2) [1,1] 
						: g_2_1_3_3_2_1(g_2_1_3_3_2_1)
						: g_2_1_3_3_2_2(g_2_1_3_3_2_2)
						: g_2_1_3_3_2_3(g_2_1_3_3_2_3)
				:o o_2_1_3_4(o_2_1_3_4)
					:g _Gi__2_1_3_4_1(_Gi__2_1_3_4_1) [1,*] 
						: g_2_1_3_4_1_1(g_2_1_3_4_1_1)
						: g_2_1_3_4_1_2(g_2_1_3_4_1_2)
						: g_2_1_3_4_1_3(g_2_1_3_4_1_3)
						: g_2_1_3_4_1_4(g_2_1_3_4_1_4)
						: g_2_1_3_4_1_5(g_2_1_3_4_1_5)
						: g_2_1_3_4_1_6(g_2_1_3_4_1_6)
				:g _Gi__2_1_3_5(_Gi__2_1_3_5) [1,*] 
					: g_2_1_3_5_1(g_2_1_3_5_1)
					: g_2_1_3_5_2(g_2_1_3_5_2)
					: g_2_1_3_5_3(g_2_1_3_5_3)
					: g_2_1_3_5_4(g_2_1_3_5_4)
					: g_2_1_3_5_5(g_2_1_3_5_5)
					: g_2_1_3_5_6(g_2_1_3_5_6)
			: g_2_1_4(g_2_1_4)
				:m m_2_1_4_1(m_2_1_4_1)
					:g _Gi__2_1_4_1_1(_Gi__2_1_4_1_1) [1,*] 
						: g_2_1_4_1_1_1(g_2_1_4_1_1_1)
							:m m_2_1_4_1_1_1_1(m_2_1_4_1_1_1_1)
						: g_2_1_4_1_1_2(g_2_1_4_1_1_2)
							:o o_2_1_4_1_1_2_1(o_2_1_4_1_1_2_1)
						: g_2_1_4_1_1_3(g_2_1_4_1_1_3)
							:m m_2_1_4_1_1_3_1(m_2_1_4_1_1_3_1)
					:o o_2_1_4_1_2(o_2_1_4_1_2)
						:o o_2_1_4_1_2_1(o_2_1_4_1_2_1)
						:m m_2_1_4_1_2_2(m_2_1_4_1_2_2)
		:m m_2_2(m_2_2)
			:o o_2_2_1(o_2_2_1)
				:o o_2_2_1_1(o_2_2_1_1)
					:o o_2_2_1_1_1(o_2_2_1_1_1)
					:o o_2_2_1_1_2(o_2_2_1_1_2)
			:m m_2_2_2(m_2_2_2)
				:m m_2_2_2_1(m_2_2_2_1)
					:m m_2_2_2_1_1(m_2_2_2_1_1)
					:m m_2_2_2_1_2(m_2_2_2_1_2)
					:m m_2_2_2_1_3(m_2_2_2_1_3)
					:g _Ge__2_2_2_1_4(_Ge__2_2_2_1_4) [1,1] 
						: g_2_2_2_1_4_1(g_2_2_2_1_4_1)
						: g_2_2_2_1_4_2(g_2_2_2_1_4_2)
			:o o_2_2_3(o_2_2_3)
				:o o_2_2_3_1(o_2_2_3_1)
					:m m_2_2_3_1_1(m_2_2_3_1_1)
					:o o_2_2_3_1_2(o_2_2_3_1_2)
			:o o_2_2_4(o_2_2_4)
				:m m_2_2_4_1(m_2_2_4_1)
					:o o_2_2_4_1_1(o_2_2_4_1_1)
					:m m_2_2_4_1_2(m_2_2_4_1_2)
					:o o_2_2_4_1_3(o_2_2_4_1_3)
				:g _Ge__2_2_4_2(_Ge__2_2_4_2) [1,1] 
					: g_2_2_4_2_1(g_2_2_4_2_1)
						:g _Ge__2_2_4_2_1_1(_Ge__2_2_4_2_1_1) [1,1] 
							: g_2_2_4_2_1_1_1(g_2_2_4_2_1_1_1)
							: g_2_2_4_2_1_1_2(g_2_2_4_2_1_1_2)
							: g_2_2_4_2_1_1_3(g_2_2_4_2_1_1_3)
							: g_2_2_4_2_1_1_4(g_2_2_4_2_1_1_4)
							: g_2_2_4_2_1_1_5(g_2_2_4_2_1_1_5)
					: g_2_2_4_2_2(g_2_2_4_2_2)
						:m m_2_2_4_2_2_1(m_2_2_4_2_2_1)
			:m m_2_2_5(m_2_2_5)
				:m m_2_2_5_1(m_2_2_5_1)
					:g _Ge__2_2_5_1_1(_Ge__2_2_5_1_1) [1,1] 
						: g_2_2_5_1_1_1(g_2_2_5_1_1_1)
						: g_2_2_5_1_1_2(g_2_2_5_1_1_2)
						: g_2_2_5_1_1_3(g_2_2_5_1_1_3)
						: g_2_2_5_1_1_4(g_2_2_5_1_1_4)
						: g_2_2_5_1_1_5(g_2_2_5_1_1_5)
					:m m_2_2_5_1_2(m_2_2_5_1_2)
					:o o_2_2_5_1_3(o_2_2_5_1_3)
					:m m_2_2_5_1_4(m_2_2_5_1_4)
					:m m_2_2_5_1_5(m_2_2_5_1_5)
			:o o_2_2_6(o_2_2_6)
				:o o_2_2_6_1(o_2_2_6_1)
					:m m_2_2_6_1_1(m_2_2_6_1_1)
				:o o_2_2_6_2(o_2_2_6_2)
					:g _Ge__2_2_6_2_1(_Ge__2_2_6_2_1) [1,1] 
						: g_2_2_6_2_1_1(g_2_2_6_2_1_1)
						: g_2_2_6_2_1_2(g_2_2_6_2_1_2)
						: g_2_2_6_2_1_3(g_2_2_6_2_1_3)
						: g_2_2_6_2_1_4(g_2_2_6_2_1_4)
				:m m_2_2_6_3(m_2_2_6_3)
					:o o_2_2_6_3_1(o_2_2_6_3_1)
				:g _Ge__2_2_6_4(_Ge__2_2_6_4) [1,1] 
					: g_2_2_6_4_1(g_2_2_6_4_1)
					: g_2_2_6_4_2(g_2_2_6_4_2)
					: g_2_2_6_4_3(g_2_2_6_4_3)
		:m m_2_3(m_2_3)
			:m m_2_3_1(m_2_3_1)
				:o o_2_3_1_1(o_2_3_1_1)
					:g _Gi__2_3_1_1_1(_Gi__2_3_1_1_1) [1,*] 
						: g_2_3_1_1_1_1(g_2_3_1_1_1_1)
						: g_2_3_1_1_1_2(g_2_3_1_1_1_2)
						: g_2_3_1_1_1_3(g_2_3_1_1_1_3)
						: g_2_3_1_1_1_4(g_2_3_1_1_1_4)
						: g_2_3_1_1_1_5(g_2_3_1_1_1_5)
						: g_2_3_1_1_1_6(g_2_3_1_1_1_6)
					:m m_2_3_1_1_2(m_2_3_1_1_2)
					:m m_2_3_1_1_3(m_2_3_1_1_3)
					:m m_2_3_1_1_4(m_2_3_1_1_4)
			:m m_2_3_2(m_2_3_2)
				:o o_2_3_2_1(o_2_3_2_1)
					:m m_2_3_2_1_1(m_2_3_2_1_1)
					:o o_2_3_2_1_2(o_2_3_2_1_2)
					:o o_2_3_2_1_3(o_2_3_2_1_3)
					:m m_2_3_2_1_4(m_2_3_2_1_4)
				:g _Ge__2_3_2_2(_Ge__2_3_2_2) [1,1] 
					: g_2_3_2_2_1(g_2_3_2_2_1)
					: g_2_3_2_2_2(g_2_3_2_2_2)
					: g_2_3_2_2_3(g_2_3_2_2_3)
					: g_2_3_2_2_4(g_2_3_2_2_4)
					: g_2_3_2_2_5(g_2_3_2_2_5)
			:m m_2_3_3(m_2_3_3)
				:o o_2_3_3_1(o_2_3_3_1)
					:o o_2_3_3_1_1(o_2_3_3_1_1)
					:o o_2_3_3_1_2(o_2_3_3_1_2)
					:g _Gi__2_3_3_1_3(_Gi__2_3_3_1_3) [1,*] 
						: g_2_3_3_1_3_1(g_2_3_3_1_3_1)
						: g_2_3_3_1_3_2(g_2_3_3_1_3_2)
						: g_2_3_3_1_3_3(g_2_3_3_1_3_3)
						: g_2_3_3_1_3_4(g_2_3_3_1_3_4)
						: g_2_3_3_1_3_5(g_2_3_3_1_3_5)
						: g_2_3_3_1_3_6(g_2_3_3_1_3_6)
					:o o_2_3_3_1_4(o_2_3_3_1_4)
			:m m_2_3_4(m_2_3_4)
				:m m_2_3_4_1(m_2_3_4_1)
					:o o_2_3_4_1_1(o_2_3_4_1_1)
				:o o_2_3_4_2(o_2_3_4_2)
					:m m_2_3_4_2_1(m_2_3_4_2_1)
					:o o_2_3_4_2_2(o_2_3_4_2_2)
					:o o_2_3_4_2_3(o_2_3_4_2_3)
					:g _Gi__2_3_4_2_4(_Gi__2_3_4_2_4) [1,*] 
						: g_2_3_4_2_4_1(g_2_3_4_2_4_1)
						: g_2_3_4_2_4_2(g_2_3_4_2_4_2)
						: g_2_3_4_2_4_3(g_2_3_4_2_4_3)
						: g_2_3_4_2_4_4(g_2_3_4_2_4_4)
						: g_2_3_4_2_4_5(g_2_3_4_2_4_5)
			:m m_2_3_5(m_2_3_5)
				:o o_2_3_5_1(o_2_3_5_1)
					:m m_2_3_5_1_1(m_2_3_5_1_1)
				:o o_2_3_5_2(o_2_3_5_2)
					:m m_2_3_5_2_1(m_2_3_5_2_1)
				:o o_2_3_5_3(o_2_3_5_3)
					:o o_2_3_5_3_1(o_2_3_5_3_1)
				:g _Ge__2_3_5_4(_Ge__2_3_5_4) [1,1] 
					: g_2_3_5_4_1(g_2_3_5_4_1)
					: g_2_3_5_4_2(g_2_3_5_4_2)
				:g _Ge__2_3_5_5(_Ge__2_3_5_5) [1,1] 
					: g_2_3_5_5_1(g_2_3_5_5_1)
					: g_2_3_5_5_2(g_2_3_5_5_2)
				:m m_2_3_5_6(m_2_3_5_6)
	:o o_3(o_3)
		:g _Ge__3_1(_Ge__3_1) [1,1] 
			: g_3_1_1(g_3_1_1)
				:o o_3_1_1_1(o_3_1_1_1)
					:o o_3_1_1_1_1(o_3_1_1_1_1)
					:g _Ge__3_1_1_1_2(_Ge__3_1_1_1_2) [1,1] 
						: g_3_1_1_1_2_1(g_3_1_1_1_2_1)
						: g_3_1_1_1_2_2(g_3_1_1_1_2_2)
				:g _Gi__3_1_1_2(_Gi__3_1_1_2) [1,*] 
					: g_3_1_1_2_1(g_3_1_1_2_1)
					: g_3_1_1_2_2(g_3_1_1_2_2)
					: g_3_1_1_2_3(g_3_1_1_2_3)
				:o o_3_1_1_3(o_3_1_1_3)
					:g _Gi__3_1_1_3_1(_Gi__3_1_1_3_1) [1,*] 
						: g_3_1_1_3_1_1(g_3_1_1_3_1_1)
						: g_3_1_1_3_1_2(g_3_1_1_3_1_2)
						: g_3_1_1_3_1_3(g_3_1_1_3_1_3)
				:o o_3_1_1_4(o_3_1_1_4)
					:o o_3_1_1_4_1(o_3_1_1_4_1)
				:o o_3_1_1_5(o_3_1_1_5)
					:o o_3_1_1_5_1(o_3_1_1_5_1)
				:g _Gi__3_1_1_6(_Gi__3_1_1_6) [1,*] 
					: g_3_1_1_6_1(g_3_1_1_6_1)
					: g_3_1_1_6_2(g_3_1_1_6_2)
					: g_3_1_1_6_3(g_3_1_1_6_3)
					: g_3_1_1_6_4(g_3_1_1_6_4)
					: g_3_1_1_6_5(g_3_1_1_6_5)
					: g_3_1_1_6_6(g_3_1_1_6_6)
			: g_3_1_2(g_3_1_2)
				:m m_3_1_2_1(m_3_1_2_1)
					:m m_3_1_2_1_1(m_3_1_2_1_1)
					:o o_3_1_2_1_2(o_3_1_2_1_2)
				:m m_3_1_2_2(m_3_1_2_2)
					:o o_3_1_2_2_1(o_3_1_2_2_1)
					:m m_3_1_2_2_2(m_3_1_2_2_2)
				:o o_3_1_2_3(o_3_1_2_3)
					:m m_3_1_2_3_1(m_3_1_2_3_1)
					:o o_3_1_2_3_2(o_3_1_2_3_2)
				:o o_3_1_2_4(o_3_1_2_4)
					:g _Gi__3_1_2_4_1(_Gi__3_1_2_4_1) [1,*] 
						: g_3_1_2_4_1_1(g_3_1_2_4_1_1)
						: g_3_1_2_4_1_2(g_3_1_2_4_1_2)
						: g_3_1_2_4_1_3(g_3_1_2_4_1_3)
						: g_3_1_2_4_1_4(g_3_1_2_4_1_4)
						: g_3_1_2_4_1_5(g_3_1_2_4_1_5)
						: g_3_1_2_4_1_6(g_3_1_2_4_1_6)
				:o o_3_1_2_5(o_3_1_2_5)
					:o o_3_1_2_5_1(o_3_1_2_5_1)
			: g_3_1_3(g_3_1_3)
				:m m_3_1_3_1(m_3_1_3_1)
					:o o_3_1_3_1_1(o_3_1_3_1_1)
					:o o_3_1_3_1_2(o_3_1_3_1_2)
				:g _Ge__3_1_3_2(_Ge__3_1_3_2) [1,1] 
					: g_3_1_3_2_1(g_3_1_3_2_1)
					: g_3_1_3_2_2(g_3_1_3_2_2)
					: g_3_1_3_2_3(g_3_1_3_2_3)
				:m m_3_1_3_3(m_3_1_3_3)
					:g _Ge__3_1_3_3_1(_Ge__3_1_3_3_1) [1,1] 
						: g_3_1_3_3_1_1(g_3_1_3_3_1_1)
						: g_3_1_3_3_1_2(g_3_1_3_3_1_2)
						: g_3_1_3_3_1_3(g_3_1_3_3_1_3)
						: g_3_1_3_3_1_4(g_3_1_3_3_1_4)
						: g_3_1_3_3_1_5(g_3_1_3_3_1_5)
						: g_3_1_3_3_1_6(g_3_1_3_3_1_6)
					:m m_3_1_3_3_2(m_3_1_3_3_2)
				:o o_3_1_3_4(o_3_1_3_4)
					:g _Gi__3_1_3_4_1(_Gi__3_1_3_4_1) [1,*] 
						: g_3_1_3_4_1_1(g_3_1_3_4_1_1)
						: g_3_1_3_4_1_2(g_3_1_3_4_1_2)
				:g _Gi__3_1_3_5(_Gi__3_1_3_5) [1,*] 
					: g_3_1_3_5_1(g_3_1_3_5_1)
					: g_3_1_3_5_2(g_3_1_3_5_2)
			: g_3_1_4(g_3_1_4)
				:m m_3_1_4_1(m_3_1_4_1)
					:m m_3_1_4_1_1(m_3_1_4_1_1)
					:g _Gi__3_1_4_1_2(_Gi__3_1_4_1_2) [1,*] 
						: g_3_1_4_1_2_1(g_3_1_4_1_2_1)
						: g_3_1_4_1_2_2(g_3_1_4_1_2_2)
					:m m_3_1_4_1_3(m_3_1_4_1_3)
					:g _Ge__3_1_4_1_4(_Ge__3_1_4_1_4) [1,1] 
						: g_3_1_4_1_4_1(g_3_1_4_1_4_1)
						: g_3_1_4_1_4_2(g_3_1_4_1_4_2)
						: g_3_1_4_1_4_3(g_3_1_4_1_4_3)
						: g_3_1_4_1_4_4(g_3_1_4_1_4_4)
						: g_3_1_4_1_4_5(g_3_1_4_1_4_5)
				:o o_3_1_4_2(o_3_1_4_2)
					:m m_3_1_4_2_1(m_3_1_4_2_1)
						:o o_3_1_4_2_1_1(o_3_1_4_2_1_1)
						:o o_3_1_4_2_1_2(o_3_1_4_2_1_2)
				:o o_3_1_4_3(o_3_1_4_3)
					:m m_3_1_4_3_1(m_3_1_4_3_1)
						:m m_3_1_4_3_1_1(m_3_1_4_3_1_1)
			: g_3_1_5(g_3_1_5)
				:m m_3_1_5_1(m_3_1_5_1)
					:m m_3_1_5_1_1(m_3_1_5_1_1)
						:o o_3_1_5_1_1_1(o_3_1_5_1_1_1)
					:o o_3_1_5_1_2(o_3_1_5_1_2)
						:o o_3_1_5_1_2_1(o_3_1_5_1_2_1)
						:o o_3_1_5_1_2_2(o_3_1_5_1_2_2)
					:m m_3_1_5_1_3(m_3_1_5_1_3)
						:m m_3_1_5_1_3_1(m_3_1_5_1_3_1)
						:m m_3_1_5_1_3_2(m_3_1_5_1_3_2)
					:o o_3_1_5_1_4(o_3_1_5_1_4)
						:m m_3_1_5_1_4_1(m_3_1_5_1_4_1)
						:o o_3_1_5_1_4_2(o_3_1_5_1_4_2)
			: g_3_1_6(g_3_1_6)
				:m m_3_1_6_1(m_3_1_6_1)
					:o o_3_1_6_1_1(o_3_1_6_1_1)
						:o o_3_1_6_1_1_1(o_3_1_6_1_1_1)
						:g _Gi__3_1_6_1_1_2(_Gi__3_1_6_1_1_2) [1,*] 
							: g_3_1_6_1_1_2_1(g_3_1_6_1_1_2_1)
							: g_3_1_6_1_1_2_2(g_3_1_6_1_1_2_2)
							: g_3_1_6_1_1_2_3(g_3_1_6_1_1_2_3)
							: g_3_1_6_1_1_2_4(g_3_1_6_1_1_2_4)
							: g_3_1_6_1_1_2_5(g_3_1_6_1_1_2_5)
					:o o_3_1_6_1_2(o_3_1_6_1_2)
						:m m_3_1_6_1_2_1(m_3_1_6_1_2_1)
						:g _Ge__3_1_6_1_2_2(_Ge__3_1_6_1_2_2) [1,1] 
							: g_3_1_6_1_2_2_1(g_3_1_6_1_2_2_1)
							: g_3_1_6_1_2_2_2(g_3_1_6_1_2_2_2)
							: g_3_1_6_1_2_2_3(g_3_1_6_1_2_2_3)
							: g_3_1_6_1_2_2_4(g_3_1_6_1_2_2_4)
							: g_3_1_6_1_2_2_5(g_3_1_6_1_2_2_5)
							: g_3_1_6_1_2_2_6(g_3_1_6_1_2_2_6)
					:m m_3_1_6_1_3(m_3_1_6_1_3)
						:m m_3_1_6_1_3_1(m_3_1_6_1_3_1)
					:m m_3_1_6_1_4(m_3_1_6_1_4)
						:g _Gi__3_1_6_1_4_1(_Gi__3_1_6_1_4_1) [1,*] 
							: g_3_1_6_1_4_1_1(g_3_1_6_1_4_1_1)
							: g_3_1_6_1_4_1_2(g_3_1_6_1_4_1_2)
							: g_3_1_6_1_4_1_3(g_3_1_6_1_4_1_3)
					:o o_3_1_6_1_5(o_3_1_6_1_5)
						:o o_3_1_6_1_5_1(o_3_1_6_1_5_1)
		:m m_3_2(m_3_2)
			:m m_3_2_1(m_3_2_1)
				:o o_3_2_1_1(o_3_2_1_1)
					:g _Gi__3_2_1_1_1(_Gi__3_2_1_1_1) [1,*] 
						: g_3_2_1_1_1_1(g_3_2_1_1_1_1)
						: g_3_2_1_1_1_2(g_3_2_1_1_1_2)
					:o o_3_2_1_1_2(o_3_2_1_1_2)
	:g _Ge__4(_Ge__4) [1,1] 
		: g_4_1(g_4_1)
			:m m_4_1_1(m_4_1_1)
				:m m_4_1_1_1(m_4_1_1_1)
					:o o_4_1_1_1_1(o_4_1_1_1_1)
				:o o_4_1_1_2(o_4_1_1_2)
					:m m_4_1_1_2_1(m_4_1_1_2_1)
				:o o_4_1_1_3(o_4_1_1_3)
					:o o_4_1_1_3_1(o_4_1_1_3_1)
				:m m_4_1_1_4(m_4_1_1_4)
					:m m_4_1_1_4_1(m_4_1_1_4_1)
				:o o_4_1_1_5(o_4_1_1_5)
					:m m_4_1_1_5_1(m_4_1_1_5_1)
			:o o_4_1_2(o_4_1_2)
				:m m_4_1_2_1(m_4_1_2_1)
					:m m_4_1_2_1_1(m_4_1_2_1_1)
					:m m_4_1_2_1_2(m_4_1_2_1_2)
				:m m_4_1_2_2(m_4_1_2_2)
					:m m_4_1_2_2_1(m_4_1_2_2_1)
						:m m_4_1_2_2_1_1(m_4_1_2_2_1_1)
				:m m_4_1_2_3(m_4_1_2_3)
					:g _Ge__4_1_2_3_1(_Ge__4_1_2_3_1) [1,1] 
						: g_4_1_2_3_1_1(g_4_1_2_3_1_1)
						: g_4_1_2_3_1_2(g_4_1_2_3_1_2)
			:o o_4_1_3(o_4_1_3)
				:o o_4_1_3_1(o_4_1_3_1)
					:g _Ge__4_1_3_1_1(_Ge__4_1_3_1_1) [1,1] 
						: g_4_1_3_1_1_1(g_4_1_3_1_1_1)
						: g_4_1_3_1_1_2(g_4_1_3_1_1_2)
						: g_4_1_3_1_1_3(g_4_1_3_1_1_3)
						: g_4_1_3_1_1_4(g_4_1_3_1_1_4)
						: g_4_1_3_1_1_5(g_4_1_3_1_1_5)
						: g_4_1_3_1_1_6(g_4_1_3_1_1_6)
					:o o_4_1_3_1_2(o_4_1_3_1_2)
						:m m_4_1_3_1_2_1(m_4_1_3_1_2_1)
						:m m_4_1_3_1_2_2(m_4_1_3_1_2_2)
			:g _Ge__4_1_4(_Ge__4_1_4) [1,1] 
				: g_4_1_4_1(g_4_1_4_1)
					:m m_4_1_4_1_1(m_4_1_4_1_1)
				: g_4_1_4_2(g_4_1_4_2)
					:m m_4_1_4_2_1(m_4_1_4_2_1)
				: g_4_1_4_3(g_4_1_4_3)
					:m m_4_1_4_3_1(m_4_1_4_3_1)
				: g_4_1_4_4(g_4_1_4_4)
					:m m_4_1_4_4_1(m_4_1_4_4_1)
				: g_4_1_4_5(g_4_1_4_5)
					:m m_4_1_4_5_1(m_4_1_4_5_1)
			:m m_4_1_5(m_4_1_5)
				:m m_4_1_5_1(m_4_1_5_1)
					:o o_4_1_5_1_1(o_4_1_5_1_1)
				:m m_4_1_5_2(m_4_1_5_2)
					:m m_4_1_5_2_1(m_4_1_5_2_1)
				:m m_4_1_5_3(m_4_1_5_3)
					:m m_4_1_5_3_1(m_4_1_5_3_1)
				:o o_4_1_5_4(o_4_1_5_4)
				:m m_4_1_5_5(m_4_1_5_5)
				:o o_4_1_5_6(o_4_1_5_6)
			:m m_4_1_6(m_4_1_6)
				:g _Gi__4_1_6_1(_Gi__4_1_6_1) [1,*] 
					: g_4_1_6_1_1(g_4_1_6_1_1)
					: g_4_1_6_1_2(g_4_1_6_1_2)
					: g_4_1_6_1_3(g_4_1_6_1_3)
					: g_4_1_6_1_4(g_4_1_6_1_4)
					: g_4_1_6_1_5(g_4_1_6_1_5)
				:m m_4_1_6_2(m_4_1_6_2)
					:m m_4_1_6_2_1(m_4_1_6_2_1)
					:m m_4_1_6_2_2(m_4_1_6_2_2)
				:m m_4_1_6_3(m_4_1_6_3)
					:m m_4_1_6_3_1(m_4_1_6_3_1)
		: g_4_2(g_4_2)
			:m m_4_2_1(m_4_2_1)
				:o o_4_2_1_1(o_4_2_1_1)
					:g _Gi__4_2_1_1_1(_Gi__4_2_1_1_1) [1,*] 
						: g_4_2_1_1_1_1(g_4_2_1_1_1_1)
							:m m_4_2_1_1_1_1_1(m_4_2_1_1_1_1_1)
							:o o_4_2_1_1_1_1_2(o_4_2_1_1_1_1_2)
							:o o_4_2_1_1_1_1_3(o_4_2_1_1_1_1_3)
						: g_4_2_1_1_1_2(g_4_2_1_1_1_2)
							:g _Ge__4_2_1_1_1_2_1(_Ge__4_2_1_1_1_2_1) [1,1] 
								: g_4_2_1_1_1_2_1_1(g_4_2_1_1_1_2_1_1)
								: g_4_2_1_1_1_2_1_2(g_4_2_1_1_1_2_1_2)
								: g_4_2_1_1_1_2_1_3(g_4_2_1_1_1_2_1_3)
								: g_4_2_1_1_1_2_1_4(g_4_2_1_1_1_2_1_4)
								: g_4_2_1_1_1_2_1_5(g_4_2_1_1_1_2_1_5)
								: g_4_2_1_1_1_2_1_6(g_4_2_1_1_1_2_1_6)
							:g _Gi__4_2_1_1_1_2_2(_Gi__4_2_1_1_1_2_2) [1,*] 
								: g_4_2_1_1_1_2_2_1(g_4_2_1_1_1_2_2_1)
								: g_4_2_1_1_1_2_2_2(g_4_2_1_1_1_2_2_2)
							:o o_4_2_1_1_1_2_3(o_4_2_1_1_1_2_3)
						: g_4_2_1_1_1_3(g_4_2_1_1_1_3)
							:m m_4_2_1_1_1_3_1(m_4_2_1_1_1_3_1)
							:m m_4_2_1_1_1_3_2(m_4_2_1_1_1_3_2)
						: g_4_2_1_1_1_4(g_4_2_1_1_1_4)
							:o o_4_2_1_1_1_4_1(o_4_2_1_1_1_4_1)
							:m m_4_2_1_1_1_4_2(m_4_2_1_1_1_4_2)
							:m m_4_2_1_1_1_4_3(m_4_2_1_1_1_4_3)
					:o o_4_2_1_1_2(o_4_2_1_1_2)
						:g _Gi__4_2_1_1_2_1(_Gi__4_2_1_1_2_1) [1,*] 
							: g_4_2_1_1_2_1_1(g_4_2_1_1_2_1_1)
							: g_4_2_1_1_2_1_2(g_4_2_1_1_2_1_2)
							: g_4_2_1_1_2_1_3(g_4_2_1_1_2_1_3)
						:m m_4_2_1_1_2_2(m_4_2_1_1_2_2)
						:g _Ge__4_2_1_1_2_3(_Ge__4_2_1_1_2_3) [1,1] 
							: g_4_2_1_1_2_3_1(g_4_2_1_1_2_3_1)
							: g_4_2_1_1_2_3_2(g_4_2_1_1_2_3_2)
					:m m_4_2_1_1_3(m_4_2_1_1_3)
						:m m_4_2_1_1_3_1(m_4_2_1_1_3_1)
						:m m_4_2_1_1_3_2(m_4_2_1_1_3_2)
						:m m_4_2_1_1_3_3(m_4_2_1_1_3_3)
						:o o_4_2_1_1_3_4(o_4_2_1_1_3_4)
					:m m_4_2_1_1_4(m_4_2_1_1_4)
						:o o_4_2_1_1_4_1(o_4_2_1_1_4_1)
						:o o_4_2_1_1_4_2(o_4_2_1_1_4_2)
						:o o_4_2_1_1_4_3(o_4_2_1_1_4_3)
		: g_4_3(g_4_3)
			:m m_4_3_1(m_4_3_1)
				:g _Gi__4_3_1_1(_Gi__4_3_1_1) [1,*] 
					: g_4_3_1_1_1(g_4_3_1_1_1)
						:g _Ge__4_3_1_1_1_1(_Ge__4_3_1_1_1_1) [1,1] 
							: g_4_3_1_1_1_1_1(g_4_3_1_1_1_1_1)
							: g_4_3_1_1_1_1_2(g_4_3_1_1_1_1_2)
							: g_4_3_1_1_1_1_3(g_4_3_1_1_1_1_3)
							: g_4_3_1_1_1_1_4(g_4_3_1_1_1_1_4)
							: g_4_3_1_1_1_1_5(g_4_3_1_1_1_1_5)
					: g_4_3_1_1_2(g_4_3_1_1_2)
						:m m_4_3_1_1_2_1(m_4_3_1_1_2_1)
					: g_4_3_1_1_3(g_4_3_1_1_3)
						:o o_4_3_1_1_3_1(o_4_3_1_1_3_1)
				:o o_4_3_1_2(o_4_3_1_2)
					:g _Gi__4_3_1_2_1(_Gi__4_3_1_2_1) [1,*] 
						: g_4_3_1_2_1_1(g_4_3_1_2_1_1)
						: g_4_3_1_2_1_2(g_4_3_1_2_1_2)
						: g_4_3_1_2_1_3(g_4_3_1_2_1_3)
					:g _Ge__4_3_1_2_2(_Ge__4_3_1_2_2) [1,1] 
						: g_4_3_1_2_2_1(g_4_3_1_2_2_1)
						: g_4_3_1_2_2_2(g_4_3_1_2_2_2)
						: g_4_3_1_2_2_3(g_4_3_1_2_2_3)
				:o o_4_3_1_3(o_4_3_1_3)
					:g _Gi__4_3_1_3_1(_Gi__4_3_1_3_1) [1,*] 
						: g_4_3_1_3_1_1(g_4_3_1_3_1_1)
						: g_4_3_1_3_1_2(g_4_3_1_3_1_2)
					:m m_4_3_1_3_2(m_4_3_1_3_2)
				:m m_4_3_1_4(m_4_3_1_4)
					:m m_4_3_1_4_1(m_4_3_1_4_1)
					:g _Ge__4_3_1_4_2(_Ge__4_3_1_4_2) [1,1] 
						: g_4_3_1_4_2_1(g_4_3_1_4_2_1)
						: g_4_3_1_4_2_2(g_4_3_1_4_2_2)
			:m m_4_3_2(m_4_3_2)
				:o o_4_3_2_1(o_4_3_2_1)
					:o o_4_3_2_1_1(o_4_3_2_1_1)
						:o o_4_3_2_1_1_1(o_4_3_2_1_1_1)
					:o o_4_3_2_1_2(o_4_3_2_1_2)
						:m m_4_3_2_1_2_1(m_4_3_2_1_2_1)
					:o o_4_3_2_1_3(o_4_3_2_1_3)
				:o o_4_3_2_2(o_4_3_2_2)
					:g _Ge__4_3_2_2_1(_Ge__4_3_2_2_1) [1,1] 
						: g_4_3_2_2_1_1(g_4_3_2_2_1_1)
						: g_4_3_2_2_1_2(g_4_3_2_2_1_2)
						: g_4_3_2_2_1_3(g_4_3_2_2_1_3)
						: g_4_3_2_2_1_4(g_4_3_2_2_1_4)
						: g_4_3_2_2_1_5(g_4_3_2_2_1_5)
						: g_4_3_2_2_1_6(g_4_3_2_2_1_6)
					:m m_4_3_2_2_2(m_4_3_2_2_2)
					:g _Gi__4_3_2_2_3(_Gi__4_3_2_2_3) [1,*] 
						: g_4_3_2_2_3_1(g_4_3_2_2_3_1)
						: g_4_3_2_2_3_2(g_4_3_2_2_3_2)
				:o o_4_3_2_3(o_4_3_2_3)
					:g _Gi__4_3_2_3_1(_Gi__4_3_2_3_1) [1,*] 
						: g_4_3_2_3_1_1(g_4_3_2_3_1_1)
						: g_4_3_2_3_1_2(g_4_3_2_3_1_2)
						: g_4_3_2_3_1_3(g_4_3_2_3_1_3)
						: g_4_3_2_3_1_4(g_4_3_2_3_1_4)
						: g_4_3_2_3_1_5(g_4_3_2_3_1_5)
			:o o_4_3_3(o_4_3_3)
				:m m_4_3_3_1(m_4_3_3_1)
					:m m_4_3_3_1_1(m_4_3_3_1_1)
					:o o_4_3_3_1_2(o_4_3_3_1_2)
					:g _Ge__4_3_3_1_3(_Ge__4_3_3_1_3) [1,1] 
						: g_4_3_3_1_3_1(g_4_3_3_1_3_1)
						: g_4_3_3_1_3_2(g_4_3_3_1_3_2)
					:m m_4_3_3_1_4(m_4_3_3_1_4)
				:o o_4_3_3_2(o_4_3_3_2)
					:m m_4_3_3_2_1(m_4_3_3_2_1)
					:o o_4_3_3_2_2(o_4_3_3_2_2)
					:g _Ge__4_3_3_2_3(_Ge__4_3_3_2_3) [1,1] 
						: g_4_3_3_2_3_1(g_4_3_3_2_3_1)
						: g_4_3_3_2_3_2(g_4_3_3_2_3_2)
						: g_4_3_3_2_3_3(g_4_3_3_2_3_3)
						: g_4_3_3_2_3_4(g_4_3_3_2_3_4)
				:m m_4_3_3_3(m_4_3_3_3)
					:m m_4_3_3_3_1(m_4_3_3_3_1)
						:o o_4_3_3_3_1_1(o_4_3_3_3_1_1)
					:m m_4_3_3_3_2(m_4_3_3_3_2)
						:m m_4_3_3_3_2_1(m_4_3_3_3_2_1)
			:g _Ge__4_3_4(_Ge__4_3_4) [1,1] 
				: g_4_3_4_1(g_4_3_4_1)
					:g _Gi__4_3_4_1_1(_Gi__4_3_4_1_1) [1,*] 
						: g_4_3_4_1_1_1(g_4_3_4_1_1_1)
						: g_4_3_4_1_1_2(g_4_3_4_1_1_2)
					:o o_4_3_4_1_2(o_4_3_4_1_2)
					:o o_4_3_4_1_3(o_4_3_4_1_3)
					:o o_4_3_4_1_4(o_4_3_4_1_4)
				: g_4_3_4_2(g_4_3_4_2)
					:g _Gi__4_3_4_2_1(_Gi__4_3_4_2_1) [1,*] 
						: g_4_3_4_2_1_1(g_4_3_4_2_1_1)
							:o o_4_3_4_2_1_1_1(o_4_3_4_2_1_1_1)
						: g_4_3_4_2_1_2(g_4_3_4_2_1_2)
							:o o_4_3_4_2_1_2_1(o_4_3_4_2_1_2_1)
				: g_4_3_4_3(g_4_3_4_3)
					:m m_4_3_4_3_1(m_4_3_4_3_1)
					:m m_4_3_4_3_2(m_4_3_4_3_2)
					:m m_4_3_4_3_3(m_4_3_4_3_3)
					:g _Ge__4_3_4_3_4(_Ge__4_3_4_3_4) [1,1] 
						: g_4_3_4_3_4_1(g_4_3_4_3_4_1)
						: g_4_3_4_3_4_2(g_4_3_4_3_4_2)
						: g_4_3_4_3_4_3(g_4_3_4_3_4_3)
						: g_4_3_4_3_4_4(g_4_3_4_3_4_4)
						: g_4_3_4_3_4_5(g_4_3_4_3_4_5)
	:o o_5(o_5)
		:m m_5_1(m_5_1)
			:g _Gi__5_1_1(_Gi__5_1_1) [1,*] 
				: g_5_1_1_1(g_5_1_1_1)
					:m m_5_1_1_1_1(m_5_1_1_1_1)
						:m m_5_1_1_1_1_1(m_5_1_1_1_1_1)
						:g _Gi__5_1_1_1_1_2(_Gi__5_1_1_1_1_2) [1,*] 
							: g_5_1_1_1_1_2_1(g_5_1_1_1_1_2_1)
							: g_5_1_1_1_1_2_2(g_5_1_1_1_1_2_2)
						:o o_5_1_1_1_1_3(o_5_1_1_1_1_3)
						:o o_5_1_1_1_1_4(o_5_1_1_1_1_4)
						:m m_5_1_1_1_1_5(m_5_1_1_1_1_5)
						:m m_5_1_1_1_1_6(m_5_1_1_1_1_6)
					:o o_5_1_1_1_2(o_5_1_1_1_2)
						:o o_5_1_1_1_2_1(o_5_1_1_1_2_1)
						:g _Ge__5_1_1_1_2_2(_Ge__5_1_1_1_2_2) [1,1] 
							: g_5_1_1_1_2_2_1(g_5_1_1_1_2_2_1)
							: g_5_1_1_1_2_2_2(g_5_1_1_1_2_2_2)
							: g_5_1_1_1_2_2_3(g_5_1_1_1_2_2_3)
							: g_5_1_1_1_2_2_4(g_5_1_1_1_2_2_4)
						:o o_5_1_1_1_2_3(o_5_1_1_1_2_3)
						:m m_5_1_1_1_2_4(m_5_1_1_1_2_4)
					:o o_5_1_1_1_3(o_5_1_1_1_3)
						:m m_5_1_1_1_3_1(m_5_1_1_1_3_1)
						:o o_5_1_1_1_3_2(o_5_1_1_1_3_2)
						:m m_5_1_1_1_3_3(m_5_1_1_1_3_3)
						:o o_5_1_1_1_3_4(o_5_1_1_1_3_4)
						:m m_5_1_1_1_3_5(m_5_1_1_1_3_5)
				: g_5_1_1_2(g_5_1_1_2)
					:o o_5_1_1_2_1(o_5_1_1_2_1)
						:m m_5_1_1_2_1_1(m_5_1_1_2_1_1)
						:m m_5_1_1_2_1_2(m_5_1_1_2_1_2)
						:o o_5_1_1_2_1_3(o_5_1_1_2_1_3)
						:m m_5_1_1_2_1_4(m_5_1_1_2_1_4)
					:o o_5_1_1_2_2(o_5_1_1_2_2)
						:o o_5_1_1_2_2_1(o_5_1_1_2_2_1)
						:o o_5_1_1_2_2_2(o_5_1_1_2_2_2)
					:m m_5_1_1_2_3(m_5_1_1_2_3)
						:m m_5_1_1_2_3_1(m_5_1_1_2_3_1)
						:g _Gi__5_1_1_2_3_2(_Gi__5_1_1_2_3_2) [1,*] 
							: g_5_1_1_2_3_2_1(g_5_1_1_2_3_2_1)
							: g_5_1_1_2_3_2_2(g_5_1_1_2_3_2_2)
							: g_5_1_1_2_3_2_3(g_5_1_1_2_3_2_3)
							: g_5_1_1_2_3_2_4(g_5_1_1_2_3_2_4)
						:g _Gi__5_1_1_2_3_3(_Gi__5_1_1_2_3_3) [1,*] 
							: g_5_1_1_2_3_3_1(g_5_1_1_2_3_3_1)
							: g_5_1_1_2_3_3_2(g_5_1_1_2_3_3_2)
							: g_5_1_1_2_3_3_3(g_5_1_1_2_3_3_3)
							: g_5_1_1_2_3_3_4(g_5_1_1_2_3_3_4)
							: g_5_1_1_2_3_3_5(g_5_1_1_2_3_3_5)
						:o o_5_1_1_2_3_4(o_5_1_1_2_3_4)
					:g _Ge__5_1_1_2_4(_Ge__5_1_1_2_4) [1,1] 
						: g_5_1_1_2_4_1(g_5_1_1_2_4_1)
							:o o_5_1_1_2_4_1_1(o_5_1_1_2_4_1_1)
						: g_5_1_1_2_4_2(g_5_1_1_2_4_2)
							:o o_5_1_1_2_4_2_1(o_5_1_1_2_4_2_1)
						: g_5_1_1_2_4_3(g_5_1_1_2_4_3)
							:m m_5_1_1_2_4_3_1(m_5_1_1_2_4_3_1)
				: g_5_1_1_3(g_5_1_1_3)
					:g _Gi__5_1_1_3_1(_Gi__5_1_1_3_1) [1,*] 
						: g_5_1_1_3_1_1(g_5_1_1_3_1_1)
							:o o_5_1_1_3_1_1_1(o_5_1_1_3_1_1_1)
						: g_5_1_1_3_1_2(g_5_1_1_3_1_2)
							:g _Gi__5_1_1_3_1_2_1(_Gi__5_1_1_3_1_2_1) [1,*] 
								: g_5_1_1_3_1_2_1_1(g_5_1_1_3_1_2_1_1)
								: g_5_1_1_3_1_2_1_2(g_5_1_1_3_1_2_1_2)
								: g_5_1_1_3_1_2_1_3(g_5_1_1_3_1_2_1_3)
								: g_5_1_1_3_1_2_1_4(g_5_1_1_3_1_2_1_4)
						: g_5_1_1_3_1_3(g_5_1_1_3_1_3)
							:g _Gi__5_1_1_3_1_3_1(_Gi__5_1_1_3_1_3_1) [1,*] 
								: g_5_1_1_3_1_3_1_1(g_5_1_1_3_1_3_1_1)
								: g_5_1_1_3_1_3_1_2(g_5_1_1_3_1_3_1_2)
						: g_5_1_1_3_1_4(g_5_1_1_3_1_4)
							:o o_5_1_1_3_1_4_1(o_5_1_1_3_1_4_1)
						: g_5_1_1_3_1_5(g_5_1_1_3_1_5)
							:o o_5_1_1_3_1_5_1(o_5_1_1_3_1_5_1)
						: g_5_1_1_3_1_6(g_5_1_1_3_1_6)
							:o o_5_1_1_3_1_6_1(o_5_1_1_3_1_6_1)
					:o o_5_1_1_3_2(o_5_1_1_3_2)
						:m m_5_1_1_3_2_1(m_5_1_1_3_2_1)
						:o o_5_1_1_3_2_2(o_5_1_1_3_2_2)
						:o o_5_1_1_3_2_3(o_5_1_1_3_2_3)
						:m m_5_1_1_3_2_4(m_5_1_1_3_2_4)
						:m m_5_1_1_3_2_5(m_5_1_1_3_2_5)
					:g _Gi__5_1_1_3_3(_Gi__5_1_1_3_3) [1,*] 
						: g_5_1_1_3_3_1(g_5_1_1_3_3_1)
							:m m_5_1_1_3_3_1_1(m_5_1_1_3_3_1_1)
							:o o_5_1_1_3_3_1_2(o_5_1_1_3_3_1_2)
						: g_5_1_1_3_3_2(g_5_1_1_3_3_2)
							:m m_5_1_1_3_3_2_1(m_5_1_1_3_3_2_1)
							:o o_5_1_1_3_3_2_2(o_5_1_1_3_3_2_2)
				: g_5_1_1_4(g_5_1_1_4)
					:m m_5_1_1_4_1(m_5_1_1_4_1)
						:g _Ge__5_1_1_4_1_1(_Ge__5_1_1_4_1_1) [1,1] 
							: g_5_1_1_4_1_1_1(g_5_1_1_4_1_1_1)
							: g_5_1_1_4_1_1_2(g_5_1_1_4_1_1_2)
							: g_5_1_1_4_1_1_3(g_5_1_1_4_1_1_3)
							: g_5_1_1_4_1_1_4(g_5_1_1_4_1_1_4)
							: g_5_1_1_4_1_1_5(g_5_1_1_4_1_1_5)
							: g_5_1_1_4_1_1_6(g_5_1_1_4_1_1_6)
						:o o_5_1_1_4_1_2(o_5_1_1_4_1_2)
						:m m_5_1_1_4_1_3(m_5_1_1_4_1_3)
					:o o_5_1_1_4_2(o_5_1_1_4_2)
						:m m_5_1_1_4_2_1(m_5_1_1_4_2_1)
						:o o_5_1_1_4_2_2(o_5_1_1_4_2_2)
						:o o_5_1_1_4_2_3(o_5_1_1_4_2_3)
						:m m_5_1_1_4_2_4(m_5_1_1_4_2_4)
						:m m_5_1_1_4_2_5(m_5_1_1_4_2_5)
						:g _Ge__5_1_1_4_2_6(_Ge__5_1_1_4_2_6) [1,1] 
							: g_5_1_1_4_2_6_1(g_5_1_1_4_2_6_1)
							: g_5_1_1_4_2_6_2(g_5_1_1_4_2_6_2)
							: g_5_1_1_4_2_6_3(g_5_1_1_4_2_6_3)
							: g_5_1_1_4_2_6_4(g_5_1_1_4_2_6_4)
							: g_5_1_1_4_2_6_5(g_5_1_1_4_2_6_5)
							: g_5_1_1_4_2_6_6(g_5_1_1_4_2_6_6)
					:o o_5_1_1_4_3(o_5_1_1_4_3)
						:m m_5_1_1_4_3_1(m_5_1_1_4_3_1)
						:g _Gi__5_1_1_4_3_2(_Gi__5_1_1_4_3_2) [1,*] 
							: g_5_1_1_4_3_2_1(g_5_1_1_4_3_2_1)
							: g_5_1_1_4_3_2_2(g_5_1_1_4_3_2_2)
							: g_5_1_1_4_3_2_3(g_5_1_1_4_3_2_3)
						:o o_5_1_1_4_3_3(o_5_1_1_4_3_3)
						:o o_5_1_1_4_3_4(o_5_1_1_4_3_4)
						:o o_5_1_1_4_3_5(o_5_1_1_4_3_5)
			:m m_5_1_2(m_5_1_2)
				:o o_5_1_2_1(o_5_1_2_1)
					:m m_5_1_2_1_1(m_5_1_2_1_1)
					:o o_5_1_2_1_2(o_5_1_2_1_2)
					:g _Ge__5_1_2_1_3(_Ge__5_1_2_1_3) [1,1] 
						: g_5_1_2_1_3_1(g_5_1_2_1_3_1)
						: g_5_1_2_1_3_2(g_5_1_2_1_3_2)
						: g_5_1_2_1_3_3(g_5_1_2_1_3_3)
						: g_5_1_2_1_3_4(g_5_1_2_1_3_4)
						: g_5_1_2_1_3_5(g_5_1_2_1_3_5)
						: g_5_1_2_1_3_6(g_5_1_2_1_3_6)
					:g _Gi__5_1_2_1_4(_Gi__5_1_2_1_4) [1,*] 
						: g_5_1_2_1_4_1(g_5_1_2_1_4_1)
						: g_5_1_2_1_4_2(g_5_1_2_1_4_2)
						: g_5_1_2_1_4_3(g_5_1_2_1_4_3)
						: g_5_1_2_1_4_4(g_5_1_2_1_4_4)
					:o o_5_1_2_1_5(o_5_1_2_1_5)
					:o o_5_1_2_1_6(o_5_1_2_1_6)
	:o o_6(o_6)
		:m m_6_1(m_6_1)
			:o o_6_1_1(o_6_1_1)
				:m m_6_1_1_1(m_6_1_1_1)
					:o o_6_1_1_1_1(o_6_1_1_1_1)
				:o o_6_1_1_2(o_6_1_1_2)
					:m m_6_1_1_2_1(m_6_1_1_2_1)
					:g _Gi__6_1_1_2_2(_Gi__6_1_1_2_2) [1,*] 
						: g_6_1_1_2_2_1(g_6_1_1_2_2_1)
						: g_6_1_1_2_2_2(g_6_1_1_2_2_2)
					:o o_6_1_1_2_3(o_6_1_1_2_3)
				:g _Ge__6_1_1_3(_Ge__6_1_1_3) [1,1] 
					: g_6_1_1_3_1(g_6_1_1_3_1)
						:o o_6_1_1_3_1_1(o_6_1_1_3_1_1)
					: g_6_1_1_3_2(g_6_1_1_3_2)
						:g _Ge__6_1_1_3_2_1(_Ge__6_1_1_3_2_1) [1,1] 
							: g_6_1_1_3_2_1_1(g_6_1_1_3_2_1_1)
							: g_6_1_1_3_2_1_2(g_6_1_1_3_2_1_2)
				:o o_6_1_1_4(o_6_1_1_4)
					:m m_6_1_1_4_1(m_6_1_1_4_1)
					:o o_6_1_1_4_2(o_6_1_1_4_2)
					:o o_6_1_1_4_3(o_6_1_1_4_3)
				:m m_6_1_1_5(m_6_1_1_5)
					:m m_6_1_1_5_1(m_6_1_1_5_1)
					:g _Gi__6_1_1_5_2(_Gi__6_1_1_5_2) [1,*] 
						: g_6_1_1_5_2_1(g_6_1_1_5_2_1)
						: g_6_1_1_5_2_2(g_6_1_1_5_2_2)
						: g_6_1_1_5_2_3(g_6_1_1_5_2_3)
						: g_6_1_1_5_2_4(g_6_1_1_5_2_4)
					:o o_6_1_1_5_3(o_6_1_1_5_3)
			:m m_6_1_2(m_6_1_2)
				:o o_6_1_2_1(o_6_1_2_1)
					:m m_6_1_2_1_1(m_6_1_2_1_1)
					:o o_6_1_2_1_2(o_6_1_2_1_2)
					:m m_6_1_2_1_3(m_6_1_2_1_3)
					:o o_6_1_2_1_4(o_6_1_2_1_4)
					:m m_6_1_2_1_5(m_6_1_2_1_5)
					:o o_6_1_2_1_6(o_6_1_2_1_6)
				:m m_6_1_2_2(m_6_1_2_2)
					:o o_6_1_2_2_1(o_6_1_2_2_1)
					:m m_6_1_2_2_2(m_6_1_2_2_2)
				:o o_6_1_2_3(o_6_1_2_3)
					:o o_6_1_2_3_1(o_6_1_2_3_1)
					:m m_6_1_2_3_2(m_6_1_2_3_2)
					:o o_6_1_2_3_3(o_6_1_2_3_3)
					:m m_6_1_2_3_4(m_6_1_2_3_4)
			:o o_6_1_3(o_6_1_3)
				:m m_6_1_3_1(m_6_1_3_1)
					:m m_6_1_3_1_1(m_6_1_3_1_1)
					:m m_6_1_3_1_2(m_6_1_3_1_2)
					:o o_6_1_3_1_3(o_6_1_3_1_3)
				:m m_6_1_3_2(m_6_1_3_2)
					:m m_6_1_3_2_1(m_6_1_3_2_1)
					:m m_6_1_3_2_2(m_6_1_3_2_2)
				:g _Ge__6_1_3_3(_Ge__6_1_3_3) [1,1] 
					: g_6_1_3_3_1(g_6_1_3_3_1)
						:g _Gi__6_1_3_3_1_1(_Gi__6_1_3_3_1_1) [1,*] 
							: g_6_1_3_3_1_1_1(g_6_1_3_3_1_1_1)
							: g_6_1_3_3_1_1_2(g_6_1_3_3_1_1_2)
							: g_6_1_3_3_1_1_3(g_6_1_3_3_1_1_3)
							: g_6_1_3_3_1_1_4(g_6_1_3_3_1_1_4)
							: g_6_1_3_3_1_1_5(g_6_1_3_3_1_1_5)
							: g_6_1_3_3_1_1_6(g_6_1_3_3_1_1_6)
					: g_6_1_3_3_2(g_6_1_3_3_2)
						:g _Gi__6_1_3_3_2_1(_Gi__6_1_3_3_2_1) [1,*] 
							: g_6_1_3_3_2_1_1(g_6_1_3_3_2_1_1)
							: g_6_1_3_3_2_1_2(g_6_1_3_3_2_1_2)
							: g_6_1_3_3_2_1_3(g_6_1_3_3_2_1_3)
							: g_6_1_3_3_2_1_4(g_6_1_3_3_2_1_4)
							: g_6_1_3_3_2_1_5(g_6_1_3_3_2_1_5)
							: g_6_1_3_3_2_1_6(g_6_1_3_3_2_1_6)
				:o o_6_1_3_4(o_6_1_3_4)
					:g _Gi__6_1_3_4_1(_Gi__6_1_3_4_1) [1,*] 
						: g_6_1_3_4_1_1(g_6_1_3_4_1_1)
						: g_6_1_3_4_1_2(g_6_1_3_4_1_2)
						: g_6_1_3_4_1_3(g_6_1_3_4_1_3)
				:o o_6_1_3_5(o_6_1_3_5)
					:o o_6_1_3_5_1(o_6_1_3_5_1)
					:g _Gi__6_1_3_5_2(_Gi__6_1_3_5_2) [1,*] 
						: g_6_1_3_5_2_1(g_6_1_3_5_2_1)
						: g_6_1_3_5_2_2(g_6_1_3_5_2_2)
				:m m_6_1_3_6(m_6_1_3_6)
					:g _Ge__6_1_3_6_1(_Ge__6_1_3_6_1) [1,1] 
						: g_6_1_3_6_1_1(g_6_1_3_6_1_1)
						: g_6_1_3_6_1_2(g_6_1_3_6_1_2)
			:o o_6_1_4(o_6_1_4)
				:m m_6_1_4_1(m_6_1_4_1)
					:o o_6_1_4_1_1(o_6_1_4_1_1)
					:g _Gi__6_1_4_1_2(_Gi__6_1_4_1_2) [1,*] 
						: g_6_1_4_1_2_1(g_6_1_4_1_2_1)
						: g_6_1_4_1_2_2(g_6_1_4_1_2_2)
						: g_6_1_4_1_2_3(g_6_1_4_1_2_3)
				:m m_6_1_4_2(m_6_1_4_2)
					:o o_6_1_4_2_1(o_6_1_4_2_1)
					:m m_6_1_4_2_2(m_6_1_4_2_2)
					:o o_6_1_4_2_3(o_6_1_4_2_3)
					:g _Ge__6_1_4_2_4(_Ge__6_1_4_2_4) [1,1] 
						: g_6_1_4_2_4_1(g_6_1_4_2_4_1)
						: g_6_1_4_2_4_2(g_6_1_4_2_4_2)
						: g_6_1_4_2_4_3(g_6_1_4_2_4_3)
						: g_6_1_4_2_4_4(g_6_1_4_2_4_4)
						: g_6_1_4_2_4_5(g_6_1_4_2_4_5)
						: g_6_1_4_2_4_6(g_6_1_4_2_4_6)
				:o o_6_1_4_3(o_6_1_4_3)
					:g _Ge__6_1_4_3_1(_Ge__6_1_4_3_1) [1,1] 
						: g_6_1_4_3_1_1(g_6_1_4_3_1_1)
						: g_6_1_4_3_1_2(g_6_1_4_3_1_2)
						: g_6_1_4_3_1_3(g_6_1_4_3_1_3)
					:m m_6_1_4_3_2(m_6_1_4_3_2)
					:m m_6_1_4_3_3(m_6_1_4_3_3)
				:m m_6_1_4_4(m_6_1_4_4)
					:m m_6_1_4_4_1(m_6_1_4_4_1)
		:o o_6_2(o_6_2)
			:o o_6_2_1(o_6_2_1)
				:o o_6_2_1_1(o_6_2_1_1)
					:o o_6_2_1_1_1(o_6_2_1_1_1)
					:o o_6_2_1_1_2(o_6_2_1_1_2)
					:m m_6_2_1_1_3(m_6_2_1_1_3)
				:m m_6_2_1_2(m_6_2_1_2)
					:o o_6_2_1_2_1(o_6_2_1_2_1)
					:o o_6_2_1_2_2(o_6_2_1_2_2)
					:o o_6_2_1_2_3(o_6_2_1_2_3)
					:o o_6_2_1_2_4(o_6_2_1_2_4)
				:m m_6_2_1_3(m_6_2_1_3)
					:g _Ge__6_2_1_3_1(_Ge__6_2_1_3_1) [1,1] 
						: g_6_2_1_3_1_1(g_6_2_1_3_1_1)
						: g_6_2_1_3_1_2(g_6_2_1_3_1_2)
					:o o_6_2_1_3_2(o_6_2_1_3_2)
					:o o_6_2_1_3_3(o_6_2_1_3_3)
				:m m_6_2_1_4(m_6_2_1_4)
					:m m_6_2_1_4_1(m_6_2_1_4_1)
					:m m_6_2_1_4_2(m_6_2_1_4_2)
					:m m_6_2_1_4_3(m_6_2_1_4_3)
					:m m_6_2_1_4_4(m_6_2_1_4_4)
				:o o_6_2_1_5(o_6_2_1_5)
					:o o_6_2_1_5_1(o_6_2_1_5_1)
					:m m_6_2_1_5_2(m_6_2_1_5_2)
					:m m_6_2_1_5_3(m_6_2_1_5_3)
					:m m_6_2_1_5_4(m_6_2_1_5_4)
			:o o_6_2_2(o_6_2_2)
				:g _Gi__6_2_2_1(_Gi__6_2_2_1) [1,*] 
					: g_6_2_2_1_1(g_6_2_2_1_1)
					: g_6_2_2_1_2(g_6_2_2_1_2)
					: g_6_2_2_1_3(g_6_2_2_1_3)
					: g_6_2_2_1_4(g_6_2_2_1_4)
					: g_6_2_2_1_5(g_6_2_2_1_5)
					: g_6_2_2_1_6(g_6_2_2_1_6)
				:m m_6_2_2_2(m_6_2_2_2)
					:m m_6_2_2_2_1(m_6_2_2_2_1)
					:o o_6_2_2_2_2(o_6_2_2_2_2)
					:m m_6_2_2_2_3(m_6_2_2_2_3)
				:m m_6_2_2_3(m_6_2_2_3)
					:m m_6_2_2_3_1(m_6_2_2_3_1)
					:g _Ge__6_2_2_3_2(_Ge__6_2_2_3_2) [1,1] 
						: g_6_2_2_3_2_1(g_6_2_2_3_2_1)
						: g_6_2_2_3_2_2(g_6_2_2_3_2_2)
						: g_6_2_2_3_2_3(g_6_2_2_3_2_3)
						: g_6_2_2_3_2_4(g_6_2_2_3_2_4)
						: g_6_2_2_3_2_5(g_6_2_2_3_2_5)
						: g_6_2_2_3_2_6(g_6_2_2_3_2_6)
					:o o_6_2_2_3_3(o_6_2_2_3_3)
				:m m_6_2_2_4(m_6_2_2_4)
					:m m_6_2_2_4_1(m_6_2_2_4_1)
					:o o_6_2_2_4_2(o_6_2_2_4_2)
				:o o_6_2_2_5(o_6_2_2_5)
					:m m_6_2_2_5_1(m_6_2_2_5_1)
					:m m_6_2_2_5_2(m_6_2_2_5_2)
					:g _Ge__6_2_2_5_3(_Ge__6_2_2_5_3) [1,1] 
						: g_6_2_2_5_3_1(g_6_2_2_5_3_1)
						: g_6_2_2_5_3_2(g_6_2_2_5_3_2)
						: g_6_2_2_5_3_3(g_6_2_2_5_3_3)
						: g_6_2_2_5_3_4(g_6_2_2_5_3_4)
						: g_6_2_2_5_3_5(g_6_2_2_5_3_5)
						: g_6_2_2_5_3_6(g_6_2_2_5_3_6)
				:m m_6_2_2_6(m_6_2_2_6)
					:o o_6_2_2_6_1(o_6_2_2_6_1)
					:o o_6_2_2_6_2(o_6_2_2_6_2)
			:o o_6_2_3(o_6_2_3)
				:o o_6_2_3_1(o_6_2_3_1)
					:m m_6_2_3_1_1(m_6_2_3_1_1)
					:o o_6_2_3_1_2(o_6_2_3_1_2)
					:o o_6_2_3_1_3(o_6_2_3_1_3)
				:o o_6_2_3_2(o_6_2_3_2)
					:o o_6_2_3_2_1(o_6_2_3_2_1)
					:m m_6_2_3_2_2(m_6_2_3_2_2)
					:o o_6_2_3_2_3(o_6_2_3_2_3)
</feature_tree>
<constraints>
ec_1:g_2_1_3_5_2 OR (~g_3_1_4_1_4_2) OR m_6_1_3_2_1
ec_2:(~g_1_1_1_1_5_1_3) OR g_4_3_2_3_1_4 OR (~g_6_1_3_4_1_2)
ec_3:(~g_5_1_1_1_1_2_2) OR g_5_1_1_4_2_6_6 OR m_2_2_2_1_2
ec_4:g_2_1_2_1_1 OR (~g_2_1_2_2_1_1_1_3) OR (~m_4_3_3_3_1)
ec_5:(~g_1_1_2_3_4_6) OR (~g_1_1_3_4_1_2_4) OR m_2_2_5
ec_6:(~g_2_1_3_1_2_2) OR g_6_2_1_3_1_2 OR (~m_5_1)
ec_7:(~g_1_1_1_1_2) OR o_2_3_5_1 OR o_4_1_2
ec_8:g_3_1_2_4_1_1 OR (~g_6_1_3_3_1_1_5) OR o_1_1_2_4_1_1
ec_9:(~g_3_1_1_3_1_3) OR (~g_3_2_1_1_1_2) OR g_6_1_1_3_1
ec_10:g_2_1_2 OR g_2_2_4_2_1_1_2 OR m_3_1_2_2_2
ec_11:(~g_3_1_6_1_2_2_4) OR g_6_1_3_3_2_1_4 OR o_3_1_4_3
ec_12:g_2_1_1_4_1_2 OR g_4_3_4_3 OR m_1_1_1_6_3_1
ec_13:(~m_2_1_4_1_2_2) OR m_5_1_1_2_1_1 OR (~m_5_1_1_3_2_1)
ec_14:g_1_1_1_1_5_1_6 OR m_6_1_4_4_1 OR (~o_6_2_1_5_1)
ec_15:(~g_6_2_2_1_2) OR (~m_3_2) OR o_2_2_6_2
ec_16:g_1_1_2_2_2_1 OR m_6_2_2_2 OR o_2_1_3_2
ec_17:g_2_2_6_4_2 OR g_5_1_1_3_1_2_1_1 OR (~m_6_1_4_2)
ec_18:(~g_5_1_2_1_4_4) OR (~m_1_1_3_1_2) OR (~m_5_1_1_2_1_4)
ec_19:g_1_1_1_5_2_1_3 OR g_1_1_2_2_3_5 OR g_4_1_2_3_1_1
ec_20:g_6_2_2_3_2_4 OR (~o_4_2_1_1_4_1) OR (~o_4_3_2_1_3)
ec_21:m_6_1_2_3_2 OR m_6_2_1_4_3 OR (~o_6_2_1_1_1)
ec_22:(~g_6_1_3_3_2_1_3) OR (~o_5_1_1_3_1_5_1) OR (~o_6_2_2_5)
ec_23:g_4_1_4_4 OR g_6_1_3_3_1_1_6 OR (~g_6_2_1_3_1_1)
ec_24:g_1_1_3_2_4_2 OR g_3_1_1_1_2_1 OR (~o_1_1_1_3_2_1)
ec_25:(~g_4_3_2_3_1_2) OR g_6_1_3_3_2_1_1 OR g_6_2_2_3_2_6
ec_26:g_5_1_2_1_3_2 OR m_2_2_2_1_3 OR (~o_2)
ec_27:(~g_4_3_4_3_4_4) OR (~m_3_1_2_1_1) OR (~o_3_1_2_5_1)
ec_28:g_3_1_3_4_1_1 OR (~o_1_1_3_3_1_1) OR o_4_1_3
ec_29:(~g_1_1_1_3_3_1_2) OR (~m_4_3_3_3_2) OR (~o_5_1_1_3_1_6_1)
ec_30:(~g_2_1_4) OR m_1_1_2_4_2_1 OR o_5_1_1_2_4_2_1
ec_31:(~g_3_1_1_2_1) OR m_6_1_2_3_4 OR (~o_2_2_1_1_1)
ec_32:(~g_4_3_1_1_3) OR (~m_4_1_6_2_2) OR (~o_1_1_2_3_2)
ec_33:(~g_3_1_3_3_1_2) OR (~g_3_1_3_3_1_5) OR g_6_1_1_2_2_1
ec_34:g_1_1_1_5_1_1_4 OR (~g_6_2_2_1_3) OR (~m_5_1_1_2_4_3_1)
ec_35:g_3_1_2_4_1_5 OR (~g_3_1_5) OR g_5_1_1_4_3_2_1
ec_36:(~g_1_1_3_4_2_1_3) OR (~g_2_3_3_1_3_6) OR m_3_1_6_1_3_1
ec_37:(~g_1_1_2_3_4_4) OR (~g_5_1_1_4_1_1_5) OR m_5_1_1_4_1
ec_38:(~o_3_1_2_5) OR (~o_4_2_1_1_1_1_3) OR (~o_6_2)
ec_39:(~g_4_3_1_2_1_2) OR m_4_1_4_2_1 OR o_3_1_5_1_4_2
ec_40:g_1_1_3_2_4_3 OR g_5_1_2_1_3_5 OR (~m_1_1_2_4_5_2)
ec_41:(~g_4_3) OR g_6_1_1_3_2 OR (~m_4_1_6_3)
ec_42:(~g_3_2_1_1_1_1) OR (~g_4_2_1_1_1_3) OR (~g_6_2_2_3_2_5)
ec_43:g_4_3_1_1_1_1_2 OR g_5_1_1_4_1_1_2 OR o_4_3_4_1_3
ec_44:(~g_2_1_2_2_1_1_1_2) OR g_5_1_1_4_3_2_3 OR o_4_1_1_3_1
ec_45:g_1_1_2_3_4_3 OR g_4_2_1_1_2_3_2 OR g_5_1_1_3_1_5
ec_46:(~g_1_1_1_5_2_1_2) OR m_1_1_1_5_2_2 OR m_4_3_4_3_1
ec_47:g_2_3_2_2_3 OR g_3_1_1 OR o_1_1_2_4_3_1
ec_48:(~o_2_2_3_1_2) OR (~o_4_3_4_1_4) OR (~o_6_1_2_1_2)
ec_49:(~g_1_1_3_2_4_4) OR m_6_1_2_2_2 OR (~o_1_1_2_3_6)
ec_50:(~g_4_3_1_1_1) OR g_4_3_1_1_2 OR o_1_1_1_4_1_6
ec_51:(~g_6_1_3_3_1_1_3) OR g_6_2_2_1_4 OR m_5_1_1_1_1_5
ec_52:g_4_3_3_2_3_1 OR o_1_1_1_4_1_5 OR (~o_6_2_1_2_2)
ec_53:g_2_3_5_4_1 OR (~g_6_1_3_3_1_1_1) OR g_6_1_4_2_4_4
ec_54:g_3_1_1_3_1_2 OR (~g_5_1_1_4_1_1_1) OR (~o_4_3_3_3_1_1)
ec_55:g_3_1_1_6_1 OR o_1_1_1_2_3 OR o_1_1_3_2_5
ec_56:(~g_4_3_1_3_1_2) OR (~o_1_1_1_5_2_3) OR (~o_3_1_2_2_1)
ec_57:g_3_1_3_3_1_4 OR (~g_6_2_2_5_3_2) OR (~o_2_1_2_1_3_1)
ec_58:g_1_1_3_4_1_2_2 OR m_4_1_3_1_2_2 OR o_2_2_6_3_1
ec_59:g_3_1_2_4_1_2 OR g_4_3_2_2_1_3 OR o_5_1_2_1
ec_60:(~g_1_1_1_1_5_1_6) OR g_3_1_3_3_1_4 OR (~o_6_1_2_3)
ec_61:(~g_2_3_3_1_3_6) OR (~m_1_1_1_5_2_2) OR (~o_6_1_2_1_2)
ec_62:(~g_3_1_1_3_1_3) OR o_1_1_1_4_1_5 OR o_1_1_3_3_1_1
ec_63:(~g_4_2_1_1_1_3) OR m_5_1_1_2_1_1 OR o_4_2_1_1_4_1
ec_64:g_6_1_1_3_1 OR m_2_2_2_1_3 OR (~m_5_1)
ec_65:g_4_3_4_3_4_4 OR g_5_1_1_4_3_2_3 OR o_2_3_5_1
ec_66:m_4_1_3_1_2_2 OR o_3_1_5_1_4_2 OR o_4_2_1_1_4_1
ec_67:g_5_1_1_1_1_2_2 OR m_6_2_2_2 OR (~o_2_1_3_2)
ec_68:(~g_1_1_1_1_5_1_6) OR g_4_3_4_3_4_4 OR g_5_1_2_1_3_2
ec_69:g_1_1_3_4_2_1_3 OR (~g_5_1_2_1_3_5) OR (~m_1_1_2_1)
ec_70:(~g_3_1_2_4_1_5) OR g_4_3_1_3_1_2 OR (~m_5_1_1_3_2_1)
ec_71:g_5_1_1_3_1_5 OR g_6_1_3_3_2_1_1 OR (~g_6_2_2_1_4)
ec_72:g_3_1_1_2_1 OR g_5_1_1_4_3_2_1 OR o_4_3_2_1_3
ec_73:(~g_1_1_1_3_3_1_2) OR g_2_3_2_2_4 OR m_1_1_2_4_5_2
ec_74:g_2_1_3_1_2_2 OR m_4_3_3_3_1 OR (~o_4_3_2_1)
ec_75:(~g_3_1_1_3_1_2) OR (~g_3_1_1_3_1_3) OR (~o_4_2_1_1_4_1)
ec_76:(~g_6_1_3_3_2_1_4) OR m_6_1_2_3_4 OR (~o_3_1_5_1_4_2)
ec_77:g_4_3_1_1_3 OR g_5_1_1_3_1_2_1_1 OR (~g_6_1_1_3_1)
ec_78:g_3_1_3_3_1_2 OR m_5_1_1_2_1_1 OR o_4_1_2
ec_79:g_1_1_3_4_1_2_4 OR g_3_1_1_3_1_2 OR m_6_2_2_2
ec_80:g_1_1_3_2_4_2 OR (~g_4_2_1_1_1_3) OR m_2_2_5
ec_81:(~g_1_1_2_2_2_1) OR o_2_2_1_1_1 OR o_6_1_2_1_2
ec_82:(~g_3_1_2_4_1_5) OR g_4_3_4_3_4_4 OR (~o_6_1_2_3)
ec_83:(~g_3_1_1) OR (~g_6_1_1_3_2) OR (~m_6_2_1_1_3)
ec_84:(~g_3_1_1_1_2_1) OR (~g_4_3_2_2_1_3) OR (~o_3_1_2_5)
ec_85:(~g_3_2_1_1_1_1) OR (~g_4_1_4_4) OR o_6_1_2_3
ec_86:(~m_5_1_1_2_1_4) OR o_4_3_4_1_4 OR o_6_2
ec_87:g_3_1_3_3_1_4 OR o_2_3_5_1 OR (~o_5_1_1_2_4_2_1)
ec_88:g_6_1_1_2_2_1 OR o_2_2_6_2 OR (~o_3_1_2_5)
ec_89:g_1_1_2_2_2_1 OR o_4_3_2_1_3 OR (~o_5_1_2_1)
ec_90:(~g_4_3_1_1_3) OR g_5_1_1_3_1_5 OR m_4_3_3_3_1
ec_91:g_4_1_3_1_1_1 OR (~m_6_1_2_3_2) OR (~o_6_2_1_5_1)
ec_92:(~g_4_1_2_3_1_1) OR m_3_1_4_2_1 OR o_4_3_3
ec_93:g_3_1_3_3_1_4 OR (~g_4_2_1_1_1_3) OR g_6_1_3_3_2_1_3
ec_94:(~m_1_1_1_6_3_1) OR (~m_4_3_3_3_1) OR o_1_1_2_4_3_1
ec_95:(~g_2_1_2_1_1) OR (~g_6_1_1_3_2) OR (~o_1_1_3_3_1_1)
ec_96:(~g_1_1_1_1_5_1_3) OR (~o_1_1_2_4_3_1) OR o_6_1_2_3
ec_97:(~g_6_1_1_2_2_1) OR (~m_3_1_2_1_1) OR o_2_2_3_1_2
ec_98:g_5_1_2_1_3_5 OR (~o_1_1_1_4_1_5) OR o_6_1_1_4_2
ec_99:g_2_2_6_4_2 OR m_6_2_1_4_3 OR o_3_1_5_1_4_2
ec_100:g_1_1_1_5_2_1_3 OR m_4_1_4_2_1 OR o_2
ec_101:(~g_1_1_1_5_2_1_2) OR (~g_4_3_1_1_1) OR m_1_1_1_6_3_1
ec_102:g_1_1_1_1_5_1_3 OR m_4_1_6_3 OR (~o_6_1_2_1_2)
ec_103:(~g_1_1_2_2_3_5) OR (~m_6_2_2_3) OR o_5_1_2_1
ec_104:g_3_1_1_6_1 OR g_3_1_3_3_1_2 OR (~m_2_1_4_1_2_2)
ec_105:(~g_3_1_1) OR (~g_4_2_1_1_1_3) OR o_5_1_1_3_1_6_1
ec_106:g_1_1_1_1_5_1_3 OR g_6_1_3_4_1_2 OR g_6_2_1_3_1_2
ec_107:(~g_3_1_1_6_1) OR g_6_1_3_3_1_1_1 OR m_2_2_2_1_3
ec_108:g_2_1_2_2_1_1_1_3 OR (~m_1_1_1_6_3_1) OR (~m_4_1_3_1_2_2)
ec_109:(~g_4_2_1_1_1_3) OR (~g_6_1_3_3_2_1_4) OR m_1_1_2_1
ec_110:g_3_1_1_6_1 OR (~m_6_2_2_3) OR o_2_2_1_1
ec_111:g_4_3_1_1_1_1_2 OR m_1_1_3_1_2 OR (~m_6_2_2_3)
ec_112:g_5_1_1_4_3_2_1 OR m_2_1_2_3_2 OR (~o_4_3_2_1)
ec_113:g_1_1_3_2_4_4 OR (~g_1_1_3_4_2_1_3) OR o_4_3_4_1_3
ec_114:m_2_2_2_1_2 OR m_3_1_2_1_1 OR o_1_1_1_4_1_5
ec_115:(~g_2_2_4_2_1_1_2) OR g_5_1_1_1_1_2_2 OR m_5_1_1_3_2_1
ec_116:g_4_3_1_2_1_2 OR o_1_1_1_4_1 OR o_5_1_1_3_1_5_1
ec_117:(~g_4_3_3_2_3_1) OR (~g_5_1_1_3_1_5) OR (~o_6_1_1_4_2)
ec_118:g_2_1_2 OR (~g_5_1_2_1_4_4) OR (~o_1_1_1_5_2_3)
ec_119:g_4_3_1_3_1_2 OR m_1_1_3_1_2 OR (~m_5_1_1_4_1)
ec_120:(~g_3_1_1_2_1) OR (~g_4_3_4_3_4_4) OR o_2_1_3_2
ec_121:(~g_2_1_3_5_2) OR g_3_1_6_1_2_2_4 OR (~o_4_3_4_1_4)
ec_122:(~g_1_1_3_1) OR (~g_4_3_1_1_1) OR (~o_5_1_2_1)
ec_123:(~g_1_1_1_1_5_1_6) OR (~g_1_1_1_5_1_1_4) OR (~g_4_2_1_1_2_3_2)
ec_124:g_3_2_1_1_1_1 OR (~m_1_1_2_4_5_2) OR (~m_4_1_4_2_1)
ec_125:o_3_1_5_1_4_2 OR (~o_4_2_1_1_4_1) OR (~o_6_2_1_1_1)
ec_126:(~g_6_2_2_3_2_6) OR o_5_1_1_3_1_5_1 OR o_6_1_1_4_2
ec_127:g_5_1_1_4_1_1_5 OR o_4_2_1_1_4_1 OR (~o_6_2_1_5_1)
ec_128:g_1_1_2_3_4_6 OR g_4_2_1_1_1_3 OR g_6_1_3_3_1_1_3
ec_129:g_2_2_6_4_2 OR m_1_1_2_4_2_1 OR o_3_1_2_2_1
ec_130:(~g_1_1_1_5_1_1_4) OR (~g_1_1_3_2_4_4) OR (~g_3_1_1_1_2_1)
ec_131:(~m_6_1_2_3_4) OR (~o_6_1_2_1_2) OR (~o_6_2_1_2_2)
ec_132:(~g_6_2_2_5_3_2) OR (~m_2_1_2_3_2) OR (~m_6_1_2_3_4)
ec_133:g_4_3_1_3_1_2 OR g_5_1_1_3_1_5 OR (~o_2_1_3_2)
ec_134:(~g_6_1_3_3_1_1_3) OR (~g_6_1_3_3_1_1_6) OR m_6_2_2_3
ec_135:(~g_5_1_1_4_2_6_6) OR (~o_2_1_2_1_3_1) OR o_6_1_1_4_2
ec_136:(~g_4_2_1_1_1_3) OR g_6_1_1_3_2 OR (~g_6_1_3_4_1_2)
ec_137:g_4_3_1_1_3 OR g_5_1_1_4_3_2_3 OR m_5_1_1_3_2_1
ec_138:(~g_4_3_1_1_1_1_2) OR g_4_3_4_3_4_4 OR m_6_2_2_2
ec_139:(~g_3_1_1_3_1_3) OR (~g_6_1_1_3_1) OR o_4_3_2_1_3
ec_140:(~g_1_1_3_4_1_2_4) OR (~g_2_1_3_5_2) OR (~o_1_1_1_4_1_6)
ec_141:(~g_4_3_2_3_1_2) OR m_3_1_2_2_2 OR o_1_1_1_2_3
ec_142:(~g_3_1_3_3_1_2) OR (~g_4_3_1_1_1) OR (~o_2_2_6_3_1)
ec_143:g_5_1_1_1_1_2_2 OR (~o_3_1_2_2_1) OR (~o_6_2_1_5_1)
ec_144:(~g_1_1_1_5_2_1_2) OR (~g_3_2_1_1_1_1) OR (~o_1_1_1_4_1_6)
ec_145:(~m_2_2_2_1_3) OR (~o_4_1_1_3_1) OR o_5_1_1_2_4_2_1
ec_146:g_1_1_2_2_2_1 OR g_2_2_4_2_1_1_2 OR (~g_5_1_1_4_1_1_5)
ec_147:g_1_1_2_3_4_3 OR m_4_1_3_1_2_2 OR m_6_1_2_3_2
ec_148:(~g_1_1_3_1) OR g_4_3_1_3_1_2 OR m_2_2_2_1_2
ec_149:g_4_2_1_1_2_3_2 OR g_5_1_1_3_1_5 OR o_2_1_2_1_3_1
ec_150:(~m_2_2_5) OR m_3_1_5_1 OR m_4_1_4_2_1
ec_151:(~g_2_1_3_1_2_2) OR g_4_3_1_1_3 OR m_5_1_1_2_1_4
ec_152:(~g_1_1_3_4_1_2_2) OR (~g_4_3_1_1_1) OR g_6_1_3_3_1_1_1
ec_153:g_3_1_5 OR (~g_5_1_1_4_1_1_5) OR g_5_1_2_1_4_2
ec_154:g_3_1_3_3_1_2 OR (~m_4_3_3_3_2) OR (~o_2_2_6)
ec_155:g_6_1_3_3_2_1_3 OR (~g_6_2_2_1_2) OR (~m_2_1_4_1_2_2)
ec_156:(~g_2_1_2_2_1_1_1_2) OR (~g_2_1_3_1_2_2) OR g_6_2_1_3_1_1
ec_157:g_3_1_1_1_2_1 OR g_6_2_2_1_3 OR (~m_1_1_1_5_2_2)
ec_158:(~g_4_3_1_1_2) OR g_6_2_2_3_2_6 OR m_2_1_4_1_2_2
ec_159:g_1_1_2_2_3_5 OR m_5_1_1_2_1_4 OR o_4_1_2
ec_160:g_4_3_1_1_3 OR g_6_2_2_3_2_6 OR (~o_2_1_2_1_3_1)
ec_161:(~g_4_3_1_1_3) OR m_5_1 OR (~m_6_2_2_3)
ec_162:(~g_1_1_2_3_4_3) OR m_3_1_2_3_1 OR o_2_2_6_2
ec_163:(~g_3_2_1_1_1_1) OR (~g_6_2_2_1_2) OR (~o_1_1_1_3_2_1)
ec_164:g_6_2_2_3_2_4 OR (~o_1_1_1_4_1_5) OR (~o_4_1_3)
ec_165:(~g_4_2_1_1_1_3) OR (~g_4_3_1_1_1) OR o_3_1_5_1_4_2
ec_166:(~g_6_2_1_3_1_2) OR (~m_5_1_1_2_1_4) OR (~o_1_1_2_4_3_1)
ec_167:m_3_1_6_1_3_1 OR (~m_5_1_1_2_1_1) OR (~m_6_2_2_2_1)
ec_168:(~g_1_1_1_1_2) OR g_5_1_2_1_3_2 OR o_4_3_2_1
ec_169:g_1_1_2_3_4_4 OR (~g_1_1_3_4_1_2_4) OR (~m_2_1_2_3_2)
ec_170:g_5_1_1_4_2_6_6 OR m_6_1_2_3_2 OR o_2_2_6
ec_171:g_2_2_4_2_1_1_2 OR (~m_3_1_4_2_1) OR (~o_6_1_2_3)
ec_172:g_1_1_1_1_2 OR m_6_2_2_2_1 OR (~o_2_2_6_3_1)
ec_173:g_3_1_1 OR (~m_4_1_3_1_2_2) OR m_5_1
ec_174:g_3_1_1_3_1_3 OR m_5_1 OR m_5_1_1_2_4_3_1
ec_175:g_1_1_1_2_2_1_2 OR g_3_1_1_1_2_1 OR g_4_3_3_2_3_1
ec_176:(~g_4_3_2_3_1_4) OR g_5_1_2_1_4_2 OR m_3_1_6_1_3_1
ec_177:g_3_1_5 OR (~m_3_2) OR m_6_1_2_2_2
ec_178:(~m_1_1_2_4_5_2) OR m_4_1_4_2_1 OR (~o_2_2_1_1_1)
ec_179:(~g_2_2_6_4_2) OR (~g_4_1_3_1_1_1) OR (~g_5_1_1_4_1_1_2)
ec_180:g_4_3_3_2_3_1 OR (~m_2_2_2_1_3) OR m_4_3_3_3_1
ec_181:(~g_1_1_1_5_2_1_2) OR (~g_4_3_2_3_1_2) OR g_6_2_2_3_2_5
ec_182:(~g_3_1_3_4_1_1) OR (~m_6_1_2_3_4) OR (~o_3_1_4_3)
ec_183:(~g_1_1_2_2_3_5) OR (~m_2_1_4_1_2_2) OR (~o_4_3_4_1_4)
ec_184:g_4_1_2_3_1_1 OR (~g_4_3_2_3_1_2) OR m_3_1_5_1
ec_185:(~g_6_2_2_1_4) OR m_5_1_1_2_1_4 OR o_5_1_1_2_4_2_1
ec_186:g_4_3_3_2_3_1 OR m_3_1_5_1 OR (~m_4_1_3_1_2_2)
ec_187:g_5_1_1_3_1_3 OR g_5_1_1_3_1_5 OR m_6_1_3_2_1
ec_188:g_3_1_4_1_4_2 OR (~m_3_1_6_1_3_1) OR (~o_1_1_1_2_3)
ec_189:g_6_1_1_3_1 OR o_2 OR (~o_5_1_1_2_4_2_1)
ec_190:(~g_3_1_2_4_1_5) OR m_3_1_6_1_3_1 OR o_6_2_2_5
ec_191:(~g_1_1_1_2_2_1_2) OR g_3_1_2_4_1_2 OR (~g_5_1_1_3_1_5)
ec_192:(~g_6_1_3_3_1_1_1) OR (~m_5_1_1_2_1_4) OR m_6_2_1_2
ec_193:(~m_2_1_2_3_2) OR (~m_5_1_1_3_2_1) OR o_2_2_6_3_1
ec_194:g_2_2_6_4_2 OR (~g_4_1_4_4) OR (~m_6_2_2_2)
ec_195:(~g_2_1_2_1_1) OR g_3_1_1_2_1 OR o_2_1_3_2
ec_196:(~g_4_3_1_1_3) OR (~m_1_1_3_1_2) OR o_5_1_2_1
ec_197:(~g_2_1_3_5_2) OR g_3_1_1_2_1 OR g_5_1_1_3_1_3
ec_198:m_2_1_2_3_2 OR (~o_1_1_3_3_1_1) OR o_6_2_1_1_1
ec_199:g_3_1_3_4_1_1 OR (~g_4_3) OR (~g_6_1_1_3_2)
ec_200:g_5_1_1_3_1_2_1_1 OR (~m_4_1_6_3) OR o_1_1_3_2_5
</constraints>
</feature_model>
<!--
FEATURE MODEL STATISTICS ************************************
Model name.: 3-sat-fm-1000-20-8
tree depth.: 8
#root......: 1
#opt.......: 264
#man.......: 260
#grouped...: 475
#grouped [1,1]: 243
#grouped [1,n]: 232
#fgrp [1,1]: 62 (exclusive-OR)
#fgrp [1,N]: 62 (inclusive-OR)
#total features: 1000
#total nodes: 1124
ECR [0-1]..........: 0.199
CNF CLAUSES: Feature Tree 
  Total Variables: 1000
  Total Literals.: 2083
  Total Clauses..: 1822
  Clause density.: 1.822
  Clause arity...: 
  - 1 ..........: 0 (0.0%)
  - 2 ..........: 1698 (93.19429198682766%)
  - 3 ..........: 36 (1.9758507135016465%)
  - > 3 ........: 88 (4.829857299670691%)
CNF CLAUSES: Extra Constraints 
  Total Variables: 199
  Total Literals.: 325
  Total Clauses..: 200
  Clause density.: 1.0050251
  Clause arity...: 
  - 1 ..........: 0 (0.0%)
  - 2 ..........: 0 (0.0%)
  - 3 ..........: 200 (100.0%)
  - > 3 ........: 0 (0.0%)
CNF CLAUSES: Entire Feature Model
  Total Variables: 1000
  Total Literals.: 2105
  Total Clauses..: 2022
  Clause density.: 2.022
  Clause arity...: 
  - 1 ..........: 0 (0.0%)
  - 2 ..........: 1698 (83.97626112759644%)
  - 3 ..........: 236 (11.671612265084075%)
  - > 3 ........: 88 (4.3521266073194855%)
*************************************************************
-->
