<feature_model name="3-sat-fm-1000-20-3">
<meta>
<data name="description">Automatically-generated model</data>
<data name="creator">Automatically-generated model</data>
<data name="email">marcilio dot mendonca at gmail dot com</data>
<data name="date">May 2009</data>
<data name="department">SPLOT Project</data>
<data name="organization">University of Waterloo</data>
<data name="address">200 University Ave. West, Waterloo, ON, Canada</data>
<data name="phone"></data>
<data name="website">http://www.splot-research.org/</data>
<data name="reference">http://www.splot-research.org/</data>
</meta>
<feature_tree>
:r R(R)
	:m m_1(m_1)
		:m m_1_1(m_1_1)
			:m m_1_1_1(m_1_1_1)
				:o o_1_1_1_1(o_1_1_1_1)
					:m m_1_1_1_1_1(m_1_1_1_1_1)
					:m m_1_1_1_1_2(m_1_1_1_1_2)
					:g _Gi__1_1_1_1_3(_Gi__1_1_1_1_3) [1,*] 
						: g_1_1_1_1_3_1(g_1_1_1_1_3_1)
						: g_1_1_1_1_3_2(g_1_1_1_1_3_2)
						: g_1_1_1_1_3_3(g_1_1_1_1_3_3)
			:o o_1_1_2(o_1_1_2)
				:m m_1_1_2_1(m_1_1_2_1)
					:o o_1_1_2_1_1(o_1_1_2_1_1)
					:m m_1_1_2_1_2(m_1_1_2_1_2)
				:o o_1_1_2_2(o_1_1_2_2)
					:m m_1_1_2_2_1(m_1_1_2_2_1)
					:g _Ge__1_1_2_2_2(_Ge__1_1_2_2_2) [1,1] 
						: g_1_1_2_2_2_1(g_1_1_2_2_2_1)
						: g_1_1_2_2_2_2(g_1_1_2_2_2_2)
					:o o_1_1_2_2_3(o_1_1_2_2_3)
					:m m_1_1_2_2_4(m_1_1_2_2_4)
					:m m_1_1_2_2_5(m_1_1_2_2_5)
				:m m_1_1_2_3(m_1_1_2_3)
					:o o_1_1_2_3_1(o_1_1_2_3_1)
					:o o_1_1_2_3_2(o_1_1_2_3_2)
					:o o_1_1_2_3_3(o_1_1_2_3_3)
					:m m_1_1_2_3_4(m_1_1_2_3_4)
					:g _Gi__1_1_2_3_5(_Gi__1_1_2_3_5) [1,*] 
						: g_1_1_2_3_5_1(g_1_1_2_3_5_1)
						: g_1_1_2_3_5_2(g_1_1_2_3_5_2)
					:m m_1_1_2_3_6(m_1_1_2_3_6)
				:o o_1_1_2_4(o_1_1_2_4)
					:o o_1_1_2_4_1(o_1_1_2_4_1)
					:o o_1_1_2_4_2(o_1_1_2_4_2)
				:o o_1_1_2_5(o_1_1_2_5)
					:m m_1_1_2_5_1(m_1_1_2_5_1)
					:g _Gi__1_1_2_5_2(_Gi__1_1_2_5_2) [1,*] 
						: g_1_1_2_5_2_1(g_1_1_2_5_2_1)
						: g_1_1_2_5_2_2(g_1_1_2_5_2_2)
					:g _Gi__1_1_2_5_3(_Gi__1_1_2_5_3) [1,*] 
						: g_1_1_2_5_3_1(g_1_1_2_5_3_1)
						: g_1_1_2_5_3_2(g_1_1_2_5_3_2)
					:o o_1_1_2_5_4(o_1_1_2_5_4)
					:m m_1_1_2_5_5(m_1_1_2_5_5)
				:m m_1_1_2_6(m_1_1_2_6)
					:m m_1_1_2_6_1(m_1_1_2_6_1)
					:m m_1_1_2_6_2(m_1_1_2_6_2)
					:o o_1_1_2_6_3(o_1_1_2_6_3)
					:g _Gi__1_1_2_6_4(_Gi__1_1_2_6_4) [1,*] 
						: g_1_1_2_6_4_1(g_1_1_2_6_4_1)
						: g_1_1_2_6_4_2(g_1_1_2_6_4_2)
						: g_1_1_2_6_4_3(g_1_1_2_6_4_3)
						: g_1_1_2_6_4_4(g_1_1_2_6_4_4)
						: g_1_1_2_6_4_5(g_1_1_2_6_4_5)
						: g_1_1_2_6_4_6(g_1_1_2_6_4_6)
					:g _Ge__1_1_2_6_5(_Ge__1_1_2_6_5) [1,1] 
						: g_1_1_2_6_5_1(g_1_1_2_6_5_1)
						: g_1_1_2_6_5_2(g_1_1_2_6_5_2)
						: g_1_1_2_6_5_3(g_1_1_2_6_5_3)
						: g_1_1_2_6_5_4(g_1_1_2_6_5_4)
			:g _Ge__1_1_3(_Ge__1_1_3) [1,1] 
				: g_1_1_3_1(g_1_1_3_1)
					:o o_1_1_3_1_1(o_1_1_3_1_1)
						:o o_1_1_3_1_1_1(o_1_1_3_1_1_1)
					:m m_1_1_3_1_2(m_1_1_3_1_2)
						:o o_1_1_3_1_2_1(o_1_1_3_1_2_1)
					:o o_1_1_3_1_3(o_1_1_3_1_3)
						:m m_1_1_3_1_3_1(m_1_1_3_1_3_1)
						:o o_1_1_3_1_3_2(o_1_1_3_1_3_2)
						:m m_1_1_3_1_3_3(m_1_1_3_1_3_3)
				: g_1_1_3_2(g_1_1_3_2)
					:o o_1_1_3_2_1(o_1_1_3_2_1)
						:o o_1_1_3_2_1_1(o_1_1_3_2_1_1)
						:m m_1_1_3_2_1_2(m_1_1_3_2_1_2)
						:m m_1_1_3_2_1_3(m_1_1_3_2_1_3)
						:o o_1_1_3_2_1_4(o_1_1_3_2_1_4)
					:g _Ge__1_1_3_2_2(_Ge__1_1_3_2_2) [1,1] 
						: g_1_1_3_2_2_1(g_1_1_3_2_2_1)
							:g _Ge__1_1_3_2_2_1_1(_Ge__1_1_3_2_2_1_1) [1,1] 
								: g_1_1_3_2_2_1_1_1(g_1_1_3_2_2_1_1_1)
								: g_1_1_3_2_2_1_1_2(g_1_1_3_2_2_1_1_2)
								: g_1_1_3_2_2_1_1_3(g_1_1_3_2_2_1_1_3)
								: g_1_1_3_2_2_1_1_4(g_1_1_3_2_2_1_1_4)
								: g_1_1_3_2_2_1_1_5(g_1_1_3_2_2_1_1_5)
						: g_1_1_3_2_2_2(g_1_1_3_2_2_2)
							:o o_1_1_3_2_2_2_1(o_1_1_3_2_2_2_1)
					:o o_1_1_3_2_3(o_1_1_3_2_3)
						:g _Ge__1_1_3_2_3_1(_Ge__1_1_3_2_3_1) [1,1] 
							: g_1_1_3_2_3_1_1(g_1_1_3_2_3_1_1)
							: g_1_1_3_2_3_1_2(g_1_1_3_2_3_1_2)
							: g_1_1_3_2_3_1_3(g_1_1_3_2_3_1_3)
							: g_1_1_3_2_3_1_4(g_1_1_3_2_3_1_4)
							: g_1_1_3_2_3_1_5(g_1_1_3_2_3_1_5)
				: g_1_1_3_3(g_1_1_3_3)
					:m m_1_1_3_3_1(m_1_1_3_3_1)
						:m m_1_1_3_3_1_1(m_1_1_3_3_1_1)
						:o o_1_1_3_3_1_2(o_1_1_3_3_1_2)
					:m m_1_1_3_3_2(m_1_1_3_3_2)
						:o o_1_1_3_3_2_1(o_1_1_3_3_2_1)
					:o o_1_1_3_3_3(o_1_1_3_3_3)
						:o o_1_1_3_3_3_1(o_1_1_3_3_3_1)
					:o o_1_1_3_3_4(o_1_1_3_3_4)
						:m m_1_1_3_3_4_1(m_1_1_3_3_4_1)
					:o o_1_1_3_3_5(o_1_1_3_3_5)
						:o o_1_1_3_3_5_1(o_1_1_3_3_5_1)
					:o o_1_1_3_3_6(o_1_1_3_3_6)
						:g _Ge__1_1_3_3_6_1(_Ge__1_1_3_3_6_1) [1,1] 
							: g_1_1_3_3_6_1_1(g_1_1_3_3_6_1_1)
							: g_1_1_3_3_6_1_2(g_1_1_3_3_6_1_2)
							: g_1_1_3_3_6_1_3(g_1_1_3_3_6_1_3)
							: g_1_1_3_3_6_1_4(g_1_1_3_3_6_1_4)
							: g_1_1_3_3_6_1_5(g_1_1_3_3_6_1_5)
			:o o_1_1_4(o_1_1_4)
				:o o_1_1_4_1(o_1_1_4_1)
					:m m_1_1_4_1_1(m_1_1_4_1_1)
				:m m_1_1_4_2(m_1_1_4_2)
					:g _Ge__1_1_4_2_1(_Ge__1_1_4_2_1) [1,1] 
						: g_1_1_4_2_1_1(g_1_1_4_2_1_1)
						: g_1_1_4_2_1_2(g_1_1_4_2_1_2)
				:o o_1_1_4_3(o_1_1_4_3)
					:m m_1_1_4_3_1(m_1_1_4_3_1)
					:m m_1_1_4_3_2(m_1_1_4_3_2)
					:o o_1_1_4_3_3(o_1_1_4_3_3)
	:o o_2(o_2)
		:o o_2_1(o_2_1)
			:m m_2_1_1(m_2_1_1)
				:m m_2_1_1_1(m_2_1_1_1)
				:o o_2_1_1_2(o_2_1_1_2)
				:m m_2_1_1_3(m_2_1_1_3)
				:o o_2_1_1_4(o_2_1_1_4)
				:o o_2_1_1_5(o_2_1_1_5)
			:o o_2_1_2(o_2_1_2)
				:o o_2_1_2_1(o_2_1_2_1)
					:m m_2_1_2_1_1(m_2_1_2_1_1)
				:g _Gi__2_1_2_2(_Gi__2_1_2_2) [1,*] 
					: g_2_1_2_2_1(g_2_1_2_2_1)
					: g_2_1_2_2_2(g_2_1_2_2_2)
					: g_2_1_2_2_3(g_2_1_2_2_3)
					: g_2_1_2_2_4(g_2_1_2_2_4)
					: g_2_1_2_2_5(g_2_1_2_2_5)
					: g_2_1_2_2_6(g_2_1_2_2_6)
				:m m_2_1_2_3(m_2_1_2_3)
				:g _Ge__2_1_2_4(_Ge__2_1_2_4) [1,1] 
					: g_2_1_2_4_1(g_2_1_2_4_1)
					: g_2_1_2_4_2(g_2_1_2_4_2)
			:m m_2_1_3(m_2_1_3)
				:m m_2_1_3_1(m_2_1_3_1)
					:m m_2_1_3_1_1(m_2_1_3_1_1)
				:m m_2_1_3_2(m_2_1_3_2)
					:o o_2_1_3_2_1(o_2_1_3_2_1)
				:o o_2_1_3_3(o_2_1_3_3)
			:g _Gi__2_1_4(_Gi__2_1_4) [1,*] 
				: g_2_1_4_1(g_2_1_4_1)
					:m m_2_1_4_1_1(m_2_1_4_1_1)
				: g_2_1_4_2(g_2_1_4_2)
					:m m_2_1_4_2_1(m_2_1_4_2_1)
				: g_2_1_4_3(g_2_1_4_3)
					:o o_2_1_4_3_1(o_2_1_4_3_1)
			:m m_2_1_5(m_2_1_5)
				:m m_2_1_5_1(m_2_1_5_1)
					:m m_2_1_5_1_1(m_2_1_5_1_1)
				:g _Ge__2_1_5_2(_Ge__2_1_5_2) [1,1] 
					: g_2_1_5_2_1(g_2_1_5_2_1)
					: g_2_1_5_2_2(g_2_1_5_2_2)
		:o o_2_2(o_2_2)
			:o o_2_2_1(o_2_2_1)
				:o o_2_2_1_1(o_2_2_1_1)
				:m m_2_2_1_2(m_2_2_1_2)
				:m m_2_2_1_3(m_2_2_1_3)
				:o o_2_2_1_4(o_2_2_1_4)
			:o o_2_2_2(o_2_2_2)
				:m m_2_2_2_1(m_2_2_2_1)
					:o o_2_2_2_1_1(o_2_2_2_1_1)
				:g _Gi__2_2_2_2(_Gi__2_2_2_2) [1,*] 
					: g_2_2_2_2_1(g_2_2_2_2_1)
					: g_2_2_2_2_2(g_2_2_2_2_2)
					: g_2_2_2_2_3(g_2_2_2_2_3)
					: g_2_2_2_2_4(g_2_2_2_2_4)
			:m m_2_2_3(m_2_2_3)
				:g _Ge__2_2_3_1(_Ge__2_2_3_1) [1,1] 
					: g_2_2_3_1_1(g_2_2_3_1_1)
					: g_2_2_3_1_2(g_2_2_3_1_2)
					: g_2_2_3_1_3(g_2_2_3_1_3)
					: g_2_2_3_1_4(g_2_2_3_1_4)
				:o o_2_2_3_2(o_2_2_3_2)
					:o o_2_2_3_2_1(o_2_2_3_2_1)
				:o o_2_2_3_3(o_2_2_3_3)
			:o o_2_2_4(o_2_2_4)
				:m m_2_2_4_1(m_2_2_4_1)
					:m m_2_2_4_1_1(m_2_2_4_1_1)
					:m m_2_2_4_1_2(m_2_2_4_1_2)
			:g _Ge__2_2_5(_Ge__2_2_5) [1,1] 
				: g_2_2_5_1(g_2_2_5_1)
					:o o_2_2_5_1_1(o_2_2_5_1_1)
				: g_2_2_5_2(g_2_2_5_2)
					:m m_2_2_5_2_1(m_2_2_5_2_1)
			:o o_2_2_6(o_2_2_6)
				:m m_2_2_6_1(m_2_2_6_1)
				:o o_2_2_6_2(o_2_2_6_2)
				:g _Ge__2_2_6_3(_Ge__2_2_6_3) [1,1] 
					: g_2_2_6_3_1(g_2_2_6_3_1)
					: g_2_2_6_3_2(g_2_2_6_3_2)
					: g_2_2_6_3_3(g_2_2_6_3_3)
		:m m_2_3(m_2_3)
			:m m_2_3_1(m_2_3_1)
				:m m_2_3_1_1(m_2_3_1_1)
					:o o_2_3_1_1_1(o_2_3_1_1_1)
					:m m_2_3_1_1_2(m_2_3_1_1_2)
				:o o_2_3_1_2(o_2_3_1_2)
					:o o_2_3_1_2_1(o_2_3_1_2_1)
				:m m_2_3_1_3(m_2_3_1_3)
					:m m_2_3_1_3_1(m_2_3_1_3_1)
			:o o_2_3_2(o_2_3_2)
				:o o_2_3_2_1(o_2_3_2_1)
					:o o_2_3_2_1_1(o_2_3_2_1_1)
				:o o_2_3_2_2(o_2_3_2_2)
					:o o_2_3_2_2_1(o_2_3_2_2_1)
				:o o_2_3_2_3(o_2_3_2_3)
					:o o_2_3_2_3_1(o_2_3_2_3_1)
				:m m_2_3_2_4(m_2_3_2_4)
				:g _Ge__2_3_2_5(_Ge__2_3_2_5) [1,1] 
					: g_2_3_2_5_1(g_2_3_2_5_1)
					: g_2_3_2_5_2(g_2_3_2_5_2)
					: g_2_3_2_5_3(g_2_3_2_5_3)
					: g_2_3_2_5_4(g_2_3_2_5_4)
				:m m_2_3_2_6(m_2_3_2_6)
			:m m_2_3_3(m_2_3_3)
				:g _Ge__2_3_3_1(_Ge__2_3_3_1) [1,1] 
					: g_2_3_3_1_1(g_2_3_3_1_1)
						:o o_2_3_3_1_1_1(o_2_3_3_1_1_1)
					: g_2_3_3_1_2(g_2_3_3_1_2)
						:o o_2_3_3_1_2_1(o_2_3_3_1_2_1)
					: g_2_3_3_1_3(g_2_3_3_1_3)
						:m m_2_3_3_1_3_1(m_2_3_3_1_3_1)
					: g_2_3_3_1_4(g_2_3_3_1_4)
						:g _Gi__2_3_3_1_4_1(_Gi__2_3_3_1_4_1) [1,*] 
							: g_2_3_3_1_4_1_1(g_2_3_3_1_4_1_1)
							: g_2_3_3_1_4_1_2(g_2_3_3_1_4_1_2)
					: g_2_3_3_1_5(g_2_3_3_1_5)
						:m m_2_3_3_1_5_1(m_2_3_3_1_5_1)
					: g_2_3_3_1_6(g_2_3_3_1_6)
						:m m_2_3_3_1_6_1(m_2_3_3_1_6_1)
		:o o_2_4(o_2_4)
			:o o_2_4_1(o_2_4_1)
				:o o_2_4_1_1(o_2_4_1_1)
					:m m_2_4_1_1_1(m_2_4_1_1_1)
					:m m_2_4_1_1_2(m_2_4_1_1_2)
				:o o_2_4_1_2(o_2_4_1_2)
					:m m_2_4_1_2_1(m_2_4_1_2_1)
					:m m_2_4_1_2_2(m_2_4_1_2_2)
			:o o_2_4_2(o_2_4_2)
				:o o_2_4_2_1(o_2_4_2_1)
					:o o_2_4_2_1_1(o_2_4_2_1_1)
				:m m_2_4_2_2(m_2_4_2_2)
					:o o_2_4_2_2_1(o_2_4_2_2_1)
				:m m_2_4_2_3(m_2_4_2_3)
					:o o_2_4_2_3_1(o_2_4_2_3_1)
				:o o_2_4_2_4(o_2_4_2_4)
			:g _Ge__2_4_3(_Ge__2_4_3) [1,1] 
				: g_2_4_3_1(g_2_4_3_1)
					:o o_2_4_3_1_1(o_2_4_3_1_1)
					:g _Gi__2_4_3_1_2(_Gi__2_4_3_1_2) [1,*] 
						: g_2_4_3_1_2_1(g_2_4_3_1_2_1)
						: g_2_4_3_1_2_2(g_2_4_3_1_2_2)
						: g_2_4_3_1_2_3(g_2_4_3_1_2_3)
						: g_2_4_3_1_2_4(g_2_4_3_1_2_4)
						: g_2_4_3_1_2_5(g_2_4_3_1_2_5)
					:o o_2_4_3_1_3(o_2_4_3_1_3)
				: g_2_4_3_2(g_2_4_3_2)
					:m m_2_4_3_2_1(m_2_4_3_2_1)
					:g _Gi__2_4_3_2_2(_Gi__2_4_3_2_2) [1,*] 
						: g_2_4_3_2_2_1(g_2_4_3_2_2_1)
						: g_2_4_3_2_2_2(g_2_4_3_2_2_2)
					:g _Gi__2_4_3_2_3(_Gi__2_4_3_2_3) [1,*] 
						: g_2_4_3_2_3_1(g_2_4_3_2_3_1)
						: g_2_4_3_2_3_2(g_2_4_3_2_3_2)
						: g_2_4_3_2_3_3(g_2_4_3_2_3_3)
			:m m_2_4_4(m_2_4_4)
				:o o_2_4_4_1(o_2_4_4_1)
				:m m_2_4_4_2(m_2_4_4_2)
				:m m_2_4_4_3(m_2_4_4_3)
				:m m_2_4_4_4(m_2_4_4_4)
				:o o_2_4_4_5(o_2_4_4_5)
		:m m_2_5(m_2_5)
			:m m_2_5_1(m_2_5_1)
				:o o_2_5_1_1(o_2_5_1_1)
					:o o_2_5_1_1_1(o_2_5_1_1_1)
				:g _Ge__2_5_1_2(_Ge__2_5_1_2) [1,1] 
					: g_2_5_1_2_1(g_2_5_1_2_1)
					: g_2_5_1_2_2(g_2_5_1_2_2)
					: g_2_5_1_2_3(g_2_5_1_2_3)
				:m m_2_5_1_3(m_2_5_1_3)
			:o o_2_5_2(o_2_5_2)
				:m m_2_5_2_1(m_2_5_2_1)
					:o o_2_5_2_1_1(o_2_5_2_1_1)
					:o o_2_5_2_1_2(o_2_5_2_1_2)
					:g _Gi__2_5_2_1_3(_Gi__2_5_2_1_3) [1,*] 
						: g_2_5_2_1_3_1(g_2_5_2_1_3_1)
						: g_2_5_2_1_3_2(g_2_5_2_1_3_2)
			:o o_2_5_3(o_2_5_3)
				:o o_2_5_3_1(o_2_5_3_1)
				:m m_2_5_3_2(m_2_5_3_2)
				:m m_2_5_3_3(m_2_5_3_3)
			:o o_2_5_4(o_2_5_4)
				:o o_2_5_4_1(o_2_5_4_1)
					:m m_2_5_4_1_1(m_2_5_4_1_1)
				:g _Gi__2_5_4_2(_Gi__2_5_4_2) [1,*] 
					: g_2_5_4_2_1(g_2_5_4_2_1)
					: g_2_5_4_2_2(g_2_5_4_2_2)
					: g_2_5_4_2_3(g_2_5_4_2_3)
			:o o_2_5_5(o_2_5_5)
				:o o_2_5_5_1(o_2_5_5_1)
				:g _Gi__2_5_5_2(_Gi__2_5_5_2) [1,*] 
					: g_2_5_5_2_1(g_2_5_5_2_1)
					: g_2_5_5_2_2(g_2_5_5_2_2)
					: g_2_5_5_2_3(g_2_5_5_2_3)
					: g_2_5_5_2_4(g_2_5_5_2_4)
				:m m_2_5_5_3(m_2_5_5_3)
			:m m_2_5_6(m_2_5_6)
				:m m_2_5_6_1(m_2_5_6_1)
					:o o_2_5_6_1_1(o_2_5_6_1_1)
					:m m_2_5_6_1_2(m_2_5_6_1_2)
		:o o_2_6(o_2_6)
			:o o_2_6_1(o_2_6_1)
				:o o_2_6_1_1(o_2_6_1_1)
				:o o_2_6_1_2(o_2_6_1_2)
				:m m_2_6_1_3(m_2_6_1_3)
				:o o_2_6_1_4(o_2_6_1_4)
			:m m_2_6_2(m_2_6_2)
				:o o_2_6_2_1(o_2_6_2_1)
					:g _Ge__2_6_2_1_1(_Ge__2_6_2_1_1) [1,1] 
						: g_2_6_2_1_1_1(g_2_6_2_1_1_1)
						: g_2_6_2_1_1_2(g_2_6_2_1_1_2)
						: g_2_6_2_1_1_3(g_2_6_2_1_1_3)
						: g_2_6_2_1_1_4(g_2_6_2_1_1_4)
						: g_2_6_2_1_1_5(g_2_6_2_1_1_5)
						: g_2_6_2_1_1_6(g_2_6_2_1_1_6)
			:m m_2_6_3(m_2_6_3)
				:m m_2_6_3_1(m_2_6_3_1)
					:m m_2_6_3_1_1(m_2_6_3_1_1)
					:g _Ge__2_6_3_1_2(_Ge__2_6_3_1_2) [1,1] 
						: g_2_6_3_1_2_1(g_2_6_3_1_2_1)
						: g_2_6_3_1_2_2(g_2_6_3_1_2_2)
						: g_2_6_3_1_2_3(g_2_6_3_1_2_3)
						: g_2_6_3_1_2_4(g_2_6_3_1_2_4)
			:g _Ge__2_6_4(_Ge__2_6_4) [1,1] 
				: g_2_6_4_1(g_2_6_4_1)
					:o o_2_6_4_1_1(o_2_6_4_1_1)
				: g_2_6_4_2(g_2_6_4_2)
					:o o_2_6_4_2_1(o_2_6_4_2_1)
			:m m_2_6_5(m_2_6_5)
				:m m_2_6_5_1(m_2_6_5_1)
				:o o_2_6_5_2(o_2_6_5_2)
				:o o_2_6_5_3(o_2_6_5_3)
			:o o_2_6_6(o_2_6_6)
				:m m_2_6_6_1(m_2_6_6_1)
				:g _Gi__2_6_6_2(_Gi__2_6_6_2) [1,*] 
					: g_2_6_6_2_1(g_2_6_6_2_1)
					: g_2_6_6_2_2(g_2_6_6_2_2)
					: g_2_6_6_2_3(g_2_6_6_2_3)
					: g_2_6_6_2_4(g_2_6_6_2_4)
				:m m_2_6_6_3(m_2_6_6_3)
	:m m_3(m_3)
		:m m_3_1(m_3_1)
			:g _Ge__3_1_1(_Ge__3_1_1) [1,1] 
				: g_3_1_1_1(g_3_1_1_1)
					:m m_3_1_1_1_1(m_3_1_1_1_1)
					:o o_3_1_1_1_2(o_3_1_1_1_2)
					:m m_3_1_1_1_3(m_3_1_1_1_3)
				: g_3_1_1_2(g_3_1_1_2)
					:o o_3_1_1_2_1(o_3_1_1_2_1)
					:o o_3_1_1_2_2(o_3_1_1_2_2)
					:o o_3_1_1_2_3(o_3_1_1_2_3)
			:m m_3_1_2(m_3_1_2)
				:g _Ge__3_1_2_1(_Ge__3_1_2_1) [1,1] 
					: g_3_1_2_1_1(g_3_1_2_1_1)
						:o o_3_1_2_1_1_1(o_3_1_2_1_1_1)
					: g_3_1_2_1_2(g_3_1_2_1_2)
						:o o_3_1_2_1_2_1(o_3_1_2_1_2_1)
						:o o_3_1_2_1_2_2(o_3_1_2_1_2_2)
			:o o_3_1_3(o_3_1_3)
				:o o_3_1_3_1(o_3_1_3_1)
					:m m_3_1_3_1_1(m_3_1_3_1_1)
				:o o_3_1_3_2(o_3_1_3_2)
					:o o_3_1_3_2_1(o_3_1_3_2_1)
				:o o_3_1_3_3(o_3_1_3_3)
				:g _Gi__3_1_3_4(_Gi__3_1_3_4) [1,*] 
					: g_3_1_3_4_1(g_3_1_3_4_1)
					: g_3_1_3_4_2(g_3_1_3_4_2)
					: g_3_1_3_4_3(g_3_1_3_4_3)
				:m m_3_1_3_5(m_3_1_3_5)
			:g _Ge__3_1_4(_Ge__3_1_4) [1,1] 
				: g_3_1_4_1(g_3_1_4_1)
					:m m_3_1_4_1_1(m_3_1_4_1_1)
				: g_3_1_4_2(g_3_1_4_2)
					:o o_3_1_4_2_1(o_3_1_4_2_1)
				: g_3_1_4_3(g_3_1_4_3)
					:o o_3_1_4_3_1(o_3_1_4_3_1)
				: g_3_1_4_4(g_3_1_4_4)
					:o o_3_1_4_4_1(o_3_1_4_4_1)
				: g_3_1_4_5(g_3_1_4_5)
					:m m_3_1_4_5_1(m_3_1_4_5_1)
			:m m_3_1_5(m_3_1_5)
				:o o_3_1_5_1(o_3_1_5_1)
					:g _Gi__3_1_5_1_1(_Gi__3_1_5_1_1) [1,*] 
						: g_3_1_5_1_1_1(g_3_1_5_1_1_1)
						: g_3_1_5_1_1_2(g_3_1_5_1_1_2)
					:o o_3_1_5_1_2(o_3_1_5_1_2)
				:o o_3_1_5_2(o_3_1_5_2)
					:m m_3_1_5_2_1(m_3_1_5_2_1)
					:m m_3_1_5_2_2(m_3_1_5_2_2)
			:o o_3_1_6(o_3_1_6)
				:m m_3_1_6_1(m_3_1_6_1)
				:g _Gi__3_1_6_2(_Gi__3_1_6_2) [1,*] 
					: g_3_1_6_2_1(g_3_1_6_2_1)
					: g_3_1_6_2_2(g_3_1_6_2_2)
				:o o_3_1_6_3(o_3_1_6_3)
				:o o_3_1_6_4(o_3_1_6_4)
				:m m_3_1_6_5(m_3_1_6_5)
		:o o_3_2(o_3_2)
			:m m_3_2_1(m_3_2_1)
				:o o_3_2_1_1(o_3_2_1_1)
					:o o_3_2_1_1_1(o_3_2_1_1_1)
				:m m_3_2_1_2(m_3_2_1_2)
					:m m_3_2_1_2_1(m_3_2_1_2_1)
				:o o_3_2_1_3(o_3_2_1_3)
					:o o_3_2_1_3_1(o_3_2_1_3_1)
				:g _Ge__3_2_1_4(_Ge__3_2_1_4) [1,1] 
					: g_3_2_1_4_1(g_3_2_1_4_1)
					: g_3_2_1_4_2(g_3_2_1_4_2)
					: g_3_2_1_4_3(g_3_2_1_4_3)
					: g_3_2_1_4_4(g_3_2_1_4_4)
					: g_3_2_1_4_5(g_3_2_1_4_5)
					: g_3_2_1_4_6(g_3_2_1_4_6)
				:o o_3_2_1_5(o_3_2_1_5)
			:o o_3_2_2(o_3_2_2)
				:o o_3_2_2_1(o_3_2_2_1)
					:o o_3_2_2_1_1(o_3_2_2_1_1)
				:g _Gi__3_2_2_2(_Gi__3_2_2_2) [1,*] 
					: g_3_2_2_2_1(g_3_2_2_2_1)
					: g_3_2_2_2_2(g_3_2_2_2_2)
				:m m_3_2_2_3(m_3_2_2_3)
					:o o_3_2_2_3_1(o_3_2_2_3_1)
				:g _Ge__3_2_2_4(_Ge__3_2_2_4) [1,1] 
					: g_3_2_2_4_1(g_3_2_2_4_1)
					: g_3_2_2_4_2(g_3_2_2_4_2)
					: g_3_2_2_4_3(g_3_2_2_4_3)
				:g _Ge__3_2_2_5(_Ge__3_2_2_5) [1,1] 
					: g_3_2_2_5_1(g_3_2_2_5_1)
					: g_3_2_2_5_2(g_3_2_2_5_2)
			:m m_3_2_3(m_3_2_3)
				:g _Gi__3_2_3_1(_Gi__3_2_3_1) [1,*] 
					: g_3_2_3_1_1(g_3_2_3_1_1)
					: g_3_2_3_1_2(g_3_2_3_1_2)
					: g_3_2_3_1_3(g_3_2_3_1_3)
					: g_3_2_3_1_4(g_3_2_3_1_4)
					: g_3_2_3_1_5(g_3_2_3_1_5)
				:m m_3_2_3_2(m_3_2_3_2)
					:o o_3_2_3_2_1(o_3_2_3_2_1)
				:m m_3_2_3_3(m_3_2_3_3)
					:m m_3_2_3_3_1(m_3_2_3_3_1)
			:m m_3_2_4(m_3_2_4)
				:m m_3_2_4_1(m_3_2_4_1)
					:m m_3_2_4_1_1(m_3_2_4_1_1)
				:m m_3_2_4_2(m_3_2_4_2)
					:o o_3_2_4_2_1(o_3_2_4_2_1)
				:m m_3_2_4_3(m_3_2_4_3)
				:m m_3_2_4_4(m_3_2_4_4)
				:o o_3_2_4_5(o_3_2_4_5)
				:o o_3_2_4_6(o_3_2_4_6)
			:o o_3_2_5(o_3_2_5)
				:m m_3_2_5_1(m_3_2_5_1)
					:o o_3_2_5_1_1(o_3_2_5_1_1)
					:o o_3_2_5_1_2(o_3_2_5_1_2)
				:m m_3_2_5_2(m_3_2_5_2)
					:m m_3_2_5_2_1(m_3_2_5_2_1)
				:o o_3_2_5_3(o_3_2_5_3)
					:m m_3_2_5_3_1(m_3_2_5_3_1)
		:m m_3_3(m_3_3)
			:g _Gi__3_3_1(_Gi__3_3_1) [1,*] 
				: g_3_3_1_1(g_3_3_1_1)
					:o o_3_3_1_1_1(o_3_3_1_1_1)
						:o o_3_3_1_1_1_1(o_3_3_1_1_1_1)
						:o o_3_3_1_1_1_2(o_3_3_1_1_1_2)
					:m m_3_3_1_1_2(m_3_3_1_1_2)
						:g _Ge__3_3_1_1_2_1(_Ge__3_3_1_1_2_1) [1,1] 
							: g_3_3_1_1_2_1_1(g_3_3_1_1_2_1_1)
							: g_3_3_1_1_2_1_2(g_3_3_1_1_2_1_2)
							: g_3_3_1_1_2_1_3(g_3_3_1_1_2_1_3)
							: g_3_3_1_1_2_1_4(g_3_3_1_1_2_1_4)
				: g_3_3_1_2(g_3_3_1_2)
					:m m_3_3_1_2_1(m_3_3_1_2_1)
						:o o_3_3_1_2_1_1(o_3_3_1_2_1_1)
					:g _Gi__3_3_1_2_2(_Gi__3_3_1_2_2) [1,*] 
						: g_3_3_1_2_2_1(g_3_3_1_2_2_1)
						: g_3_3_1_2_2_2(g_3_3_1_2_2_2)
					:g _Ge__3_3_1_2_3(_Ge__3_3_1_2_3) [1,1] 
						: g_3_3_1_2_3_1(g_3_3_1_2_3_1)
						: g_3_3_1_2_3_2(g_3_3_1_2_3_2)
						: g_3_3_1_2_3_3(g_3_3_1_2_3_3)
						: g_3_3_1_2_3_4(g_3_3_1_2_3_4)
			:m m_3_3_2(m_3_3_2)
				:o o_3_3_2_1(o_3_3_2_1)
					:o o_3_3_2_1_1(o_3_3_2_1_1)
					:m m_3_3_2_1_2(m_3_3_2_1_2)
				:o o_3_3_2_2(o_3_3_2_2)
					:m m_3_3_2_2_1(m_3_3_2_2_1)
					:m m_3_3_2_2_2(m_3_3_2_2_2)
				:o o_3_3_2_3(o_3_3_2_3)
					:m m_3_3_2_3_1(m_3_3_2_3_1)
					:o o_3_3_2_3_2(o_3_3_2_3_2)
				:g _Gi__3_3_2_4(_Gi__3_3_2_4) [1,*] 
					: g_3_3_2_4_1(g_3_3_2_4_1)
					: g_3_3_2_4_2(g_3_3_2_4_2)
					: g_3_3_2_4_3(g_3_3_2_4_3)
					: g_3_3_2_4_4(g_3_3_2_4_4)
					: g_3_3_2_4_5(g_3_3_2_4_5)
			:o o_3_3_3(o_3_3_3)
				:o o_3_3_3_1(o_3_3_3_1)
					:o o_3_3_3_1_1(o_3_3_3_1_1)
				:m m_3_3_3_2(m_3_3_3_2)
				:g _Gi__3_3_3_3(_Gi__3_3_3_3) [1,*] 
					: g_3_3_3_3_1(g_3_3_3_3_1)
					: g_3_3_3_3_2(g_3_3_3_3_2)
				:m m_3_3_3_4(m_3_3_3_4)
		:m m_3_4(m_3_4)
			:o o_3_4_1(o_3_4_1)
				:m m_3_4_1_1(m_3_4_1_1)
				:o o_3_4_1_2(o_3_4_1_2)
				:o o_3_4_1_3(o_3_4_1_3)
				:g _Ge__3_4_1_4(_Ge__3_4_1_4) [1,1] 
					: g_3_4_1_4_1(g_3_4_1_4_1)
					: g_3_4_1_4_2(g_3_4_1_4_2)
				:m m_3_4_1_5(m_3_4_1_5)
			:g _Gi__3_4_2(_Gi__3_4_2) [1,*] 
				: g_3_4_2_1(g_3_4_2_1)
					:o o_3_4_2_1_1(o_3_4_2_1_1)
					:o o_3_4_2_1_2(o_3_4_2_1_2)
				: g_3_4_2_2(g_3_4_2_2)
					:o o_3_4_2_2_1(o_3_4_2_2_1)
					:o o_3_4_2_2_2(o_3_4_2_2_2)
				: g_3_4_2_3(g_3_4_2_3)
					:o o_3_4_2_3_1(o_3_4_2_3_1)
					:o o_3_4_2_3_2(o_3_4_2_3_2)
				: g_3_4_2_4(g_3_4_2_4)
					:m m_3_4_2_4_1(m_3_4_2_4_1)
			:o o_3_4_3(o_3_4_3)
				:m m_3_4_3_1(m_3_4_3_1)
				:o o_3_4_3_2(o_3_4_3_2)
				:o o_3_4_3_3(o_3_4_3_3)
				:o o_3_4_3_4(o_3_4_3_4)
			:o o_3_4_4(o_3_4_4)
				:m m_3_4_4_1(m_3_4_4_1)
				:o o_3_4_4_2(o_3_4_4_2)
				:g _Ge__3_4_4_3(_Ge__3_4_4_3) [1,1] 
					: g_3_4_4_3_1(g_3_4_4_3_1)
					: g_3_4_4_3_2(g_3_4_4_3_2)
					: g_3_4_4_3_3(g_3_4_4_3_3)
					: g_3_4_4_3_4(g_3_4_4_3_4)
					: g_3_4_4_3_5(g_3_4_4_3_5)
				:m m_3_4_4_4(m_3_4_4_4)
	:m m_4(m_4)
		:g _Gi__4_1(_Gi__4_1) [1,*] 
			: g_4_1_1(g_4_1_1)
				:m m_4_1_1_1(m_4_1_1_1)
				:o o_4_1_1_2(o_4_1_1_2)
				:m m_4_1_1_3(m_4_1_1_3)
				:o o_4_1_1_4(o_4_1_1_4)
				:o o_4_1_1_5(o_4_1_1_5)
			: g_4_1_2(g_4_1_2)
				:m m_4_1_2_1(m_4_1_2_1)
				:g _Ge__4_1_2_2(_Ge__4_1_2_2) [1,1] 
					: g_4_1_2_2_1(g_4_1_2_2_1)
					: g_4_1_2_2_2(g_4_1_2_2_2)
					: g_4_1_2_2_3(g_4_1_2_2_3)
					: g_4_1_2_2_4(g_4_1_2_2_4)
					: g_4_1_2_2_5(g_4_1_2_2_5)
				:o o_4_1_2_3(o_4_1_2_3)
				:o o_4_1_2_4(o_4_1_2_4)
				:m m_4_1_2_5(m_4_1_2_5)
			: g_4_1_3(g_4_1_3)
				:o o_4_1_3_1(o_4_1_3_1)
					:g _Gi__4_1_3_1_1(_Gi__4_1_3_1_1) [1,*] 
						: g_4_1_3_1_1_1(g_4_1_3_1_1_1)
						: g_4_1_3_1_1_2(g_4_1_3_1_1_2)
						: g_4_1_3_1_1_3(g_4_1_3_1_1_3)
						: g_4_1_3_1_1_4(g_4_1_3_1_1_4)
						: g_4_1_3_1_1_5(g_4_1_3_1_1_5)
				:g _Gi__4_1_3_2(_Gi__4_1_3_2) [1,*] 
					: g_4_1_3_2_1(g_4_1_3_2_1)
					: g_4_1_3_2_2(g_4_1_3_2_2)
					: g_4_1_3_2_3(g_4_1_3_2_3)
					: g_4_1_3_2_4(g_4_1_3_2_4)
					: g_4_1_3_2_5(g_4_1_3_2_5)
					: g_4_1_3_2_6(g_4_1_3_2_6)
				:g _Ge__4_1_3_3(_Ge__4_1_3_3) [1,1] 
					: g_4_1_3_3_1(g_4_1_3_3_1)
					: g_4_1_3_3_2(g_4_1_3_3_2)
					: g_4_1_3_3_3(g_4_1_3_3_3)
					: g_4_1_3_3_4(g_4_1_3_3_4)
			: g_4_1_4(g_4_1_4)
				:m m_4_1_4_1(m_4_1_4_1)
					:o o_4_1_4_1_1(o_4_1_4_1_1)
				:m m_4_1_4_2(m_4_1_4_2)
					:g _Ge__4_1_4_2_1(_Ge__4_1_4_2_1) [1,1] 
						: g_4_1_4_2_1_1(g_4_1_4_2_1_1)
						: g_4_1_4_2_1_2(g_4_1_4_2_1_2)
						: g_4_1_4_2_1_3(g_4_1_4_2_1_3)
						: g_4_1_4_2_1_4(g_4_1_4_2_1_4)
				:g _Gi__4_1_4_3(_Gi__4_1_4_3) [1,*] 
					: g_4_1_4_3_1(g_4_1_4_3_1)
					: g_4_1_4_3_2(g_4_1_4_3_2)
			: g_4_1_5(g_4_1_5)
				:m m_4_1_5_1(m_4_1_5_1)
					:m m_4_1_5_1_1(m_4_1_5_1_1)
				:m m_4_1_5_2(m_4_1_5_2)
					:o o_4_1_5_2_1(o_4_1_5_2_1)
				:o o_4_1_5_3(o_4_1_5_3)
				:m m_4_1_5_4(m_4_1_5_4)
			: g_4_1_6(g_4_1_6)
				:g _Ge__4_1_6_1(_Ge__4_1_6_1) [1,1] 
					: g_4_1_6_1_1(g_4_1_6_1_1)
					: g_4_1_6_1_2(g_4_1_6_1_2)
					: g_4_1_6_1_3(g_4_1_6_1_3)
					: g_4_1_6_1_4(g_4_1_6_1_4)
				:o o_4_1_6_2(o_4_1_6_2)
					:m m_4_1_6_2_1(m_4_1_6_2_1)
		:o o_4_2(o_4_2)
			:g _Ge__4_2_1(_Ge__4_2_1) [1,1] 
				: g_4_2_1_1(g_4_2_1_1)
					:m m_4_2_1_1_1(m_4_2_1_1_1)
					:m m_4_2_1_1_2(m_4_2_1_1_2)
					:o o_4_2_1_1_3(o_4_2_1_1_3)
					:g _Gi__4_2_1_1_4(_Gi__4_2_1_1_4) [1,*] 
						: g_4_2_1_1_4_1(g_4_2_1_1_4_1)
						: g_4_2_1_1_4_2(g_4_2_1_1_4_2)
						: g_4_2_1_1_4_3(g_4_2_1_1_4_3)
						: g_4_2_1_1_4_4(g_4_2_1_1_4_4)
						: g_4_2_1_1_4_5(g_4_2_1_1_4_5)
				: g_4_2_1_2(g_4_2_1_2)
					:o o_4_2_1_2_1(o_4_2_1_2_1)
					:m m_4_2_1_2_2(m_4_2_1_2_2)
					:m m_4_2_1_2_3(m_4_2_1_2_3)
					:o o_4_2_1_2_4(o_4_2_1_2_4)
					:g _Ge__4_2_1_2_5(_Ge__4_2_1_2_5) [1,1] 
						: g_4_2_1_2_5_1(g_4_2_1_2_5_1)
						: g_4_2_1_2_5_2(g_4_2_1_2_5_2)
				: g_4_2_1_3(g_4_2_1_3)
					:g _Gi__4_2_1_3_1(_Gi__4_2_1_3_1) [1,*] 
						: g_4_2_1_3_1_1(g_4_2_1_3_1_1)
						: g_4_2_1_3_1_2(g_4_2_1_3_1_2)
						: g_4_2_1_3_1_3(g_4_2_1_3_1_3)
					:m m_4_2_1_3_2(m_4_2_1_3_2)
					:o o_4_2_1_3_3(o_4_2_1_3_3)
			:m m_4_2_2(m_4_2_2)
				:m m_4_2_2_1(m_4_2_2_1)
				:m m_4_2_2_2(m_4_2_2_2)
				:g _Gi__4_2_2_3(_Gi__4_2_2_3) [1,*] 
					: g_4_2_2_3_1(g_4_2_2_3_1)
					: g_4_2_2_3_2(g_4_2_2_3_2)
					: g_4_2_2_3_3(g_4_2_2_3_3)
					: g_4_2_2_3_4(g_4_2_2_3_4)
					: g_4_2_2_3_5(g_4_2_2_3_5)
					: g_4_2_2_3_6(g_4_2_2_3_6)
		:g _Ge__4_3(_Ge__4_3) [1,1] 
			: g_4_3_1(g_4_3_1)
				:o o_4_3_1_1(o_4_3_1_1)
					:g _Ge__4_3_1_1_1(_Ge__4_3_1_1_1) [1,1] 
						: g_4_3_1_1_1_1(g_4_3_1_1_1_1)
						: g_4_3_1_1_1_2(g_4_3_1_1_1_2)
						: g_4_3_1_1_1_3(g_4_3_1_1_1_3)
					:m m_4_3_1_1_2(m_4_3_1_1_2)
				:m m_4_3_1_2(m_4_3_1_2)
					:m m_4_3_1_2_1(m_4_3_1_2_1)
					:o o_4_3_1_2_2(o_4_3_1_2_2)
				:m m_4_3_1_3(m_4_3_1_3)
					:m m_4_3_1_3_1(m_4_3_1_3_1)
					:m m_4_3_1_3_2(m_4_3_1_3_2)
				:m m_4_3_1_4(m_4_3_1_4)
					:g _Gi__4_3_1_4_1(_Gi__4_3_1_4_1) [1,*] 
						: g_4_3_1_4_1_1(g_4_3_1_4_1_1)
						: g_4_3_1_4_1_2(g_4_3_1_4_1_2)
						: g_4_3_1_4_1_3(g_4_3_1_4_1_3)
						: g_4_3_1_4_1_4(g_4_3_1_4_1_4)
					:m m_4_3_1_4_2(m_4_3_1_4_2)
				:g _Gi__4_3_1_5(_Gi__4_3_1_5) [1,*] 
					: g_4_3_1_5_1(g_4_3_1_5_1)
					: g_4_3_1_5_2(g_4_3_1_5_2)
					: g_4_3_1_5_3(g_4_3_1_5_3)
					: g_4_3_1_5_4(g_4_3_1_5_4)
			: g_4_3_2(g_4_3_2)
				:m m_4_3_2_1(m_4_3_2_1)
					:m m_4_3_2_1_1(m_4_3_2_1_1)
					:g _Ge__4_3_2_1_2(_Ge__4_3_2_1_2) [1,1] 
						: g_4_3_2_1_2_1(g_4_3_2_1_2_1)
						: g_4_3_2_1_2_2(g_4_3_2_1_2_2)
						: g_4_3_2_1_2_3(g_4_3_2_1_2_3)
						: g_4_3_2_1_2_4(g_4_3_2_1_2_4)
						: g_4_3_2_1_2_5(g_4_3_2_1_2_5)
						: g_4_3_2_1_2_6(g_4_3_2_1_2_6)
					:m m_4_3_2_1_3(m_4_3_2_1_3)
					:o o_4_3_2_1_4(o_4_3_2_1_4)
					:o o_4_3_2_1_5(o_4_3_2_1_5)
				:g _Ge__4_3_2_2(_Ge__4_3_2_2) [1,1] 
					: g_4_3_2_2_1(g_4_3_2_2_1)
					: g_4_3_2_2_2(g_4_3_2_2_2)
					: g_4_3_2_2_3(g_4_3_2_2_3)
					: g_4_3_2_2_4(g_4_3_2_2_4)
					: g_4_3_2_2_5(g_4_3_2_2_5)
					: g_4_3_2_2_6(g_4_3_2_2_6)
				:o o_4_3_2_3(o_4_3_2_3)
					:m m_4_3_2_3_1(m_4_3_2_3_1)
					:m m_4_3_2_3_2(m_4_3_2_3_2)
					:g _Ge__4_3_2_3_3(_Ge__4_3_2_3_3) [1,1] 
						: g_4_3_2_3_3_1(g_4_3_2_3_3_1)
						: g_4_3_2_3_3_2(g_4_3_2_3_3_2)
					:m m_4_3_2_3_4(m_4_3_2_3_4)
		:o o_4_4(o_4_4)
			:g _Ge__4_4_1(_Ge__4_4_1) [1,1] 
				: g_4_4_1_1(g_4_4_1_1)
					:o o_4_4_1_1_1(o_4_4_1_1_1)
				: g_4_4_1_2(g_4_4_1_2)
					:o o_4_4_1_2_1(o_4_4_1_2_1)
				: g_4_4_1_3(g_4_4_1_3)
					:o o_4_4_1_3_1(o_4_4_1_3_1)
				: g_4_4_1_4(g_4_4_1_4)
					:m m_4_4_1_4_1(m_4_4_1_4_1)
				: g_4_4_1_5(g_4_4_1_5)
					:o o_4_4_1_5_1(o_4_4_1_5_1)
			:m m_4_4_2(m_4_4_2)
				:m m_4_4_2_1(m_4_4_2_1)
				:m m_4_4_2_2(m_4_4_2_2)
				:m m_4_4_2_3(m_4_4_2_3)
				:m m_4_4_2_4(m_4_4_2_4)
				:o o_4_4_2_5(o_4_4_2_5)
				:o o_4_4_2_6(o_4_4_2_6)
			:g _Gi__4_4_3(_Gi__4_4_3) [1,*] 
				: g_4_4_3_1(g_4_4_3_1)
					:g _Gi__4_4_3_1_1(_Gi__4_4_3_1_1) [1,*] 
						: g_4_4_3_1_1_1(g_4_4_3_1_1_1)
						: g_4_4_3_1_1_2(g_4_4_3_1_1_2)
						: g_4_4_3_1_1_3(g_4_4_3_1_1_3)
					:m m_4_4_3_1_2(m_4_4_3_1_2)
				: g_4_4_3_2(g_4_4_3_2)
					:m m_4_4_3_2_1(m_4_4_3_2_1)
					:g _Gi__4_4_3_2_2(_Gi__4_4_3_2_2) [1,*] 
						: g_4_4_3_2_2_1(g_4_4_3_2_2_1)
						: g_4_4_3_2_2_2(g_4_4_3_2_2_2)
				: g_4_4_3_3(g_4_4_3_3)
					:o o_4_4_3_3_1(o_4_4_3_3_1)
					:g _Ge__4_4_3_3_2(_Ge__4_4_3_3_2) [1,1] 
						: g_4_4_3_3_2_1(g_4_4_3_3_2_1)
						: g_4_4_3_3_2_2(g_4_4_3_3_2_2)
			:o o_4_4_4(o_4_4_4)
				:m m_4_4_4_1(m_4_4_4_1)
				:g _Gi__4_4_4_2(_Gi__4_4_4_2) [1,*] 
					: g_4_4_4_2_1(g_4_4_4_2_1)
					: g_4_4_4_2_2(g_4_4_4_2_2)
					: g_4_4_4_2_3(g_4_4_4_2_3)
					: g_4_4_4_2_4(g_4_4_4_2_4)
					: g_4_4_4_2_5(g_4_4_4_2_5)
					: g_4_4_4_2_6(g_4_4_4_2_6)
		:m m_4_5(m_4_5)
			:m m_4_5_1(m_4_5_1)
				:m m_4_5_1_1(m_4_5_1_1)
			:m m_4_5_2(m_4_5_2)
				:o o_4_5_2_1(o_4_5_2_1)
				:m m_4_5_2_2(m_4_5_2_2)
				:m m_4_5_2_3(m_4_5_2_3)
				:m m_4_5_2_4(m_4_5_2_4)
				:m m_4_5_2_5(m_4_5_2_5)
				:o o_4_5_2_6(o_4_5_2_6)
			:m m_4_5_3(m_4_5_3)
				:o o_4_5_3_1(o_4_5_3_1)
			:m m_4_5_4(m_4_5_4)
				:m m_4_5_4_1(m_4_5_4_1)
				:o o_4_5_4_2(o_4_5_4_2)
				:o o_4_5_4_3(o_4_5_4_3)
				:o o_4_5_4_4(o_4_5_4_4)
				:o o_4_5_4_5(o_4_5_4_5)
	:g _Ge__5(_Ge__5) [1,1] 
		: g_5_1(g_5_1)
			:o o_5_1_1(o_5_1_1)
				:m m_5_1_1_1(m_5_1_1_1)
					:g _Ge__5_1_1_1_1(_Ge__5_1_1_1_1) [1,1] 
						: g_5_1_1_1_1_1(g_5_1_1_1_1_1)
						: g_5_1_1_1_1_2(g_5_1_1_1_1_2)
						: g_5_1_1_1_1_3(g_5_1_1_1_1_3)
					:m m_5_1_1_1_2(m_5_1_1_1_2)
					:m m_5_1_1_1_3(m_5_1_1_1_3)
					:o o_5_1_1_1_4(o_5_1_1_1_4)
				:o o_5_1_1_2(o_5_1_1_2)
					:m m_5_1_1_2_1(m_5_1_1_2_1)
					:m m_5_1_1_2_2(m_5_1_1_2_2)
					:m m_5_1_1_2_3(m_5_1_1_2_3)
					:g _Ge__5_1_1_2_4(_Ge__5_1_1_2_4) [1,1] 
						: g_5_1_1_2_4_1(g_5_1_1_2_4_1)
						: g_5_1_1_2_4_2(g_5_1_1_2_4_2)
				:m m_5_1_1_3(m_5_1_1_3)
					:m m_5_1_1_3_1(m_5_1_1_3_1)
					:o o_5_1_1_3_2(o_5_1_1_3_2)
					:o o_5_1_1_3_3(o_5_1_1_3_3)
				:m m_5_1_1_4(m_5_1_1_4)
					:o o_5_1_1_4_1(o_5_1_1_4_1)
					:o o_5_1_1_4_2(o_5_1_1_4_2)
				:o o_5_1_1_5(o_5_1_1_5)
					:o o_5_1_1_5_1(o_5_1_1_5_1)
					:o o_5_1_1_5_2(o_5_1_1_5_2)
					:g _Gi__5_1_1_5_3(_Gi__5_1_1_5_3) [1,*] 
						: g_5_1_1_5_3_1(g_5_1_1_5_3_1)
						: g_5_1_1_5_3_2(g_5_1_1_5_3_2)
						: g_5_1_1_5_3_3(g_5_1_1_5_3_3)
						: g_5_1_1_5_3_4(g_5_1_1_5_3_4)
						: g_5_1_1_5_3_5(g_5_1_1_5_3_5)
				:m m_5_1_1_6(m_5_1_1_6)
					:m m_5_1_1_6_1(m_5_1_1_6_1)
					:o o_5_1_1_6_2(o_5_1_1_6_2)
					:g _Gi__5_1_1_6_3(_Gi__5_1_1_6_3) [1,*] 
						: g_5_1_1_6_3_1(g_5_1_1_6_3_1)
						: g_5_1_1_6_3_2(g_5_1_1_6_3_2)
			:o o_5_1_2(o_5_1_2)
				:o o_5_1_2_1(o_5_1_2_1)
					:o o_5_1_2_1_1(o_5_1_2_1_1)
					:o o_5_1_2_1_2(o_5_1_2_1_2)
					:o o_5_1_2_1_3(o_5_1_2_1_3)
				:g _Ge__5_1_2_2(_Ge__5_1_2_2) [1,1] 
					: g_5_1_2_2_1(g_5_1_2_2_1)
						:o o_5_1_2_2_1_1(o_5_1_2_2_1_1)
					: g_5_1_2_2_2(g_5_1_2_2_2)
						:o o_5_1_2_2_2_1(o_5_1_2_2_2_1)
					: g_5_1_2_2_3(g_5_1_2_2_3)
						:m m_5_1_2_2_3_1(m_5_1_2_2_3_1)
					: g_5_1_2_2_4(g_5_1_2_2_4)
						:o o_5_1_2_2_4_1(o_5_1_2_2_4_1)
				:o o_5_1_2_3(o_5_1_2_3)
					:o o_5_1_2_3_1(o_5_1_2_3_1)
				:m m_5_1_2_4(m_5_1_2_4)
					:o o_5_1_2_4_1(o_5_1_2_4_1)
					:g _Gi__5_1_2_4_2(_Gi__5_1_2_4_2) [1,*] 
						: g_5_1_2_4_2_1(g_5_1_2_4_2_1)
						: g_5_1_2_4_2_2(g_5_1_2_4_2_2)
						: g_5_1_2_4_2_3(g_5_1_2_4_2_3)
						: g_5_1_2_4_2_4(g_5_1_2_4_2_4)
						: g_5_1_2_4_2_5(g_5_1_2_4_2_5)
						: g_5_1_2_4_2_6(g_5_1_2_4_2_6)
					:m m_5_1_2_4_3(m_5_1_2_4_3)
					:o o_5_1_2_4_4(o_5_1_2_4_4)
			:m m_5_1_3(m_5_1_3)
				:m m_5_1_3_1(m_5_1_3_1)
					:g _Ge__5_1_3_1_1(_Ge__5_1_3_1_1) [1,1] 
						: g_5_1_3_1_1_1(g_5_1_3_1_1_1)
						: g_5_1_3_1_1_2(g_5_1_3_1_1_2)
					:m m_5_1_3_1_2(m_5_1_3_1_2)
				:m m_5_1_3_2(m_5_1_3_2)
					:m m_5_1_3_2_1(m_5_1_3_2_1)
					:o o_5_1_3_2_2(o_5_1_3_2_2)
				:m m_5_1_3_3(m_5_1_3_3)
					:g _Gi__5_1_3_3_1(_Gi__5_1_3_3_1) [1,*] 
						: g_5_1_3_3_1_1(g_5_1_3_3_1_1)
						: g_5_1_3_3_1_2(g_5_1_3_3_1_2)
						: g_5_1_3_3_1_3(g_5_1_3_3_1_3)
						: g_5_1_3_3_1_4(g_5_1_3_3_1_4)
						: g_5_1_3_3_1_5(g_5_1_3_3_1_5)
						: g_5_1_3_3_1_6(g_5_1_3_3_1_6)
					:m m_5_1_3_3_2(m_5_1_3_3_2)
					:g _Ge__5_1_3_3_3(_Ge__5_1_3_3_3) [1,1] 
						: g_5_1_3_3_3_1(g_5_1_3_3_3_1)
						: g_5_1_3_3_3_2(g_5_1_3_3_3_2)
						: g_5_1_3_3_3_3(g_5_1_3_3_3_3)
						: g_5_1_3_3_3_4(g_5_1_3_3_3_4)
					:o o_5_1_3_3_4(o_5_1_3_3_4)
				:o o_5_1_3_4(o_5_1_3_4)
					:m m_5_1_3_4_1(m_5_1_3_4_1)
					:m m_5_1_3_4_2(m_5_1_3_4_2)
					:o o_5_1_3_4_3(o_5_1_3_4_3)
					:g _Gi__5_1_3_4_4(_Gi__5_1_3_4_4) [1,*] 
						: g_5_1_3_4_4_1(g_5_1_3_4_4_1)
						: g_5_1_3_4_4_2(g_5_1_3_4_4_2)
						: g_5_1_3_4_4_3(g_5_1_3_4_4_3)
				:m m_5_1_3_5(m_5_1_3_5)
					:o o_5_1_3_5_1(o_5_1_3_5_1)
					:o o_5_1_3_5_2(o_5_1_3_5_2)
					:m m_5_1_3_5_3(m_5_1_3_5_3)
					:m m_5_1_3_5_4(m_5_1_3_5_4)
		: g_5_2(g_5_2)
			:o o_5_2_1(o_5_2_1)
				:o o_5_2_1_1(o_5_2_1_1)
					:o o_5_2_1_1_1(o_5_2_1_1_1)
					:m m_5_2_1_1_2(m_5_2_1_1_2)
					:m m_5_2_1_1_3(m_5_2_1_1_3)
					:o o_5_2_1_1_4(o_5_2_1_1_4)
					:m m_5_2_1_1_5(m_5_2_1_1_5)
				:g _Ge__5_2_1_2(_Ge__5_2_1_2) [1,1] 
					: g_5_2_1_2_1(g_5_2_1_2_1)
					: g_5_2_1_2_2(g_5_2_1_2_2)
					: g_5_2_1_2_3(g_5_2_1_2_3)
					: g_5_2_1_2_4(g_5_2_1_2_4)
					: g_5_2_1_2_5(g_5_2_1_2_5)
					: g_5_2_1_2_6(g_5_2_1_2_6)
				:o o_5_2_1_3(o_5_2_1_3)
					:o o_5_2_1_3_1(o_5_2_1_3_1)
					:g _Ge__5_2_1_3_2(_Ge__5_2_1_3_2) [1,1] 
						: g_5_2_1_3_2_1(g_5_2_1_3_2_1)
						: g_5_2_1_3_2_2(g_5_2_1_3_2_2)
						: g_5_2_1_3_2_3(g_5_2_1_3_2_3)
						: g_5_2_1_3_2_4(g_5_2_1_3_2_4)
					:m m_5_2_1_3_3(m_5_2_1_3_3)
			:m m_5_2_2(m_5_2_2)
				:m m_5_2_2_1(m_5_2_2_1)
					:m m_5_2_2_1_1(m_5_2_2_1_1)
					:o o_5_2_2_1_2(o_5_2_2_1_2)
					:m m_5_2_2_1_3(m_5_2_2_1_3)
					:m m_5_2_2_1_4(m_5_2_2_1_4)
			:o o_5_2_3(o_5_2_3)
				:o o_5_2_3_1(o_5_2_3_1)
					:m m_5_2_3_1_1(m_5_2_3_1_1)
				:g _Gi__5_2_3_2(_Gi__5_2_3_2) [1,*] 
					: g_5_2_3_2_1(g_5_2_3_2_1)
						:o o_5_2_3_2_1_1(o_5_2_3_2_1_1)
					: g_5_2_3_2_2(g_5_2_3_2_2)
						:m m_5_2_3_2_2_1(m_5_2_3_2_2_1)
				:g _Ge__5_2_3_3(_Ge__5_2_3_3) [1,1] 
					: g_5_2_3_3_1(g_5_2_3_3_1)
					: g_5_2_3_3_2(g_5_2_3_3_2)
					: g_5_2_3_3_3(g_5_2_3_3_3)
				:g _Gi__5_2_3_4(_Gi__5_2_3_4) [1,*] 
					: g_5_2_3_4_1(g_5_2_3_4_1)
					: g_5_2_3_4_2(g_5_2_3_4_2)
					: g_5_2_3_4_3(g_5_2_3_4_3)
					: g_5_2_3_4_4(g_5_2_3_4_4)
					: g_5_2_3_4_5(g_5_2_3_4_5)
					: g_5_2_3_4_6(g_5_2_3_4_6)
				:o o_5_2_3_5(o_5_2_3_5)
					:o o_5_2_3_5_1(o_5_2_3_5_1)
					:o o_5_2_3_5_2(o_5_2_3_5_2)
			:o o_5_2_4(o_5_2_4)
				:o o_5_2_4_1(o_5_2_4_1)
					:m m_5_2_4_1_1(m_5_2_4_1_1)
					:m m_5_2_4_1_2(m_5_2_4_1_2)
				:o o_5_2_4_2(o_5_2_4_2)
					:m m_5_2_4_2_1(m_5_2_4_2_1)
					:m m_5_2_4_2_2(m_5_2_4_2_2)
				:m m_5_2_4_3(m_5_2_4_3)
					:g _Ge__5_2_4_3_1(_Ge__5_2_4_3_1) [1,1] 
						: g_5_2_4_3_1_1(g_5_2_4_3_1_1)
						: g_5_2_4_3_1_2(g_5_2_4_3_1_2)
						: g_5_2_4_3_1_3(g_5_2_4_3_1_3)
				:o o_5_2_4_4(o_5_2_4_4)
					:o o_5_2_4_4_1(o_5_2_4_4_1)
					:m m_5_2_4_4_2(m_5_2_4_4_2)
				:g _Ge__5_2_4_5(_Ge__5_2_4_5) [1,1] 
					: g_5_2_4_5_1(g_5_2_4_5_1)
					: g_5_2_4_5_2(g_5_2_4_5_2)
					: g_5_2_4_5_3(g_5_2_4_5_3)
					: g_5_2_4_5_4(g_5_2_4_5_4)
					: g_5_2_4_5_5(g_5_2_4_5_5)
			:g _Gi__5_2_5(_Gi__5_2_5) [1,*] 
				: g_5_2_5_1(g_5_2_5_1)
					:m m_5_2_5_1_1(m_5_2_5_1_1)
						:m m_5_2_5_1_1_1(m_5_2_5_1_1_1)
						:m m_5_2_5_1_1_2(m_5_2_5_1_1_2)
				: g_5_2_5_2(g_5_2_5_2)
					:m m_5_2_5_2_1(m_5_2_5_2_1)
					:g _Gi__5_2_5_2_2(_Gi__5_2_5_2_2) [1,*] 
						: g_5_2_5_2_2_1(g_5_2_5_2_2_1)
						: g_5_2_5_2_2_2(g_5_2_5_2_2_2)
						: g_5_2_5_2_2_3(g_5_2_5_2_2_3)
					:g _Ge__5_2_5_2_3(_Ge__5_2_5_2_3) [1,1] 
						: g_5_2_5_2_3_1(g_5_2_5_2_3_1)
						: g_5_2_5_2_3_2(g_5_2_5_2_3_2)
					:o o_5_2_5_2_4(o_5_2_5_2_4)
					:g _Gi__5_2_5_2_5(_Gi__5_2_5_2_5) [1,*] 
						: g_5_2_5_2_5_1(g_5_2_5_2_5_1)
						: g_5_2_5_2_5_2(g_5_2_5_2_5_2)
				: g_5_2_5_3(g_5_2_5_3)
					:g _Gi__5_2_5_3_1(_Gi__5_2_5_3_1) [1,*] 
						: g_5_2_5_3_1_1(g_5_2_5_3_1_1)
						: g_5_2_5_3_1_2(g_5_2_5_3_1_2)
						: g_5_2_5_3_1_3(g_5_2_5_3_1_3)
						: g_5_2_5_3_1_4(g_5_2_5_3_1_4)
						: g_5_2_5_3_1_5(g_5_2_5_3_1_5)
					:o o_5_2_5_3_2(o_5_2_5_3_2)
						:g _Gi__5_2_5_3_2_1(_Gi__5_2_5_3_2_1) [1,*] 
							: g_5_2_5_3_2_1_1(g_5_2_5_3_2_1_1)
							: g_5_2_5_3_2_1_2(g_5_2_5_3_2_1_2)
					:m m_5_2_5_3_3(m_5_2_5_3_3)
						:o o_5_2_5_3_3_1(o_5_2_5_3_3_1)
	:o o_6(o_6)
		:m m_6_1(m_6_1)
			:o o_6_1_1(o_6_1_1)
				:m m_6_1_1_1(m_6_1_1_1)
				:g _Ge__6_1_1_2(_Ge__6_1_1_2) [1,1] 
					: g_6_1_1_2_1(g_6_1_1_2_1)
					: g_6_1_1_2_2(g_6_1_1_2_2)
					: g_6_1_1_2_3(g_6_1_1_2_3)
					: g_6_1_1_2_4(g_6_1_1_2_4)
				:g _Ge__6_1_1_3(_Ge__6_1_1_3) [1,1] 
					: g_6_1_1_3_1(g_6_1_1_3_1)
					: g_6_1_1_3_2(g_6_1_1_3_2)
				:o o_6_1_1_4(o_6_1_1_4)
				:m m_6_1_1_5(m_6_1_1_5)
			:o o_6_1_2(o_6_1_2)
				:o o_6_1_2_1(o_6_1_2_1)
				:o o_6_1_2_2(o_6_1_2_2)
				:o o_6_1_2_3(o_6_1_2_3)
				:g _Ge__6_1_2_4(_Ge__6_1_2_4) [1,1] 
					: g_6_1_2_4_1(g_6_1_2_4_1)
					: g_6_1_2_4_2(g_6_1_2_4_2)
					: g_6_1_2_4_3(g_6_1_2_4_3)
					: g_6_1_2_4_4(g_6_1_2_4_4)
					: g_6_1_2_4_5(g_6_1_2_4_5)
					: g_6_1_2_4_6(g_6_1_2_4_6)
				:m m_6_1_2_5(m_6_1_2_5)
				:m m_6_1_2_6(m_6_1_2_6)
			:m m_6_1_3(m_6_1_3)
				:m m_6_1_3_1(m_6_1_3_1)
				:o o_6_1_3_2(o_6_1_3_2)
				:o o_6_1_3_3(o_6_1_3_3)
			:m m_6_1_4(m_6_1_4)
				:m m_6_1_4_1(m_6_1_4_1)
				:o o_6_1_4_2(o_6_1_4_2)
			:g _Ge__6_1_5(_Ge__6_1_5) [1,1] 
				: g_6_1_5_1(g_6_1_5_1)
				: g_6_1_5_2(g_6_1_5_2)
				: g_6_1_5_3(g_6_1_5_3)
				: g_6_1_5_4(g_6_1_5_4)
				: g_6_1_5_5(g_6_1_5_5)
				: g_6_1_5_6(g_6_1_5_6)
		:m m_6_2(m_6_2)
			:m m_6_2_1(m_6_2_1)
				:m m_6_2_1_1(m_6_2_1_1)
				:g _Ge__6_2_1_2(_Ge__6_2_1_2) [1,1] 
					: g_6_2_1_2_1(g_6_2_1_2_1)
					: g_6_2_1_2_2(g_6_2_1_2_2)
					: g_6_2_1_2_3(g_6_2_1_2_3)
					: g_6_2_1_2_4(g_6_2_1_2_4)
					: g_6_2_1_2_5(g_6_2_1_2_5)
					: g_6_2_1_2_6(g_6_2_1_2_6)
				:m m_6_2_1_3(m_6_2_1_3)
				:m m_6_2_1_4(m_6_2_1_4)
		:g _Ge__6_3(_Ge__6_3) [1,1] 
			: g_6_3_1(g_6_3_1)
				:g _Ge__6_3_1_1(_Ge__6_3_1_1) [1,1] 
					: g_6_3_1_1_1(g_6_3_1_1_1)
					: g_6_3_1_1_2(g_6_3_1_1_2)
					: g_6_3_1_1_3(g_6_3_1_1_3)
					: g_6_3_1_1_4(g_6_3_1_1_4)
				:g _Gi__6_3_1_2(_Gi__6_3_1_2) [1,*] 
					: g_6_3_1_2_1(g_6_3_1_2_1)
					: g_6_3_1_2_2(g_6_3_1_2_2)
				:o o_6_3_1_3(o_6_3_1_3)
					:m m_6_3_1_3_1(m_6_3_1_3_1)
			: g_6_3_2(g_6_3_2)
				:o o_6_3_2_1(o_6_3_2_1)
					:o o_6_3_2_1_1(o_6_3_2_1_1)
				:m m_6_3_2_2(m_6_3_2_2)
					:m m_6_3_2_2_1(m_6_3_2_2_1)
			: g_6_3_3(g_6_3_3)
				:m m_6_3_3_1(m_6_3_3_1)
					:o o_6_3_3_1_1(o_6_3_3_1_1)
				:o o_6_3_3_2(o_6_3_3_2)
					:g _Gi__6_3_3_2_1(_Gi__6_3_3_2_1) [1,*] 
						: g_6_3_3_2_1_1(g_6_3_3_2_1_1)
						: g_6_3_3_2_1_2(g_6_3_3_2_1_2)
				:o o_6_3_3_3(o_6_3_3_3)
				:o o_6_3_3_4(o_6_3_3_4)
			: g_6_3_4(g_6_3_4)
				:m m_6_3_4_1(m_6_3_4_1)
					:o o_6_3_4_1_1(o_6_3_4_1_1)
				:m m_6_3_4_2(m_6_3_4_2)
					:g _Ge__6_3_4_2_1(_Ge__6_3_4_2_1) [1,1] 
						: g_6_3_4_2_1_1(g_6_3_4_2_1_1)
						: g_6_3_4_2_1_2(g_6_3_4_2_1_2)
						: g_6_3_4_2_1_3(g_6_3_4_2_1_3)
						: g_6_3_4_2_1_4(g_6_3_4_2_1_4)
						: g_6_3_4_2_1_5(g_6_3_4_2_1_5)
				:m m_6_3_4_3(m_6_3_4_3)
				:m m_6_3_4_4(m_6_3_4_4)
			: g_6_3_5(g_6_3_5)
				:o o_6_3_5_1(o_6_3_5_1)
					:g _Ge__6_3_5_1_1(_Ge__6_3_5_1_1) [1,1] 
						: g_6_3_5_1_1_1(g_6_3_5_1_1_1)
						: g_6_3_5_1_1_2(g_6_3_5_1_1_2)
						: g_6_3_5_1_1_3(g_6_3_5_1_1_3)
						: g_6_3_5_1_1_4(g_6_3_5_1_1_4)
						: g_6_3_5_1_1_5(g_6_3_5_1_1_5)
						: g_6_3_5_1_1_6(g_6_3_5_1_1_6)
				:o o_6_3_5_2(o_6_3_5_2)
					:m m_6_3_5_2_1(m_6_3_5_2_1)
				:g _Ge__6_3_5_3(_Ge__6_3_5_3) [1,1] 
					: g_6_3_5_3_1(g_6_3_5_3_1)
					: g_6_3_5_3_2(g_6_3_5_3_2)
					: g_6_3_5_3_3(g_6_3_5_3_3)
					: g_6_3_5_3_4(g_6_3_5_3_4)
					: g_6_3_5_3_5(g_6_3_5_3_5)
			: g_6_3_6(g_6_3_6)
				:g _Gi__6_3_6_1(_Gi__6_3_6_1) [1,*] 
					: g_6_3_6_1_1(g_6_3_6_1_1)
					: g_6_3_6_1_2(g_6_3_6_1_2)
					: g_6_3_6_1_3(g_6_3_6_1_3)
					: g_6_3_6_1_4(g_6_3_6_1_4)
				:m m_6_3_6_2(m_6_3_6_2)
				:m m_6_3_6_3(m_6_3_6_3)
				:o o_6_3_6_4(o_6_3_6_4)
				:m m_6_3_6_5(m_6_3_6_5)
		:o o_6_4(o_6_4)
			:o o_6_4_1(o_6_4_1)
				:g _Ge__6_4_1_1(_Ge__6_4_1_1) [1,1] 
					: g_6_4_1_1_1(g_6_4_1_1_1)
					: g_6_4_1_1_2(g_6_4_1_1_2)
				:g _Gi__6_4_1_2(_Gi__6_4_1_2) [1,*] 
					: g_6_4_1_2_1(g_6_4_1_2_1)
					: g_6_4_1_2_2(g_6_4_1_2_2)
		:m m_6_5(m_6_5)
			:o o_6_5_1(o_6_5_1)
				:g _Ge__6_5_1_1(_Ge__6_5_1_1) [1,1] 
					: g_6_5_1_1_1(g_6_5_1_1_1)
					: g_6_5_1_1_2(g_6_5_1_1_2)
				:o o_6_5_1_2(o_6_5_1_2)
			:m m_6_5_2(m_6_5_2)
				:o o_6_5_2_1(o_6_5_2_1)
</feature_tree>
<constraints>
ec_1:(~g_2_3_2_5_1) OR (~m_4_5_2) OR o_4_1_5_3
ec_2:g_3_3_1_1_2_1_2 OR o_2_3_2_3 OR o_3_1_3_2
ec_3:(~m_2_5_5_3) OR (~m_3_4_1_1) OR (~o_2_2_1_1)
ec_4:g_2_1_5_2_2 OR g_4_1_4 OR (~m_3_1_4_5_1)
ec_5:g_1_1_3_1 OR (~g_6_3_1_1_1) OR o_2_1_3_3
ec_6:g_2_6_3_1_2_4 OR (~o_2_1_3_2_1) OR o_2_2_5_1_1
ec_7:g_2_1_4_2 OR o_1_1_2 OR (~o_1_1_3_2_1_4)
ec_8:(~g_2_1_2_2_4) OR m_3_2_5_2_1 OR (~o_5_2_3_1)
ec_9:g_6_1_2_4_4 OR g_6_3_5_3_5 OR (~m_4_5_2_2)
ec_10:(~g_2_2_6_3_3) OR g_2_4_3_2_3_2 OR (~g_6_1_5_4)
ec_11:g_4_4_3_2_2_1 OR m_3 OR o_1_1_4
ec_12:(~g_3_2_2_4_3) OR (~g_4_3_1_5_4) OR (~o_6_5_1_2)
ec_13:(~g_4_2_1_3_1_2) OR g_4_3_1_4_1_4 OR m_5_2_5_1_1_2
ec_14:(~g_3_2_2_5_1) OR (~g_4_4_3_3) OR (~g_6_4_1_2_2)
ec_15:g_5_2_1_3_2_1 OR (~g_6_3_4_2_1_4) OR o_3_4_2_3_2
ec_16:(~g_2_2_2_2_4) OR (~g_2_3_3_1_4_1_1) OR g_5_2_1_3_2_2
ec_17:g_3_3_1_2_3_4 OR m_1_1 OR o_2_5_2_1_1
ec_18:(~g_2_1_2_2_6) OR (~o_2_3_2_3_1) OR (~o_2_6_6)
ec_19:o_2_4 OR (~o_4_2_1_2_1) OR o_6_1_2_3
ec_20:g_1_1_2_6_4_4 OR g_2_3_3_1_1 OR g_3_1_4_4
ec_21:(~g_6_3_5_3_2) OR m_4_1_4_2 OR (~o_1_1_3_2_1)
ec_22:g_4_3_2_2_5 OR o_2_1_4_3_1 OR o_2_4_2_1
ec_23:g_4_4_4_2_6 OR (~m_3_2_3_2) OR (~m_6_1_1_5)
ec_24:g_3_3_1_1_2_1_1 OR g_3_4_1_4_1 OR g_4_2_2_3_1
ec_25:(~m_4_2_1_2_3) OR (~o_3_1_4_3_1) OR (~o_3_2_1_1_1)
ec_26:(~g_3_1_1_2) OR g_5_1_2_4_2_4 OR (~m_5_1_1_6)
ec_27:g_5_2_3_4_6 OR (~o_2_6_1_4) OR (~o_3_4_3)
ec_28:(~g_5_2_5_2_3_1) OR (~o_3_2_1_1) OR (~o_3_2_2_1)
ec_29:g_1_1_3_2_2_1_1_1 OR g_2_5_5_2_1 OR g_3_2_1_4_3
ec_30:g_3_1_2_1_2 OR g_6_3_1 OR (~o_3_3_2_3_2)
ec_31:g_2_6_2_1_1_4 OR (~o_4_1_5_2_1) OR o_4_4_1_3_1
ec_32:g_2_1_2_2_2 OR (~g_5_2_3_4_5) OR (~g_5_2_5_3_1_3)
ec_33:(~g_2_4_3_2_3_1) OR (~g_2_6_6_2_3) OR (~m_4_1_5_4)
ec_34:g_2_6_6_2_2 OR g_6_2_1_2_4 OR o_6_3_2_1_1
ec_35:(~g_5_2_5_2_5_2) OR (~m_1_1_2_2_4) OR (~m_2_2_1_3)
ec_36:g_5_2_3_2_1 OR m_1_1_2_5_5 OR (~o_3_3_1_1_1_2)
ec_37:(~g_1_1_3_2_2_1_1_4) OR (~g_6_1_5_2) OR (~o_6_3_5_1)
ec_38:g_1_1_2_5_3_1 OR g_2_2_2_2_1 OR m_1_1_4_3_2
ec_39:(~g_2_2_2_2_3) OR g_4_1_3_1_1_5 OR m_5_1_1_1_3
ec_40:g_1_1_3_2_2_1_1_3 OR (~m_2_5) OR m_3_3_3_2
ec_41:g_1_1_2_6_4_2 OR g_5_1_3_3_1_1 OR m_5_2_4_4_2
ec_42:(~g_3_3_1_2_3_1) OR (~m_5_1_3_5_3) OR (~o_5_1_2_1_2)
ec_43:g_1_1_2_6_5_2 OR g_2_2_3_1_4 OR o_2_2_3_2_1
ec_44:m_5_1_3_4_2 OR (~o_1_1_2_3_1) OR o_4_4_4
ec_45:(~g_3_3_1_2_2_2) OR (~g_4_4_1_4) OR (~m_4_3_1_3_1)
ec_46:g_1_1_2_6_4_6 OR (~m_3_2_4_4) OR o_3_2_3_2_1
ec_47:g_5_1_1_5_3_3 OR (~g_5_1_2_4_2_5) OR (~o_3_2_4_6)
ec_48:g_2_4_3_1_2_3 OR m_4_4_2_2 OR (~o_2_6_4_2_1)
ec_49:(~g_4_4_3_3_2_2) OR (~m_2_3_2_6) OR (~m_5_2_4_1_1)
ec_50:(~g_6_1_5_5) OR m_2_1_3_2 OR (~o_4_5_4_5)
ec_51:m_3_1_5_2_1 OR (~m_4_1_5_1) OR o_5_1_3_3_4
ec_52:g_2_3_3_1_4_1_2 OR (~g_5_2_4_5_3) OR (~m_3_1_3_1_1)
ec_53:g_2_1_4_1 OR m_2_1_1 OR o_1_1_4_1
ec_54:(~o_2_4_2) OR o_3_1_6_3 OR (~o_4_5_2_1)
ec_55:(~g_6_5_1_1_1) OR m_5_2_3_1_1 OR o_4_1_1_5
ec_56:(~m_4_3_2_1) OR m_5_2_5_2_1 OR o_3_1_3_1
ec_57:g_3_1_2_1_1 OR m_2_3_3_1_5_1 OR m_6_1_4
ec_58:g_4_2_1_1 OR o_4_1_3_1 OR o_5_2_3_5_1
ec_59:(~m_2_2_1_2) OR (~m_3_2_5_3_1) OR (~o_5_2_3_2_1_1)
ec_60:g_4_1_3_1_1_4 OR m_4_5_2_3 OR o_6_5_1
ec_61:g_3_3_1_2_2_1 OR g_4_3_1_4_1_2 OR (~g_5_1_1_5_3_4)
ec_62:(~g_5_1_1_6_3_1) OR o_5_1_2_3_1 OR (~o_5_2_1_3_1)
ec_63:g_4_1_3_1_1_1 OR (~m_3_2_1) OR o_2_3_1_1_1
ec_64:(~g_4_3_2_3_3_2) OR g_5_1_1_1_1_1 OR (~m_4_4_2_3)
ec_65:(~g_2_6_2_1_1_6) OR (~m_5_1_1_2_1) OR o_4_1_5_3
ec_66:(~g_2_4_3_1_2_3) OR (~g_4_1_3_1_1_5) OR o_5_2_3_2_1_1
ec_67:(~g_2_4_3_2_3_1) OR m_1_1 OR m_3_1_3_1_1
ec_68:g_4_4_3_3 OR m_2_3_3_1_5_1 OR o_2_2_5_1_1
ec_69:(~g_2_2_3_1_4) OR (~m_4_4_2_3) OR o_5_1_3_3_4
ec_70:(~g_4_1_3_1_1_4) OR (~g_4_4_3_3) OR (~m_4_2_1_2_3)
ec_71:(~g_4_3_1_4_1_2) OR m_3_2_1 OR (~o_1_1_2_3_1)
ec_72:g_5_2_5_2_5_2 OR m_4_2_1_2_3 OR m_4_4_2_2
ec_73:(~g_2_2_2_2_4) OR m_2_5_5_3 OR o_5_1_2_1_2
ec_74:g_5_1_2_4_2_4 OR g_6_3_1_1_1 OR o_5_2_1_3_1
ec_75:(~g_4_3_1_4_1_2) OR (~m_4_3_2_1) OR (~o_2_4)
ec_76:(~g_6_3_1_1_1) OR (~m_1_1_2_2_4) OR (~m_3_2_5_2_1)
ec_77:m_4_2_1_2_3 OR (~o_4_5_2_1) OR o_6_1_2
ec_78:g_4_2_1_1 OR m_1_1_2_2_4 OR o_1_1_2_3_1
ec_79:g_2_3_3_1_4_1_2 OR g_2_6_2_1_1_4 OR m_1_1_2_2_4
ec_80:g_1_1_2_5_3_1 OR (~m_5_2_3_1_1) OR o_2_3_2_3
ec_81:g_3_3_1_1_2_1_2 OR (~m_6_1_1_5) OR (~o_3_1_3_2)
ec_82:(~g_1_1_2_6_4_2) OR (~g_4_4_3_3_2_2) OR (~g_6_1_5_4)
ec_83:(~g_2_6_2_1_1_4) OR (~m_2_1_3_2) OR (~o_4_5_4_5)
ec_84:m_4_4_2_2 OR (~m_5_1_1_6) OR (~o_3_1_6_3)
ec_85:m_2_5 OR o_2_2_5_1_1 OR o_2_2_6
ec_86:(~g_3_1_1_2) OR m_3_1_3_1_1 OR (~m_4_4_2_2)
ec_87:g_4_3_2_2_5 OR (~m_6_1_4) OR o_6_1_2
ec_88:(~g_4_2_1_3_1_2) OR g_6_1_5_4 OR o_2_4_2
ec_89:(~g_4_4_1_1) OR (~m_5_1_1_1_3) OR o_4_2_1_2_1
ec_90:(~g_5_1_3_3_1_1) OR o_2_1_3_2_1 OR (~o_3_1_6_3)
ec_91:o_1_1_2_3_1 OR o_6_3_2_1_1 OR (~o_6_5_1_2)
ec_92:g_2_1_4_2 OR g_2_3_3_1_4_1_2 OR g_3_3_1_2_3_4
ec_93:g_3_2_2_4_3 OR (~m_3_1_3_1_1) OR o_5_2_3_2_1_1
ec_94:(~g_2_2_6_3_3) OR g_3_3_1_1_2_1_1 OR g_6_2_1_2_4
ec_95:(~g_1_1_2_6_4_2) OR (~g_6_1_2_4_4) OR (~o_4_1_5_2_1)
ec_96:g_3_1_2_1_1 OR o_2_2_1_1 OR (~o_6_5_1)
ec_97:g_3_3_1_2_3_1 OR g_4_3_2_2_5 OR (~m_4_4_2_2)
ec_98:m_2_2_1_3 OR o_2_1_3_3 OR (~o_3_2_2_1)
ec_99:(~g_4_2_2_3_1) OR (~g_6_3_1_1_1) OR (~m_2_2_1_2)
ec_100:(~g_2_4_3_2_3_2) OR (~g_3_3_1_2_2_1) OR (~m_6_1_4)
ec_101:g_2_1_2_2_4 OR (~g_3_1_4_4) OR (~g_4_4_1_4)
ec_102:(~g_2_2_2_2_4) OR (~g_4_1_4) OR m_1_1_2_2_4
ec_103:g_3_2_2_4_3 OR o_2_1_3_3 OR o_3_4_3
ec_104:g_3_3_1_1_2_1_2 OR o_2_2_3_2_1 OR o_2_6_6
ec_105:(~g_2_1_5_2_2) OR g_4_3_2_3_3_2 OR (~m_3_3_3_2)
ec_106:(~m_4_1_5_1) OR (~m_4_5_2) OR (~o_2_2_1_1)
ec_107:(~g_3_4_1_4_1) OR (~o_3_4_2_3_2) OR (~o_6_5_1_2)
ec_108:o_2_1_3_2_1 OR (~o_2_3_1_1_1) OR o_4_1_3_1
ec_109:g_3_1_2_1_2 OR m_4_5_2_3 OR o_5_2_3_5_1
ec_110:g_3_3_1_1_2_1_2 OR g_4_1_3_1_1_4 OR o_2_4_2_1
ec_111:(~g_2_4_3_2_3_1) OR (~g_5_1_1_6_3_1) OR g_6_1_5_2
ec_112:(~g_5_2_4_5_3) OR o_6_3_5_1 OR (~o_6_5_1)
ec_113:(~g_3_1_1_2) OR (~m_2_2_1_3) OR o_5_1_3_3_4
ec_114:(~g_6_5_1_1_1) OR m_4_4_2_2 OR o_3_2_4_6
ec_115:g_1_1_2_6_4_4 OR o_2_1_3_3 OR o_6_5_1
ec_116:(~g_2_6_3_1_2_4) OR g_2_6_6_2_3 OR g_6_2_1_2_4
ec_117:(~g_4_3_2_2_5) OR g_6_3_5_3_2 OR (~o_1_1_3_2_1_4)
ec_118:(~g_1_1_2_6_4_2) OR (~g_6_3_1) OR o_2_3_1_1_1
ec_119:g_3_2_2_4_3 OR (~m_4_2_1_2_3) OR (~m_4_4_2_3)
ec_120:g_4_4_3_3 OR (~m_5_2_4_4_2) OR o_4_5_2_1
ec_121:g_2_1_2_2_2 OR g_4_2_2_3_3 OR o_3_2_2_1
ec_122:(~m_1_1_4_3_2) OR (~o_2_2_1_1) OR (~o_2_6_6)
ec_123:(~g_4_2_1_3_1_2) OR (~g_6_1_5_2) OR (~o_3_2_1_1)
ec_124:g_6_4_1_2_2 OR (~m_5_2_4_1_1) OR o_2_5_2_1_1
ec_125:(~g_1_1_2_5_3_1) OR g_2_4_3_1_2_3 OR (~m_5_1_3_5_3)
ec_126:g_1_1_2_6_4_2 OR g_5_1_2_4_2_5 OR m_4_5_2
ec_127:(~g_2_3_3_1_4_1_1) OR m_4_1_5_4 OR o_2_2_3_2_1
ec_128:(~m_1_1_2_2_4) OR o_2_1_3_3 OR (~o_2_6_4_2_1)
ec_129:(~g_2_2_3_1_4) OR m_2_5_5_3 OR (~o_3_1_3_1)
ec_130:m_3 OR (~m_3_2_3_2) OR m_5_2_4_4_2
ec_131:g_2_2_2_2_4 OR g_3_3_1_2_3_1 OR m_2_3_2_6
ec_132:(~g_2_4_3_1_2_3) OR m_2_2_1_3 OR m_6_5
ec_133:g_2_3_3_1_1 OR m_5_1_1_2_1 OR o_2_1_3_3
ec_134:(~g_5_2_5_2_3_1) OR (~g_6_4_1_2_2) OR o_3_3_1_1_1_2
ec_135:(~o_1_1_4_1) OR (~o_2_3_1_1_1) OR o_3_1_3_1
ec_136:g_2_1_2_2_2 OR (~o_2_5_2_1_1) OR (~o_6_3_2_1_1)
ec_137:g_2_6_2_1_1_4 OR g_3_3_1_1_2_1_1 OR (~g_4_4_1_4)
ec_138:(~m_5_1_1_6) OR o_1_1_2 OR o_2_3_2_3_1
ec_139:g_5_1_1_5_3_3 OR (~o_2_2_3_2_1) OR o_3_2_1_1
ec_140:m_5_1_3_4_2 OR (~o_3_1_4_3_1) OR o_5_1_3_3_4
ec_141:g_3_1_1_2 OR (~g_5_2_3_2_1) OR (~o_1_1_3_2_1)
ec_142:g_1_1_3_2_2_1_1_1 OR (~g_6_1_5_4) OR o_3_2_3_2_1
ec_143:g_5_1_1_5_3_3 OR (~m_4_5_2_2) OR m_6_1_4
ec_144:(~m_5_2_4_4_2) OR (~m_6_5) OR o_5_2_3_5_1
ec_145:(~g_2_5_5_2_1) OR (~g_4_2_2_3_1) OR (~g_6_3_1)
ec_146:(~g_2_1_2_2_6) OR (~g_4_4_3_3_2_2) OR (~m_5_1_3_5_3)
ec_147:(~g_2_3_3_1_1) OR (~m_6_5) OR o_2_2_1_1
ec_148:g_2_2_2_2_3 OR (~g_5_2_4_5_3) OR o_1_1_4
ec_149:g_2_2_6_3_3 OR (~g_2_3_3_1_4_1_1) OR m_4_2_1_2_3
ec_150:(~g_2_6_3_1_2_4) OR g_4_1_3_1_1_4 OR (~m_2_3_2_6)
ec_151:(~g_2_6_2_1_1_4) OR (~g_6_5_1_1_1) OR (~o_2_1_3_3)
ec_152:(~g_2_6_3_1_2_4) OR (~g_2_6_6_2_3) OR m_5_2_5_1_1_2
ec_153:g_4_1_3_1_1_1 OR m_3_1_4_5_1 OR m_6_5
ec_154:g_2_4_3_1_2_3 OR g_6_3_4_2_1_4 OR (~o_4_1_1_5)
ec_155:(~g_1_1_2_6_4_6) OR (~g_4_2_1_1) OR (~g_5_1_3_3_1_1)
ec_156:g_5_1_2_4_2_5 OR o_2_1_4_3_1 OR (~o_4_5_4_5)
ec_157:g_2_2_6_3_3 OR (~g_5_2_3_2_1) OR (~o_3_2_4_6)
ec_158:(~g_1_1_3_2_2_1_1_3) OR g_2_5_5_2_1 OR (~m_3_1_5_2_1)
ec_159:g_1_1_2_5_3_1 OR (~g_1_1_3_2_2_1_1_3) OR m_2_2_1_2
ec_160:g_2_5_5_2_1 OR o_3_4_2_3_2 OR (~o_4_1_3_1)
ec_161:g_1_1_2_5_3_1 OR (~g_6_4_1_2_2) OR (~m_2_3)
ec_162:(~g_2_3_3_1_1) OR (~m_4_1_5_4) OR (~m_6_1_1_5)
ec_163:(~g_4_3_1_4_1_4) OR (~m_3_2_5_2_1) OR (~o_2_3_2_3_1)
ec_164:(~m_3_2_5_3_1) OR (~m_6_5) OR o_3_2_1_1
ec_165:g_1_1_2_6_4_2 OR g_6_1_2_4_4 OR (~o_2_3_1_1_1)
ec_166:(~g_4_2_1_3_1_2) OR o_3_2_4_6 OR o_5_2_3_2_1_1
ec_167:(~g_2_2_2_2_1) OR g_2_2_2_2_3 OR (~o_2_2_5_1_1)
ec_168:(~g_3_2_2_5_1) OR m_3_1_4_5_1 OR (~o_1_1_2)
ec_169:(~g_4_1_3_1_1_1) OR (~g_6_3_5_3_5) OR m_5_1_3_4_2
ec_170:g_1_1_3_2_2_1_1_3 OR m_2_2_1_2 OR o_1_1_2_3_1
ec_171:g_2_3_3_1_1 OR g_6_1_5_4 OR o_2_1_4_3_1
ec_172:g_1_1_2_6_4_4 OR (~g_2_2_2_2_3) OR (~o_4_1_5_3)
ec_173:(~g_2_1_4_1) OR (~g_5_1_2_4_2_5) OR (~m_2_1_1)
ec_174:g_2_2_6_3_3 OR o_2_2_6 OR o_4_2_1_2_1
ec_175:(~g_5_1_1_1_1_1) OR (~m_1_1) OR m_3_1_5_2_1
ec_176:g_5_1_1_5_3_4 OR m_5_2_4_1_1 OR o_5_2_3_1
ec_177:(~g_3_3_1_2_3_4) OR (~m_5_1_1_6) OR o_6_1_2_3
ec_178:g_3_1_2_1_1 OR (~o_2_4_2_1) OR o_5_2_1_3_1
ec_179:(~g_2_3_3_1_1) OR (~g_5_1_1_5_3_3) OR (~m_1_1)
ec_180:g_3_1_4_4 OR g_6_3_5_3_5 OR o_2_3_1_1_1
ec_181:g_2_2_2_2_4 OR g_2_4_3_2_3_2 OR g_5_2_5_3_1_3
ec_182:g_4_1_3_1_1_4 OR (~g_4_4_3_3) OR (~g_6_3_1)
ec_183:g_6_1_5_4 OR m_4_3_2_1 OR o_5_1_2_3_1
ec_184:(~g_3_3_1_2_3_4) OR (~m_4_2_1_2_3) OR (~m_5_2_5_1_1_2)
ec_185:(~g_3_2_1_4_3) OR (~o_3_1_3_2) OR o_3_4_2_3_2
ec_186:g_4_1_3_1_1_5 OR (~o_3_1_3_2) OR (~o_3_1_6_3)
ec_187:g_3_2_1_4_3 OR g_5_1_1_1_1_1 OR m_2_3_3_1_5_1
ec_188:g_5_2_5_2_5_2 OR m_5_2_5_1_1_2 OR o_3_2_4_6
ec_189:g_3_1_4_4 OR g_4_3_2_2_5 OR (~o_6_3_5_1)
ec_190:g_4_4_3_3_2_2 OR m_1_1 OR (~o_4_5_2_1)
ec_191:(~g_3_3_1_1_2_1_1) OR (~g_4_1_4) OR (~m_5_2_3_1_1)
ec_192:m_6_1_4 OR (~o_3_2_1_1) OR (~o_3_2_2_1)
ec_193:o_1_1_4 OR o_2_2_6 OR o_5_2_1_3_1
ec_194:g_1_1_2_6_5_2 OR o_2_6_1_4 OR (~o_4_1_5_3)
ec_195:(~g_4_1_3_1_1_5) OR g_5_1_2_4_2_4 OR o_4_5_2_1
ec_196:(~g_4_1_4) OR (~g_5_1_1_6_3_1) OR (~g_6_3_5_3_5)
ec_197:(~g_2_1_4_2) OR (~g_3_3_1_2_2_1) OR g_4_4_3_3
ec_198:(~g_5_2_3_4_5) OR (~m_5_2_4_4_2) OR o_1_1_2
ec_199:g_2_6_6_2_3 OR g_5_2_5_2_5_2 OR m_1_1_2_2_4
ec_200:(~g_2_2_2_2_1) OR o_6_3_2_1_1 OR o_6_3_5_1
</constraints>
</feature_model>
<!--
FEATURE MODEL STATISTICS ************************************
Model name.: 3-sat-fm-1000-20-3
tree depth.: 8
#root......: 1
#opt.......: 286
#man.......: 276
#grouped...: 437
#grouped [1,1]: 245
#grouped [1,n]: 192
#fgrp [1,1]: 67 (exclusive-OR)
#fgrp [1,N]: 55 (inclusive-OR)
#total features: 1000
#total nodes: 1122
ECR [0-1]..........: 0.2
CNF CLAUSES: Feature Tree 
  Total Variables: 1000
  Total Literals.: 2064
  Total Clauses..: 1796
  Clause density.: 1.796
  Clause arity...: 
  - 1 ..........: 0 (0.0%)
  - 2 ..........: 1674 (93.20712694877506%)
  - 3 ..........: 44 (2.4498886414253898%)
  - > 3 ........: 78 (4.342984409799555%)
CNF CLAUSES: Extra Constraints 
  Total Variables: 200
  Total Literals.: 324
  Total Clauses..: 200
  Clause density.: 1.0
  Clause arity...: 
  - 1 ..........: 0 (0.0%)
  - 2 ..........: 0 (0.0%)
  - 3 ..........: 200 (100.0%)
  - > 3 ........: 0 (0.0%)
CNF CLAUSES: Entire Feature Model
  Total Variables: 1000
  Total Literals.: 2093
  Total Clauses..: 1996
  Clause density.: 1.996
  Clause arity...: 
  - 1 ..........: 0 (0.0%)
  - 2 ..........: 1674 (83.86773547094188%)
  - 3 ..........: 244 (12.224448897795591%)
  - > 3 ........: 78 (3.9078156312625247%)
*************************************************************
-->
