<feature_model name="3-sat-fm-1000-20-5">
<meta>
<data name="description">Automatically-generated model</data>
<data name="creator">Automatically-generated model</data>
<data name="email">marcilio dot mendonca at gmail dot com</data>
<data name="date">May 2009</data>
<data name="department">SPLOT Project</data>
<data name="organization">University of Waterloo</data>
<data name="address">200 University Ave. West, Waterloo, ON, Canada</data>
<data name="phone"></data>
<data name="website">http://www.splot-research.org/</data>
<data name="reference">http://www.splot-research.org/</data>
</meta>
<feature_tree>
:r R(R)
	:m m_1(m_1)
		:o o_1_1(o_1_1)
			:o o_1_1_1(o_1_1_1)
				:m m_1_1_1_1(m_1_1_1_1)
					:g _Ge__1_1_1_1_1(_Ge__1_1_1_1_1) [1,1] 
						: g_1_1_1_1_1_1(g_1_1_1_1_1_1)
						: g_1_1_1_1_1_2(g_1_1_1_1_1_2)
						: g_1_1_1_1_1_3(g_1_1_1_1_1_3)
						: g_1_1_1_1_1_4(g_1_1_1_1_1_4)
						: g_1_1_1_1_1_5(g_1_1_1_1_1_5)
						: g_1_1_1_1_1_6(g_1_1_1_1_1_6)
					:m m_1_1_1_1_2(m_1_1_1_1_2)
				:g _Ge__1_1_1_2(_Ge__1_1_1_2) [1,1] 
					: g_1_1_1_2_1(g_1_1_1_2_1)
						:m m_1_1_1_2_1_1(m_1_1_1_2_1_1)
					: g_1_1_1_2_2(g_1_1_1_2_2)
						:m m_1_1_1_2_2_1(m_1_1_1_2_2_1)
				:o o_1_1_1_3(o_1_1_1_3)
					:g _Ge__1_1_1_3_1(_Ge__1_1_1_3_1) [1,1] 
						: g_1_1_1_3_1_1(g_1_1_1_3_1_1)
						: g_1_1_1_3_1_2(g_1_1_1_3_1_2)
						: g_1_1_1_3_1_3(g_1_1_1_3_1_3)
					:o o_1_1_1_3_2(o_1_1_1_3_2)
				:o o_1_1_1_4(o_1_1_1_4)
					:g _Ge__1_1_1_4_1(_Ge__1_1_1_4_1) [1,1] 
						: g_1_1_1_4_1_1(g_1_1_1_4_1_1)
						: g_1_1_1_4_1_2(g_1_1_1_4_1_2)
				:m m_1_1_1_5(m_1_1_1_5)
					:m m_1_1_1_5_1(m_1_1_1_5_1)
			:o o_1_1_2(o_1_1_2)
				:g _Gi__1_1_2_1(_Gi__1_1_2_1) [1,*] 
					: g_1_1_2_1_1(g_1_1_2_1_1)
					: g_1_1_2_1_2(g_1_1_2_1_2)
					: g_1_1_2_1_3(g_1_1_2_1_3)
				:m m_1_1_2_2(m_1_1_2_2)
					:o o_1_1_2_2_1(o_1_1_2_2_1)
				:o o_1_1_2_3(o_1_1_2_3)
					:o o_1_1_2_3_1(o_1_1_2_3_1)
				:o o_1_1_2_4(o_1_1_2_4)
					:m m_1_1_2_4_1(m_1_1_2_4_1)
				:m m_1_1_2_5(m_1_1_2_5)
					:g _Ge__1_1_2_5_1(_Ge__1_1_2_5_1) [1,1] 
						: g_1_1_2_5_1_1(g_1_1_2_5_1_1)
						: g_1_1_2_5_1_2(g_1_1_2_5_1_2)
						: g_1_1_2_5_1_3(g_1_1_2_5_1_3)
				:m m_1_1_2_6(m_1_1_2_6)
					:m m_1_1_2_6_1(m_1_1_2_6_1)
			:m m_1_1_3(m_1_1_3)
				:o o_1_1_3_1(o_1_1_3_1)
					:g _Ge__1_1_3_1_1(_Ge__1_1_3_1_1) [1,1] 
						: g_1_1_3_1_1_1(g_1_1_3_1_1_1)
						: g_1_1_3_1_1_2(g_1_1_3_1_1_2)
						: g_1_1_3_1_1_3(g_1_1_3_1_1_3)
						: g_1_1_3_1_1_4(g_1_1_3_1_1_4)
						: g_1_1_3_1_1_5(g_1_1_3_1_1_5)
						: g_1_1_3_1_1_6(g_1_1_3_1_1_6)
					:m m_1_1_3_1_2(m_1_1_3_1_2)
				:m m_1_1_3_2(m_1_1_3_2)
					:o o_1_1_3_2_1(o_1_1_3_2_1)
					:g _Ge__1_1_3_2_2(_Ge__1_1_3_2_2) [1,1] 
						: g_1_1_3_2_2_1(g_1_1_3_2_2_1)
						: g_1_1_3_2_2_2(g_1_1_3_2_2_2)
						: g_1_1_3_2_2_3(g_1_1_3_2_2_3)
						: g_1_1_3_2_2_4(g_1_1_3_2_2_4)
				:o o_1_1_3_3(o_1_1_3_3)
					:g _Ge__1_1_3_3_1(_Ge__1_1_3_3_1) [1,1] 
						: g_1_1_3_3_1_1(g_1_1_3_3_1_1)
						: g_1_1_3_3_1_2(g_1_1_3_3_1_2)
						: g_1_1_3_3_1_3(g_1_1_3_3_1_3)
						: g_1_1_3_3_1_4(g_1_1_3_3_1_4)
						: g_1_1_3_3_1_5(g_1_1_3_3_1_5)
				:m m_1_1_3_4(m_1_1_3_4)
					:m m_1_1_3_4_1(m_1_1_3_4_1)
				:o o_1_1_3_5(o_1_1_3_5)
					:o o_1_1_3_5_1(o_1_1_3_5_1)
		:m m_1_2(m_1_2)
			:o o_1_2_1(o_1_2_1)
				:g _Gi__1_2_1_1(_Gi__1_2_1_1) [1,*] 
					: g_1_2_1_1_1(g_1_2_1_1_1)
					: g_1_2_1_1_2(g_1_2_1_1_2)
					: g_1_2_1_1_3(g_1_2_1_1_3)
					: g_1_2_1_1_4(g_1_2_1_1_4)
				:m m_1_2_1_2(m_1_2_1_2)
					:m m_1_2_1_2_1(m_1_2_1_2_1)
				:m m_1_2_1_3(m_1_2_1_3)
					:g _Ge__1_2_1_3_1(_Ge__1_2_1_3_1) [1,1] 
						: g_1_2_1_3_1_1(g_1_2_1_3_1_1)
						: g_1_2_1_3_1_2(g_1_2_1_3_1_2)
						: g_1_2_1_3_1_3(g_1_2_1_3_1_3)
						: g_1_2_1_3_1_4(g_1_2_1_3_1_4)
						: g_1_2_1_3_1_5(g_1_2_1_3_1_5)
						: g_1_2_1_3_1_6(g_1_2_1_3_1_6)
				:o o_1_2_1_4(o_1_2_1_4)
					:m m_1_2_1_4_1(m_1_2_1_4_1)
			:m m_1_2_2(m_1_2_2)
				:m m_1_2_2_1(m_1_2_2_1)
					:m m_1_2_2_1_1(m_1_2_2_1_1)
				:g _Ge__1_2_2_2(_Ge__1_2_2_2) [1,1] 
					: g_1_2_2_2_1(g_1_2_2_2_1)
					: g_1_2_2_2_2(g_1_2_2_2_2)
					: g_1_2_2_2_3(g_1_2_2_2_3)
					: g_1_2_2_2_4(g_1_2_2_2_4)
				:m m_1_2_2_3(m_1_2_2_3)
					:m m_1_2_2_3_1(m_1_2_2_3_1)
				:m m_1_2_2_4(m_1_2_2_4)
					:m m_1_2_2_4_1(m_1_2_2_4_1)
			:m m_1_2_3(m_1_2_3)
				:o o_1_2_3_1(o_1_2_3_1)
					:o o_1_2_3_1_1(o_1_2_3_1_1)
				:o o_1_2_3_2(o_1_2_3_2)
					:m m_1_2_3_2_1(m_1_2_3_2_1)
				:o o_1_2_3_3(o_1_2_3_3)
					:o o_1_2_3_3_1(o_1_2_3_3_1)
				:o o_1_2_3_4(o_1_2_3_4)
					:m m_1_2_3_4_1(m_1_2_3_4_1)
			:o o_1_2_4(o_1_2_4)
				:m m_1_2_4_1(m_1_2_4_1)
					:m m_1_2_4_1_1(m_1_2_4_1_1)
				:m m_1_2_4_2(m_1_2_4_2)
					:m m_1_2_4_2_1(m_1_2_4_2_1)
				:g _Ge__1_2_4_3(_Ge__1_2_4_3) [1,1] 
					: g_1_2_4_3_1(g_1_2_4_3_1)
					: g_1_2_4_3_2(g_1_2_4_3_2)
					: g_1_2_4_3_3(g_1_2_4_3_3)
					: g_1_2_4_3_4(g_1_2_4_3_4)
				:m m_1_2_4_4(m_1_2_4_4)
					:g _Ge__1_2_4_4_1(_Ge__1_2_4_4_1) [1,1] 
						: g_1_2_4_4_1_1(g_1_2_4_4_1_1)
						: g_1_2_4_4_1_2(g_1_2_4_4_1_2)
						: g_1_2_4_4_1_3(g_1_2_4_4_1_3)
						: g_1_2_4_4_1_4(g_1_2_4_4_1_4)
						: g_1_2_4_4_1_5(g_1_2_4_4_1_5)
						: g_1_2_4_4_1_6(g_1_2_4_4_1_6)
			:o o_1_2_5(o_1_2_5)
				:m m_1_2_5_1(m_1_2_5_1)
					:g _Gi__1_2_5_1_1(_Gi__1_2_5_1_1) [1,*] 
						: g_1_2_5_1_1_1(g_1_2_5_1_1_1)
						: g_1_2_5_1_1_2(g_1_2_5_1_1_2)
						: g_1_2_5_1_1_3(g_1_2_5_1_1_3)
					:o o_1_2_5_1_2(o_1_2_5_1_2)
					:o o_1_2_5_1_3(o_1_2_5_1_3)
					:m m_1_2_5_1_4(m_1_2_5_1_4)
					:g _Gi__1_2_5_1_5(_Gi__1_2_5_1_5) [1,*] 
						: g_1_2_5_1_5_1(g_1_2_5_1_5_1)
						: g_1_2_5_1_5_2(g_1_2_5_1_5_2)
						: g_1_2_5_1_5_3(g_1_2_5_1_5_3)
					:o o_1_2_5_1_6(o_1_2_5_1_6)
		:m m_1_3(m_1_3)
			:m m_1_3_1(m_1_3_1)
				:g _Gi__1_3_1_1(_Gi__1_3_1_1) [1,*] 
					: g_1_3_1_1_1(g_1_3_1_1_1)
						:g _Ge__1_3_1_1_1_1(_Ge__1_3_1_1_1_1) [1,1] 
							: g_1_3_1_1_1_1_1(g_1_3_1_1_1_1_1)
							: g_1_3_1_1_1_1_2(g_1_3_1_1_1_1_2)
							: g_1_3_1_1_1_1_3(g_1_3_1_1_1_1_3)
							: g_1_3_1_1_1_1_4(g_1_3_1_1_1_1_4)
					: g_1_3_1_1_2(g_1_3_1_1_2)
						:o o_1_3_1_1_2_1(o_1_3_1_1_2_1)
					: g_1_3_1_1_3(g_1_3_1_1_3)
						:o o_1_3_1_1_3_1(o_1_3_1_1_3_1)
				:m m_1_3_1_2(m_1_3_1_2)
					:g _Gi__1_3_1_2_1(_Gi__1_3_1_2_1) [1,*] 
						: g_1_3_1_2_1_1(g_1_3_1_2_1_1)
						: g_1_3_1_2_1_2(g_1_3_1_2_1_2)
						: g_1_3_1_2_1_3(g_1_3_1_2_1_3)
						: g_1_3_1_2_1_4(g_1_3_1_2_1_4)
					:o o_1_3_1_2_2(o_1_3_1_2_2)
					:m m_1_3_1_2_3(m_1_3_1_2_3)
				:o o_1_3_1_3(o_1_3_1_3)
					:g _Gi__1_3_1_3_1(_Gi__1_3_1_3_1) [1,*] 
						: g_1_3_1_3_1_1(g_1_3_1_3_1_1)
						: g_1_3_1_3_1_2(g_1_3_1_3_1_2)
					:g _Ge__1_3_1_3_2(_Ge__1_3_1_3_2) [1,1] 
						: g_1_3_1_3_2_1(g_1_3_1_3_2_1)
						: g_1_3_1_3_2_2(g_1_3_1_3_2_2)
						: g_1_3_1_3_2_3(g_1_3_1_3_2_3)
						: g_1_3_1_3_2_4(g_1_3_1_3_2_4)
					:g _Gi__1_3_1_3_3(_Gi__1_3_1_3_3) [1,*] 
						: g_1_3_1_3_3_1(g_1_3_1_3_3_1)
						: g_1_3_1_3_3_2(g_1_3_1_3_3_2)
				:o o_1_3_1_4(o_1_3_1_4)
					:m m_1_3_1_4_1(m_1_3_1_4_1)
				:o o_1_3_1_5(o_1_3_1_5)
					:m m_1_3_1_5_1(m_1_3_1_5_1)
					:o o_1_3_1_5_2(o_1_3_1_5_2)
			:o o_1_3_2(o_1_3_2)
				:g _Ge__1_3_2_1(_Ge__1_3_2_1) [1,1] 
					: g_1_3_2_1_1(g_1_3_2_1_1)
					: g_1_3_2_1_2(g_1_3_2_1_2)
					: g_1_3_2_1_3(g_1_3_2_1_3)
					: g_1_3_2_1_4(g_1_3_2_1_4)
					: g_1_3_2_1_5(g_1_3_2_1_5)
					: g_1_3_2_1_6(g_1_3_2_1_6)
				:o o_1_3_2_2(o_1_3_2_2)
					:g _Ge__1_3_2_2_1(_Ge__1_3_2_2_1) [1,1] 
						: g_1_3_2_2_1_1(g_1_3_2_2_1_1)
						: g_1_3_2_2_1_2(g_1_3_2_2_1_2)
					:g _Ge__1_3_2_2_2(_Ge__1_3_2_2_2) [1,1] 
						: g_1_3_2_2_2_1(g_1_3_2_2_2_1)
						: g_1_3_2_2_2_2(g_1_3_2_2_2_2)
						: g_1_3_2_2_2_3(g_1_3_2_2_2_3)
						: g_1_3_2_2_2_4(g_1_3_2_2_2_4)
						: g_1_3_2_2_2_5(g_1_3_2_2_2_5)
					:m m_1_3_2_2_3(m_1_3_2_2_3)
					:o o_1_3_2_2_4(o_1_3_2_2_4)
				:m m_1_3_2_3(m_1_3_2_3)
					:m m_1_3_2_3_1(m_1_3_2_3_1)
					:m m_1_3_2_3_2(m_1_3_2_3_2)
					:m m_1_3_2_3_3(m_1_3_2_3_3)
				:m m_1_3_2_4(m_1_3_2_4)
					:o o_1_3_2_4_1(o_1_3_2_4_1)
					:o o_1_3_2_4_2(o_1_3_2_4_2)
					:o o_1_3_2_4_3(o_1_3_2_4_3)
		:m m_1_4(m_1_4)
			:o o_1_4_1(o_1_4_1)
				:m m_1_4_1_1(m_1_4_1_1)
					:g _Gi__1_4_1_1_1(_Gi__1_4_1_1_1) [1,*] 
						: g_1_4_1_1_1_1(g_1_4_1_1_1_1)
						: g_1_4_1_1_1_2(g_1_4_1_1_1_2)
						: g_1_4_1_1_1_3(g_1_4_1_1_1_3)
					:g _Gi__1_4_1_1_2(_Gi__1_4_1_1_2) [1,*] 
						: g_1_4_1_1_2_1(g_1_4_1_1_2_1)
						: g_1_4_1_1_2_2(g_1_4_1_1_2_2)
						: g_1_4_1_1_2_3(g_1_4_1_1_2_3)
						: g_1_4_1_1_2_4(g_1_4_1_1_2_4)
						: g_1_4_1_1_2_5(g_1_4_1_1_2_5)
					:m m_1_4_1_1_3(m_1_4_1_1_3)
				:g _Gi__1_4_1_2(_Gi__1_4_1_2) [1,*] 
					: g_1_4_1_2_1(g_1_4_1_2_1)
					: g_1_4_1_2_2(g_1_4_1_2_2)
					: g_1_4_1_2_3(g_1_4_1_2_3)
					: g_1_4_1_2_4(g_1_4_1_2_4)
				:o o_1_4_1_3(o_1_4_1_3)
					:m m_1_4_1_3_1(m_1_4_1_3_1)
					:g _Ge__1_4_1_3_2(_Ge__1_4_1_3_2) [1,1] 
						: g_1_4_1_3_2_1(g_1_4_1_3_2_1)
						: g_1_4_1_3_2_2(g_1_4_1_3_2_2)
				:o o_1_4_1_4(o_1_4_1_4)
					:g _Gi__1_4_1_4_1(_Gi__1_4_1_4_1) [1,*] 
						: g_1_4_1_4_1_1(g_1_4_1_4_1_1)
						: g_1_4_1_4_1_2(g_1_4_1_4_1_2)
						: g_1_4_1_4_1_3(g_1_4_1_4_1_3)
					:g _Gi__1_4_1_4_2(_Gi__1_4_1_4_2) [1,*] 
						: g_1_4_1_4_2_1(g_1_4_1_4_2_1)
						: g_1_4_1_4_2_2(g_1_4_1_4_2_2)
						: g_1_4_1_4_2_3(g_1_4_1_4_2_3)
						: g_1_4_1_4_2_4(g_1_4_1_4_2_4)
						: g_1_4_1_4_2_5(g_1_4_1_4_2_5)
			:g _Ge__1_4_2(_Ge__1_4_2) [1,1] 
				: g_1_4_2_1(g_1_4_2_1)
					:g _Gi__1_4_2_1_1(_Gi__1_4_2_1_1) [1,*] 
						: g_1_4_2_1_1_1(g_1_4_2_1_1_1)
						: g_1_4_2_1_1_2(g_1_4_2_1_1_2)
						: g_1_4_2_1_1_3(g_1_4_2_1_1_3)
					:m m_1_4_2_1_2(m_1_4_2_1_2)
				: g_1_4_2_2(g_1_4_2_2)
					:m m_1_4_2_2_1(m_1_4_2_2_1)
					:m m_1_4_2_2_2(m_1_4_2_2_2)
				: g_1_4_2_3(g_1_4_2_3)
					:o o_1_4_2_3_1(o_1_4_2_3_1)
					:m m_1_4_2_3_2(m_1_4_2_3_2)
				: g_1_4_2_4(g_1_4_2_4)
					:m m_1_4_2_4_1(m_1_4_2_4_1)
					:m m_1_4_2_4_2(m_1_4_2_4_2)
				: g_1_4_2_5(g_1_4_2_5)
					:g _Gi__1_4_2_5_1(_Gi__1_4_2_5_1) [1,*] 
						: g_1_4_2_5_1_1(g_1_4_2_5_1_1)
						: g_1_4_2_5_1_2(g_1_4_2_5_1_2)
						: g_1_4_2_5_1_3(g_1_4_2_5_1_3)
					:m m_1_4_2_5_2(m_1_4_2_5_2)
			:m m_1_4_3(m_1_4_3)
				:o o_1_4_3_1(o_1_4_3_1)
					:g _Gi__1_4_3_1_1(_Gi__1_4_3_1_1) [1,*] 
						: g_1_4_3_1_1_1(g_1_4_3_1_1_1)
						: g_1_4_3_1_1_2(g_1_4_3_1_1_2)
					:m m_1_4_3_1_2(m_1_4_3_1_2)
				:m m_1_4_3_2(m_1_4_3_2)
					:g _Gi__1_4_3_2_1(_Gi__1_4_3_2_1) [1,*] 
						: g_1_4_3_2_1_1(g_1_4_3_2_1_1)
						: g_1_4_3_2_1_2(g_1_4_3_2_1_2)
					:g _Gi__1_4_3_2_2(_Gi__1_4_3_2_2) [1,*] 
						: g_1_4_3_2_2_1(g_1_4_3_2_2_1)
						: g_1_4_3_2_2_2(g_1_4_3_2_2_2)
						: g_1_4_3_2_2_3(g_1_4_3_2_2_3)
						: g_1_4_3_2_2_4(g_1_4_3_2_2_4)
						: g_1_4_3_2_2_5(g_1_4_3_2_2_5)
						: g_1_4_3_2_2_6(g_1_4_3_2_2_6)
				:m m_1_4_3_3(m_1_4_3_3)
					:g _Ge__1_4_3_3_1(_Ge__1_4_3_3_1) [1,1] 
						: g_1_4_3_3_1_1(g_1_4_3_3_1_1)
						: g_1_4_3_3_1_2(g_1_4_3_3_1_2)
					:o o_1_4_3_3_2(o_1_4_3_3_2)
				:g _Gi__1_4_3_4(_Gi__1_4_3_4) [1,*] 
					: g_1_4_3_4_1(g_1_4_3_4_1)
						:o o_1_4_3_4_1_1(o_1_4_3_4_1_1)
					: g_1_4_3_4_2(g_1_4_3_4_2)
						:o o_1_4_3_4_2_1(o_1_4_3_4_2_1)
	:m m_2(m_2)
		:m m_2_1(m_2_1)
			:m m_2_1_1(m_2_1_1)
				:o o_2_1_1_1(o_2_1_1_1)
					:o o_2_1_1_1_1(o_2_1_1_1_1)
					:g _Gi__2_1_1_1_2(_Gi__2_1_1_1_2) [1,*] 
						: g_2_1_1_1_2_1(g_2_1_1_1_2_1)
						: g_2_1_1_1_2_2(g_2_1_1_1_2_2)
						: g_2_1_1_1_2_3(g_2_1_1_1_2_3)
						: g_2_1_1_1_2_4(g_2_1_1_1_2_4)
					:o o_2_1_1_1_3(o_2_1_1_1_3)
					:g _Gi__2_1_1_1_4(_Gi__2_1_1_1_4) [1,*] 
						: g_2_1_1_1_4_1(g_2_1_1_1_4_1)
						: g_2_1_1_1_4_2(g_2_1_1_1_4_2)
						: g_2_1_1_1_4_3(g_2_1_1_1_4_3)
					:m m_2_1_1_1_5(m_2_1_1_1_5)
				:m m_2_1_1_2(m_2_1_1_2)
					:o o_2_1_1_2_1(o_2_1_1_2_1)
				:o o_2_1_1_3(o_2_1_1_3)
					:o o_2_1_1_3_1(o_2_1_1_3_1)
					:o o_2_1_1_3_2(o_2_1_1_3_2)
					:g _Gi__2_1_1_3_3(_Gi__2_1_1_3_3) [1,*] 
						: g_2_1_1_3_3_1(g_2_1_1_3_3_1)
						: g_2_1_1_3_3_2(g_2_1_1_3_3_2)
					:m m_2_1_1_3_4(m_2_1_1_3_4)
					:o o_2_1_1_3_5(o_2_1_1_3_5)
				:m m_2_1_1_4(m_2_1_1_4)
					:o o_2_1_1_4_1(o_2_1_1_4_1)
				:m m_2_1_1_5(m_2_1_1_5)
					:m m_2_1_1_5_1(m_2_1_1_5_1)
					:o o_2_1_1_5_2(o_2_1_1_5_2)
					:o o_2_1_1_5_3(o_2_1_1_5_3)
					:m m_2_1_1_5_4(m_2_1_1_5_4)
					:o o_2_1_1_5_5(o_2_1_1_5_5)
			:o o_2_1_2(o_2_1_2)
				:o o_2_1_2_1(o_2_1_2_1)
					:o o_2_1_2_1_1(o_2_1_2_1_1)
					:g _Gi__2_1_2_1_2(_Gi__2_1_2_1_2) [1,*] 
						: g_2_1_2_1_2_1(g_2_1_2_1_2_1)
						: g_2_1_2_1_2_2(g_2_1_2_1_2_2)
					:o o_2_1_2_1_3(o_2_1_2_1_3)
					:g _Ge__2_1_2_1_4(_Ge__2_1_2_1_4) [1,1] 
						: g_2_1_2_1_4_1(g_2_1_2_1_4_1)
						: g_2_1_2_1_4_2(g_2_1_2_1_4_2)
						: g_2_1_2_1_4_3(g_2_1_2_1_4_3)
						: g_2_1_2_1_4_4(g_2_1_2_1_4_4)
						: g_2_1_2_1_4_5(g_2_1_2_1_4_5)
					:o o_2_1_2_1_5(o_2_1_2_1_5)
				:m m_2_1_2_2(m_2_1_2_2)
					:m m_2_1_2_2_1(m_2_1_2_2_1)
					:m m_2_1_2_2_2(m_2_1_2_2_2)
					:m m_2_1_2_2_3(m_2_1_2_2_3)
					:g _Ge__2_1_2_2_4(_Ge__2_1_2_2_4) [1,1] 
						: g_2_1_2_2_4_1(g_2_1_2_2_4_1)
						: g_2_1_2_2_4_2(g_2_1_2_2_4_2)
						: g_2_1_2_2_4_3(g_2_1_2_2_4_3)
					:g _Gi__2_1_2_2_5(_Gi__2_1_2_2_5) [1,*] 
						: g_2_1_2_2_5_1(g_2_1_2_2_5_1)
						: g_2_1_2_2_5_2(g_2_1_2_2_5_2)
				:m m_2_1_2_3(m_2_1_2_3)
					:g _Gi__2_1_2_3_1(_Gi__2_1_2_3_1) [1,*] 
						: g_2_1_2_3_1_1(g_2_1_2_3_1_1)
						: g_2_1_2_3_1_2(g_2_1_2_3_1_2)
					:m m_2_1_2_3_2(m_2_1_2_3_2)
					:o o_2_1_2_3_3(o_2_1_2_3_3)
					:m m_2_1_2_3_4(m_2_1_2_3_4)
			:m m_2_1_3(m_2_1_3)
				:o o_2_1_3_1(o_2_1_3_1)
					:m m_2_1_3_1_1(m_2_1_3_1_1)
					:o o_2_1_3_1_2(o_2_1_3_1_2)
			:m m_2_1_4(m_2_1_4)
				:m m_2_1_4_1(m_2_1_4_1)
					:m m_2_1_4_1_1(m_2_1_4_1_1)
					:g _Gi__2_1_4_1_2(_Gi__2_1_4_1_2) [1,*] 
						: g_2_1_4_1_2_1(g_2_1_4_1_2_1)
						: g_2_1_4_1_2_2(g_2_1_4_1_2_2)
						: g_2_1_4_1_2_3(g_2_1_4_1_2_3)
						: g_2_1_4_1_2_4(g_2_1_4_1_2_4)
						: g_2_1_4_1_2_5(g_2_1_4_1_2_5)
					:o o_2_1_4_1_3(o_2_1_4_1_3)
					:o o_2_1_4_1_4(o_2_1_4_1_4)
				:g _Gi__2_1_4_2(_Gi__2_1_4_2) [1,*] 
					: g_2_1_4_2_1(g_2_1_4_2_1)
					: g_2_1_4_2_2(g_2_1_4_2_2)
					: g_2_1_4_2_3(g_2_1_4_2_3)
					: g_2_1_4_2_4(g_2_1_4_2_4)
					: g_2_1_4_2_5(g_2_1_4_2_5)
				:g _Gi__2_1_4_3(_Gi__2_1_4_3) [1,*] 
					: g_2_1_4_3_1(g_2_1_4_3_1)
					: g_2_1_4_3_2(g_2_1_4_3_2)
					: g_2_1_4_3_3(g_2_1_4_3_3)
					: g_2_1_4_3_4(g_2_1_4_3_4)
					: g_2_1_4_3_5(g_2_1_4_3_5)
			:g _Gi__2_1_5(_Gi__2_1_5) [1,*] 
				: g_2_1_5_1(g_2_1_5_1)
					:o o_2_1_5_1_1(o_2_1_5_1_1)
				: g_2_1_5_2(g_2_1_5_2)
					:o o_2_1_5_2_1(o_2_1_5_2_1)
					:m m_2_1_5_2_2(m_2_1_5_2_2)
					:m m_2_1_5_2_3(m_2_1_5_2_3)
				: g_2_1_5_3(g_2_1_5_3)
					:m m_2_1_5_3_1(m_2_1_5_3_1)
					:o o_2_1_5_3_2(o_2_1_5_3_2)
					:m m_2_1_5_3_3(m_2_1_5_3_3)
				: g_2_1_5_4(g_2_1_5_4)
					:o o_2_1_5_4_1(o_2_1_5_4_1)
					:o o_2_1_5_4_2(o_2_1_5_4_2)
					:m m_2_1_5_4_3(m_2_1_5_4_3)
	:o o_3(o_3)
		:o o_3_1(o_3_1)
			:m m_3_1_1(m_3_1_1)
				:m m_3_1_1_1(m_3_1_1_1)
				:o o_3_1_1_2(o_3_1_1_2)
				:m m_3_1_1_3(m_3_1_1_3)
			:g _Gi__3_1_2(_Gi__3_1_2) [1,*] 
				: g_3_1_2_1(g_3_1_2_1)
					:o o_3_1_2_1_1(o_3_1_2_1_1)
				: g_3_1_2_2(g_3_1_2_2)
					:o o_3_1_2_2_1(o_3_1_2_2_1)
				: g_3_1_2_3(g_3_1_2_3)
					:m m_3_1_2_3_1(m_3_1_2_3_1)
				: g_3_1_2_4(g_3_1_2_4)
					:o o_3_1_2_4_1(o_3_1_2_4_1)
				: g_3_1_2_5(g_3_1_2_5)
					:o o_3_1_2_5_1(o_3_1_2_5_1)
			:m m_3_1_3(m_3_1_3)
				:o o_3_1_3_1(o_3_1_3_1)
				:g _Ge__3_1_3_2(_Ge__3_1_3_2) [1,1] 
					: g_3_1_3_2_1(g_3_1_3_2_1)
					: g_3_1_3_2_2(g_3_1_3_2_2)
					: g_3_1_3_2_3(g_3_1_3_2_3)
					: g_3_1_3_2_4(g_3_1_3_2_4)
					: g_3_1_3_2_5(g_3_1_3_2_5)
					: g_3_1_3_2_6(g_3_1_3_2_6)
				:o o_3_1_3_3(o_3_1_3_3)
			:o o_3_1_4(o_3_1_4)
				:g _Ge__3_1_4_1(_Ge__3_1_4_1) [1,1] 
					: g_3_1_4_1_1(g_3_1_4_1_1)
					: g_3_1_4_1_2(g_3_1_4_1_2)
					: g_3_1_4_1_3(g_3_1_4_1_3)
					: g_3_1_4_1_4(g_3_1_4_1_4)
					: g_3_1_4_1_5(g_3_1_4_1_5)
				:g _Ge__3_1_4_2(_Ge__3_1_4_2) [1,1] 
					: g_3_1_4_2_1(g_3_1_4_2_1)
					: g_3_1_4_2_2(g_3_1_4_2_2)
					: g_3_1_4_2_3(g_3_1_4_2_3)
					: g_3_1_4_2_4(g_3_1_4_2_4)
					: g_3_1_4_2_5(g_3_1_4_2_5)
					: g_3_1_4_2_6(g_3_1_4_2_6)
				:o o_3_1_4_3(o_3_1_4_3)
				:m m_3_1_4_4(m_3_1_4_4)
			:m m_3_1_5(m_3_1_5)
				:g _Gi__3_1_5_1(_Gi__3_1_5_1) [1,*] 
					: g_3_1_5_1_1(g_3_1_5_1_1)
					: g_3_1_5_1_2(g_3_1_5_1_2)
					: g_3_1_5_1_3(g_3_1_5_1_3)
					: g_3_1_5_1_4(g_3_1_5_1_4)
					: g_3_1_5_1_5(g_3_1_5_1_5)
				:m m_3_1_5_2(m_3_1_5_2)
				:m m_3_1_5_3(m_3_1_5_3)
		:m m_3_2(m_3_2)
			:m m_3_2_1(m_3_2_1)
				:o o_3_2_1_1(o_3_2_1_1)
				:g _Ge__3_2_1_2(_Ge__3_2_1_2) [1,1] 
					: g_3_2_1_2_1(g_3_2_1_2_1)
					: g_3_2_1_2_2(g_3_2_1_2_2)
					: g_3_2_1_2_3(g_3_2_1_2_3)
					: g_3_2_1_2_4(g_3_2_1_2_4)
					: g_3_2_1_2_5(g_3_2_1_2_5)
					: g_3_2_1_2_6(g_3_2_1_2_6)
				:o o_3_2_1_3(o_3_2_1_3)
				:o o_3_2_1_4(o_3_2_1_4)
			:m m_3_2_2(m_3_2_2)
				:m m_3_2_2_1(m_3_2_2_1)
				:o o_3_2_2_2(o_3_2_2_2)
				:g _Gi__3_2_2_3(_Gi__3_2_2_3) [1,*] 
					: g_3_2_2_3_1(g_3_2_2_3_1)
					: g_3_2_2_3_2(g_3_2_2_3_2)
					: g_3_2_2_3_3(g_3_2_2_3_3)
					: g_3_2_2_3_4(g_3_2_2_3_4)
					: g_3_2_2_3_5(g_3_2_2_3_5)
					: g_3_2_2_3_6(g_3_2_2_3_6)
			:o o_3_2_3(o_3_2_3)
				:o o_3_2_3_1(o_3_2_3_1)
				:m m_3_2_3_2(m_3_2_3_2)
				:m m_3_2_3_3(m_3_2_3_3)
				:o o_3_2_3_4(o_3_2_3_4)
			:g _Gi__3_2_4(_Gi__3_2_4) [1,*] 
				: g_3_2_4_1(g_3_2_4_1)
				: g_3_2_4_2(g_3_2_4_2)
				: g_3_2_4_3(g_3_2_4_3)
				: g_3_2_4_4(g_3_2_4_4)
				: g_3_2_4_5(g_3_2_4_5)
				: g_3_2_4_6(g_3_2_4_6)
			:g _Ge__3_2_5(_Ge__3_2_5) [1,1] 
				: g_3_2_5_1(g_3_2_5_1)
					:m m_3_2_5_1_1(m_3_2_5_1_1)
				: g_3_2_5_2(g_3_2_5_2)
					:g _Gi__3_2_5_2_1(_Gi__3_2_5_2_1) [1,*] 
						: g_3_2_5_2_1_1(g_3_2_5_2_1_1)
						: g_3_2_5_2_1_2(g_3_2_5_2_1_2)
				: g_3_2_5_3(g_3_2_5_3)
					:g _Ge__3_2_5_3_1(_Ge__3_2_5_3_1) [1,1] 
						: g_3_2_5_3_1_1(g_3_2_5_3_1_1)
						: g_3_2_5_3_1_2(g_3_2_5_3_1_2)
			:g _Gi__3_2_6(_Gi__3_2_6) [1,*] 
				: g_3_2_6_1(g_3_2_6_1)
					:m m_3_2_6_1_1(m_3_2_6_1_1)
				: g_3_2_6_2(g_3_2_6_2)
					:m m_3_2_6_2_1(m_3_2_6_2_1)
		:m m_3_3(m_3_3)
			:g _Gi__3_3_1(_Gi__3_3_1) [1,*] 
				: g_3_3_1_1(g_3_3_1_1)
				: g_3_3_1_2(g_3_3_1_2)
				: g_3_3_1_3(g_3_3_1_3)
				: g_3_3_1_4(g_3_3_1_4)
				: g_3_3_1_5(g_3_3_1_5)
			:o o_3_3_2(o_3_3_2)
				:m m_3_3_2_1(m_3_3_2_1)
				:o o_3_3_2_2(o_3_3_2_2)
			:o o_3_3_3(o_3_3_3)
				:m m_3_3_3_1(m_3_3_3_1)
				:o o_3_3_3_2(o_3_3_3_2)
				:m m_3_3_3_3(m_3_3_3_3)
				:o o_3_3_3_4(o_3_3_3_4)
			:o o_3_3_4(o_3_3_4)
				:o o_3_3_4_1(o_3_3_4_1)
				:o o_3_3_4_2(o_3_3_4_2)
				:o o_3_3_4_3(o_3_3_4_3)
			:o o_3_3_5(o_3_3_5)
				:g _Gi__3_3_5_1(_Gi__3_3_5_1) [1,*] 
					: g_3_3_5_1_1(g_3_3_5_1_1)
					: g_3_3_5_1_2(g_3_3_5_1_2)
					: g_3_3_5_1_3(g_3_3_5_1_3)
					: g_3_3_5_1_4(g_3_3_5_1_4)
					: g_3_3_5_1_5(g_3_3_5_1_5)
				:m m_3_3_5_2(m_3_3_5_2)
				:m m_3_3_5_3(m_3_3_5_3)
			:o o_3_3_6(o_3_3_6)
				:m m_3_3_6_1(m_3_3_6_1)
				:m m_3_3_6_2(m_3_3_6_2)
		:o o_3_4(o_3_4)
			:o o_3_4_1(o_3_4_1)
				:o o_3_4_1_1(o_3_4_1_1)
				:g _Gi__3_4_1_2(_Gi__3_4_1_2) [1,*] 
					: g_3_4_1_2_1(g_3_4_1_2_1)
					: g_3_4_1_2_2(g_3_4_1_2_2)
					: g_3_4_1_2_3(g_3_4_1_2_3)
					: g_3_4_1_2_4(g_3_4_1_2_4)
					: g_3_4_1_2_5(g_3_4_1_2_5)
					: g_3_4_1_2_6(g_3_4_1_2_6)
				:m m_3_4_1_3(m_3_4_1_3)
				:o o_3_4_1_4(o_3_4_1_4)
				:o o_3_4_1_5(o_3_4_1_5)
				:g _Gi__3_4_1_6(_Gi__3_4_1_6) [1,*] 
					: g_3_4_1_6_1(g_3_4_1_6_1)
					: g_3_4_1_6_2(g_3_4_1_6_2)
			:m m_3_4_2(m_3_4_2)
				:o o_3_4_2_1(o_3_4_2_1)
				:o o_3_4_2_2(o_3_4_2_2)
				:o o_3_4_2_3(o_3_4_2_3)
				:g _Ge__3_4_2_4(_Ge__3_4_2_4) [1,1] 
					: g_3_4_2_4_1(g_3_4_2_4_1)
					: g_3_4_2_4_2(g_3_4_2_4_2)
					: g_3_4_2_4_3(g_3_4_2_4_3)
					: g_3_4_2_4_4(g_3_4_2_4_4)
					: g_3_4_2_4_5(g_3_4_2_4_5)
			:m m_3_4_3(m_3_4_3)
				:g _Gi__3_4_3_1(_Gi__3_4_3_1) [1,*] 
					: g_3_4_3_1_1(g_3_4_3_1_1)
					: g_3_4_3_1_2(g_3_4_3_1_2)
					: g_3_4_3_1_3(g_3_4_3_1_3)
				:o o_3_4_3_2(o_3_4_3_2)
				:m m_3_4_3_3(m_3_4_3_3)
			:g _Gi__3_4_4(_Gi__3_4_4) [1,*] 
				: g_3_4_4_1(g_3_4_4_1)
				: g_3_4_4_2(g_3_4_4_2)
				: g_3_4_4_3(g_3_4_4_3)
				: g_3_4_4_4(g_3_4_4_4)
				: g_3_4_4_5(g_3_4_4_5)
				: g_3_4_4_6(g_3_4_4_6)
		:o o_3_5(o_3_5)
			:m m_3_5_1(m_3_5_1)
				:m m_3_5_1_1(m_3_5_1_1)
				:m m_3_5_1_2(m_3_5_1_2)
				:o o_3_5_1_3(o_3_5_1_3)
				:m m_3_5_1_4(m_3_5_1_4)
				:m m_3_5_1_5(m_3_5_1_5)
		:m m_3_6(m_3_6)
			:o o_3_6_1(o_3_6_1)
				:g _Gi__3_6_1_1(_Gi__3_6_1_1) [1,*] 
					: g_3_6_1_1_1(g_3_6_1_1_1)
					: g_3_6_1_1_2(g_3_6_1_1_2)
				:o o_3_6_1_2(o_3_6_1_2)
				:o o_3_6_1_3(o_3_6_1_3)
	:m m_4(m_4)
		:m m_4_1(m_4_1)
			:o o_4_1_1(o_4_1_1)
				:m m_4_1_1_1(m_4_1_1_1)
				:m m_4_1_1_2(m_4_1_1_2)
				:o o_4_1_1_3(o_4_1_1_3)
				:g _Gi__4_1_1_4(_Gi__4_1_1_4) [1,*] 
					: g_4_1_1_4_1(g_4_1_1_4_1)
					: g_4_1_1_4_2(g_4_1_1_4_2)
					: g_4_1_1_4_3(g_4_1_1_4_3)
				:o o_4_1_1_5(o_4_1_1_5)
			:m m_4_1_2(m_4_1_2)
				:o o_4_1_2_1(o_4_1_2_1)
				:o o_4_1_2_2(o_4_1_2_2)
			:m m_4_1_3(m_4_1_3)
				:o o_4_1_3_1(o_4_1_3_1)
				:g _Gi__4_1_3_2(_Gi__4_1_3_2) [1,*] 
					: g_4_1_3_2_1(g_4_1_3_2_1)
					: g_4_1_3_2_2(g_4_1_3_2_2)
				:g _Ge__4_1_3_3(_Ge__4_1_3_3) [1,1] 
					: g_4_1_3_3_1(g_4_1_3_3_1)
					: g_4_1_3_3_2(g_4_1_3_3_2)
					: g_4_1_3_3_3(g_4_1_3_3_3)
					: g_4_1_3_3_4(g_4_1_3_3_4)
					: g_4_1_3_3_5(g_4_1_3_3_5)
				:m m_4_1_3_4(m_4_1_3_4)
				:g _Gi__4_1_3_5(_Gi__4_1_3_5) [1,*] 
					: g_4_1_3_5_1(g_4_1_3_5_1)
					: g_4_1_3_5_2(g_4_1_3_5_2)
					: g_4_1_3_5_3(g_4_1_3_5_3)
					: g_4_1_3_5_4(g_4_1_3_5_4)
					: g_4_1_3_5_5(g_4_1_3_5_5)
					: g_4_1_3_5_6(g_4_1_3_5_6)
				:o o_4_1_3_6(o_4_1_3_6)
		:g _Ge__4_2(_Ge__4_2) [1,1] 
			: g_4_2_1(g_4_2_1)
				:o o_4_2_1_1(o_4_2_1_1)
				:m m_4_2_1_2(m_4_2_1_2)
				:m m_4_2_1_3(m_4_2_1_3)
				:o o_4_2_1_4(o_4_2_1_4)
			: g_4_2_2(g_4_2_2)
				:m m_4_2_2_1(m_4_2_2_1)
					:o o_4_2_2_1_1(o_4_2_2_1_1)
				:o o_4_2_2_2(o_4_2_2_2)
					:m m_4_2_2_2_1(m_4_2_2_2_1)
			: g_4_2_3(g_4_2_3)
				:g _Ge__4_2_3_1(_Ge__4_2_3_1) [1,1] 
					: g_4_2_3_1_1(g_4_2_3_1_1)
					: g_4_2_3_1_2(g_4_2_3_1_2)
				:m m_4_2_3_2(m_4_2_3_2)
					:m m_4_2_3_2_1(m_4_2_3_2_1)
				:o o_4_2_3_3(o_4_2_3_3)
			: g_4_2_4(g_4_2_4)
				:m m_4_2_4_1(m_4_2_4_1)
				:o o_4_2_4_2(o_4_2_4_2)
				:g _Gi__4_2_4_3(_Gi__4_2_4_3) [1,*] 
					: g_4_2_4_3_1(g_4_2_4_3_1)
					: g_4_2_4_3_2(g_4_2_4_3_2)
					: g_4_2_4_3_3(g_4_2_4_3_3)
				:m m_4_2_4_4(m_4_2_4_4)
			: g_4_2_5(g_4_2_5)
				:o o_4_2_5_1(o_4_2_5_1)
				:g _Gi__4_2_5_2(_Gi__4_2_5_2) [1,*] 
					: g_4_2_5_2_1(g_4_2_5_2_1)
					: g_4_2_5_2_2(g_4_2_5_2_2)
					: g_4_2_5_2_3(g_4_2_5_2_3)
				:m m_4_2_5_3(m_4_2_5_3)
				:m m_4_2_5_4(m_4_2_5_4)
			: g_4_2_6(g_4_2_6)
				:o o_4_2_6_1(o_4_2_6_1)
				:m m_4_2_6_2(m_4_2_6_2)
				:o o_4_2_6_3(o_4_2_6_3)
				:o o_4_2_6_4(o_4_2_6_4)
		:g _Ge__4_3(_Ge__4_3) [1,1] 
			: g_4_3_1(g_4_3_1)
				:o o_4_3_1_1(o_4_3_1_1)
					:o o_4_3_1_1_1(o_4_3_1_1_1)
				:o o_4_3_1_2(o_4_3_1_2)
					:o o_4_3_1_2_1(o_4_3_1_2_1)
			: g_4_3_2(g_4_3_2)
				:m m_4_3_2_1(m_4_3_2_1)
					:g _Gi__4_3_2_1_1(_Gi__4_3_2_1_1) [1,*] 
						: g_4_3_2_1_1_1(g_4_3_2_1_1_1)
						: g_4_3_2_1_1_2(g_4_3_2_1_1_2)
						: g_4_3_2_1_1_3(g_4_3_2_1_1_3)
				:m m_4_3_2_2(m_4_3_2_2)
					:m m_4_3_2_2_1(m_4_3_2_2_1)
				:g _Ge__4_3_2_3(_Ge__4_3_2_3) [1,1] 
					: g_4_3_2_3_1(g_4_3_2_3_1)
					: g_4_3_2_3_2(g_4_3_2_3_2)
					: g_4_3_2_3_3(g_4_3_2_3_3)
				:o o_4_3_2_4(o_4_3_2_4)
			: g_4_3_3(g_4_3_3)
				:m m_4_3_3_1(m_4_3_3_1)
				:m m_4_3_3_2(m_4_3_3_2)
				:o o_4_3_3_3(o_4_3_3_3)
				:m m_4_3_3_4(m_4_3_3_4)
				:m m_4_3_3_5(m_4_3_3_5)
			: g_4_3_4(g_4_3_4)
				:m m_4_3_4_1(m_4_3_4_1)
				:g _Ge__4_3_4_2(_Ge__4_3_4_2) [1,1] 
					: g_4_3_4_2_1(g_4_3_4_2_1)
					: g_4_3_4_2_2(g_4_3_4_2_2)
				:o o_4_3_4_3(o_4_3_4_3)
				:o o_4_3_4_4(o_4_3_4_4)
				:o o_4_3_4_5(o_4_3_4_5)
			: g_4_3_5(g_4_3_5)
				:m m_4_3_5_1(m_4_3_5_1)
					:o o_4_3_5_1_1(o_4_3_5_1_1)
				:m m_4_3_5_2(m_4_3_5_2)
					:g _Ge__4_3_5_2_1(_Ge__4_3_5_2_1) [1,1] 
						: g_4_3_5_2_1_1(g_4_3_5_2_1_1)
						: g_4_3_5_2_1_2(g_4_3_5_2_1_2)
						: g_4_3_5_2_1_3(g_4_3_5_2_1_3)
						: g_4_3_5_2_1_4(g_4_3_5_2_1_4)
						: g_4_3_5_2_1_5(g_4_3_5_2_1_5)
				:m m_4_3_5_3(m_4_3_5_3)
				:o o_4_3_5_4(o_4_3_5_4)
		:o o_4_4(o_4_4)
			:o o_4_4_1(o_4_4_1)
				:m m_4_4_1_1(m_4_4_1_1)
				:m m_4_4_1_2(m_4_4_1_2)
				:m m_4_4_1_3(m_4_4_1_3)
				:m m_4_4_1_4(m_4_4_1_4)
				:g _Ge__4_4_1_5(_Ge__4_4_1_5) [1,1] 
					: g_4_4_1_5_1(g_4_4_1_5_1)
					: g_4_4_1_5_2(g_4_4_1_5_2)
					: g_4_4_1_5_3(g_4_4_1_5_3)
			:g _Ge__4_4_2(_Ge__4_4_2) [1,1] 
				: g_4_4_2_1(g_4_4_2_1)
					:o o_4_4_2_1_1(o_4_4_2_1_1)
					:o o_4_4_2_1_2(o_4_4_2_1_2)
					:m m_4_4_2_1_3(m_4_4_2_1_3)
					:o o_4_4_2_1_4(o_4_4_2_1_4)
				: g_4_4_2_2(g_4_4_2_2)
					:m m_4_4_2_2_1(m_4_4_2_2_1)
					:o o_4_4_2_2_2(o_4_4_2_2_2)
			:m m_4_4_3(m_4_4_3)
				:o o_4_4_3_1(o_4_4_3_1)
				:o o_4_4_3_2(o_4_4_3_2)
				:m m_4_4_3_3(m_4_4_3_3)
				:g _Ge__4_4_3_4(_Ge__4_4_3_4) [1,1] 
					: g_4_4_3_4_1(g_4_4_3_4_1)
					: g_4_4_3_4_2(g_4_4_3_4_2)
		:g _Gi__4_5(_Gi__4_5) [1,*] 
			: g_4_5_1(g_4_5_1)
				:g _Ge__4_5_1_1(_Ge__4_5_1_1) [1,1] 
					: g_4_5_1_1_1(g_4_5_1_1_1)
					: g_4_5_1_1_2(g_4_5_1_1_2)
					: g_4_5_1_1_3(g_4_5_1_1_3)
					: g_4_5_1_1_4(g_4_5_1_1_4)
					: g_4_5_1_1_5(g_4_5_1_1_5)
				:m m_4_5_1_2(m_4_5_1_2)
				:m m_4_5_1_3(m_4_5_1_3)
				:o o_4_5_1_4(o_4_5_1_4)
				:m m_4_5_1_5(m_4_5_1_5)
			: g_4_5_2(g_4_5_2)
				:m m_4_5_2_1(m_4_5_2_1)
				:g _Gi__4_5_2_2(_Gi__4_5_2_2) [1,*] 
					: g_4_5_2_2_1(g_4_5_2_2_1)
					: g_4_5_2_2_2(g_4_5_2_2_2)
					: g_4_5_2_2_3(g_4_5_2_2_3)
				:m m_4_5_2_3(m_4_5_2_3)
				:m m_4_5_2_4(m_4_5_2_4)
				:m m_4_5_2_5(m_4_5_2_5)
			: g_4_5_3(g_4_5_3)
				:m m_4_5_3_1(m_4_5_3_1)
					:g _Gi__4_5_3_1_1(_Gi__4_5_3_1_1) [1,*] 
						: g_4_5_3_1_1_1(g_4_5_3_1_1_1)
						: g_4_5_3_1_1_2(g_4_5_3_1_1_2)
						: g_4_5_3_1_1_3(g_4_5_3_1_1_3)
						: g_4_5_3_1_1_4(g_4_5_3_1_1_4)
						: g_4_5_3_1_1_5(g_4_5_3_1_1_5)
						: g_4_5_3_1_1_6(g_4_5_3_1_1_6)
				:o o_4_5_3_2(o_4_5_3_2)
					:m m_4_5_3_2_1(m_4_5_3_2_1)
				:o o_4_5_3_3(o_4_5_3_3)
				:m m_4_5_3_4(m_4_5_3_4)
			: g_4_5_4(g_4_5_4)
				:o o_4_5_4_1(o_4_5_4_1)
				:m m_4_5_4_2(m_4_5_4_2)
				:m m_4_5_4_3(m_4_5_4_3)
				:o o_4_5_4_4(o_4_5_4_4)
				:m m_4_5_4_5(m_4_5_4_5)
			: g_4_5_5(g_4_5_5)
				:o o_4_5_5_1(o_4_5_5_1)
					:o o_4_5_5_1_1(o_4_5_5_1_1)
					:m m_4_5_5_1_2(m_4_5_5_1_2)
					:m m_4_5_5_1_3(m_4_5_5_1_3)
		:m m_4_6(m_4_6)
			:o o_4_6_1(o_4_6_1)
				:o o_4_6_1_1(o_4_6_1_1)
				:m m_4_6_1_2(m_4_6_1_2)
				:m m_4_6_1_3(m_4_6_1_3)
	:o o_5(o_5)
		:m m_5_1(m_5_1)
			:m m_5_1_1(m_5_1_1)
				:g _Ge__5_1_1_1(_Ge__5_1_1_1) [1,1] 
					: g_5_1_1_1_1(g_5_1_1_1_1)
					: g_5_1_1_1_2(g_5_1_1_1_2)
					: g_5_1_1_1_3(g_5_1_1_1_3)
					: g_5_1_1_1_4(g_5_1_1_1_4)
				:o o_5_1_1_2(o_5_1_1_2)
				:o o_5_1_1_3(o_5_1_1_3)
				:g _Ge__5_1_1_4(_Ge__5_1_1_4) [1,1] 
					: g_5_1_1_4_1(g_5_1_1_4_1)
					: g_5_1_1_4_2(g_5_1_1_4_2)
			:o o_5_1_2(o_5_1_2)
				:o o_5_1_2_1(o_5_1_2_1)
				:o o_5_1_2_2(o_5_1_2_2)
				:g _Gi__5_1_2_3(_Gi__5_1_2_3) [1,*] 
					: g_5_1_2_3_1(g_5_1_2_3_1)
					: g_5_1_2_3_2(g_5_1_2_3_2)
				:m m_5_1_2_4(m_5_1_2_4)
			:g _Ge__5_1_3(_Ge__5_1_3) [1,1] 
				: g_5_1_3_1(g_5_1_3_1)
					:m m_5_1_3_1_1(m_5_1_3_1_1)
					:o o_5_1_3_1_2(o_5_1_3_1_2)
				: g_5_1_3_2(g_5_1_3_2)
					:g _Ge__5_1_3_2_1(_Ge__5_1_3_2_1) [1,1] 
						: g_5_1_3_2_1_1(g_5_1_3_2_1_1)
						: g_5_1_3_2_1_2(g_5_1_3_2_1_2)
					:m m_5_1_3_2_2(m_5_1_3_2_2)
				: g_5_1_3_3(g_5_1_3_3)
					:o o_5_1_3_3_1(o_5_1_3_3_1)
					:m m_5_1_3_3_2(m_5_1_3_3_2)
			:m m_5_1_4(m_5_1_4)
				:m m_5_1_4_1(m_5_1_4_1)
				:m m_5_1_4_2(m_5_1_4_2)
			:g _Ge__5_1_5(_Ge__5_1_5) [1,1] 
				: g_5_1_5_1(g_5_1_5_1)
					:o o_5_1_5_1_1(o_5_1_5_1_1)
					:m m_5_1_5_1_2(m_5_1_5_1_2)
				: g_5_1_5_2(g_5_1_5_2)
					:o o_5_1_5_2_1(o_5_1_5_2_1)
					:m m_5_1_5_2_2(m_5_1_5_2_2)
				: g_5_1_5_3(g_5_1_5_3)
					:m m_5_1_5_3_1(m_5_1_5_3_1)
					:o o_5_1_5_3_2(o_5_1_5_3_2)
		:m m_5_2(m_5_2)
			:g _Ge__5_2_1(_Ge__5_2_1) [1,1] 
				: g_5_2_1_1(g_5_2_1_1)
					:m m_5_2_1_1_1(m_5_2_1_1_1)
					:m m_5_2_1_1_2(m_5_2_1_1_2)
					:m m_5_2_1_1_3(m_5_2_1_1_3)
				: g_5_2_1_2(g_5_2_1_2)
					:o o_5_2_1_2_1(o_5_2_1_2_1)
					:g _Gi__5_2_1_2_2(_Gi__5_2_1_2_2) [1,*] 
						: g_5_2_1_2_2_1(g_5_2_1_2_2_1)
						: g_5_2_1_2_2_2(g_5_2_1_2_2_2)
						: g_5_2_1_2_2_3(g_5_2_1_2_2_3)
						: g_5_2_1_2_2_4(g_5_2_1_2_2_4)
						: g_5_2_1_2_2_5(g_5_2_1_2_2_5)
				: g_5_2_1_3(g_5_2_1_3)
					:o o_5_2_1_3_1(o_5_2_1_3_1)
				: g_5_2_1_4(g_5_2_1_4)
					:o o_5_2_1_4_1(o_5_2_1_4_1)
					:o o_5_2_1_4_2(o_5_2_1_4_2)
			:m m_5_2_2(m_5_2_2)
				:g _Ge__5_2_2_1(_Ge__5_2_2_1) [1,1] 
					: g_5_2_2_1_1(g_5_2_2_1_1)
					: g_5_2_2_1_2(g_5_2_2_1_2)
				:m m_5_2_2_2(m_5_2_2_2)
		:o o_5_3(o_5_3)
			:m m_5_3_1(m_5_3_1)
				:o o_5_3_1_1(o_5_3_1_1)
				:o o_5_3_1_2(o_5_3_1_2)
				:m m_5_3_1_3(m_5_3_1_3)
				:g _Ge__5_3_1_4(_Ge__5_3_1_4) [1,1] 
					: g_5_3_1_4_1(g_5_3_1_4_1)
					: g_5_3_1_4_2(g_5_3_1_4_2)
					: g_5_3_1_4_3(g_5_3_1_4_3)
					: g_5_3_1_4_4(g_5_3_1_4_4)
				:m m_5_3_1_5(m_5_3_1_5)
			:o o_5_3_2(o_5_3_2)
				:m m_5_3_2_1(m_5_3_2_1)
				:m m_5_3_2_2(m_5_3_2_2)
				:g _Gi__5_3_2_3(_Gi__5_3_2_3) [1,*] 
					: g_5_3_2_3_1(g_5_3_2_3_1)
					: g_5_3_2_3_2(g_5_3_2_3_2)
					: g_5_3_2_3_3(g_5_3_2_3_3)
				:o o_5_3_2_4(o_5_3_2_4)
				:m m_5_3_2_5(m_5_3_2_5)
				:g _Gi__5_3_2_6(_Gi__5_3_2_6) [1,*] 
					: g_5_3_2_6_1(g_5_3_2_6_1)
					: g_5_3_2_6_2(g_5_3_2_6_2)
					: g_5_3_2_6_3(g_5_3_2_6_3)
					: g_5_3_2_6_4(g_5_3_2_6_4)
					: g_5_3_2_6_5(g_5_3_2_6_5)
			:o o_5_3_3(o_5_3_3)
				:o o_5_3_3_1(o_5_3_3_1)
				:m m_5_3_3_2(m_5_3_3_2)
				:o o_5_3_3_3(o_5_3_3_3)
			:m m_5_3_4(m_5_3_4)
				:m m_5_3_4_1(m_5_3_4_1)
				:m m_5_3_4_2(m_5_3_4_2)
				:m m_5_3_4_3(m_5_3_4_3)
		:m m_5_4(m_5_4)
			:g _Gi__5_4_1(_Gi__5_4_1) [1,*] 
				: g_5_4_1_1(g_5_4_1_1)
					:o o_5_4_1_1_1(o_5_4_1_1_1)
					:o o_5_4_1_1_2(o_5_4_1_1_2)
				: g_5_4_1_2(g_5_4_1_2)
					:o o_5_4_1_2_1(o_5_4_1_2_1)
					:o o_5_4_1_2_2(o_5_4_1_2_2)
				: g_5_4_1_3(g_5_4_1_3)
					:o o_5_4_1_3_1(o_5_4_1_3_1)
					:m m_5_4_1_3_2(m_5_4_1_3_2)
				: g_5_4_1_4(g_5_4_1_4)
					:m m_5_4_1_4_1(m_5_4_1_4_1)
					:o o_5_4_1_4_2(o_5_4_1_4_2)
				: g_5_4_1_5(g_5_4_1_5)
					:g _Ge__5_4_1_5_1(_Ge__5_4_1_5_1) [1,1] 
						: g_5_4_1_5_1_1(g_5_4_1_5_1_1)
						: g_5_4_1_5_1_2(g_5_4_1_5_1_2)
						: g_5_4_1_5_1_3(g_5_4_1_5_1_3)
					:m m_5_4_1_5_2(m_5_4_1_5_2)
			:m m_5_4_2(m_5_4_2)
				:g _Gi__5_4_2_1(_Gi__5_4_2_1) [1,*] 
					: g_5_4_2_1_1(g_5_4_2_1_1)
					: g_5_4_2_1_2(g_5_4_2_1_2)
				:m m_5_4_2_2(m_5_4_2_2)
				:g _Ge__5_4_2_3(_Ge__5_4_2_3) [1,1] 
					: g_5_4_2_3_1(g_5_4_2_3_1)
					: g_5_4_2_3_2(g_5_4_2_3_2)
					: g_5_4_2_3_3(g_5_4_2_3_3)
					: g_5_4_2_3_4(g_5_4_2_3_4)
					: g_5_4_2_3_5(g_5_4_2_3_5)
					: g_5_4_2_3_6(g_5_4_2_3_6)
				:m m_5_4_2_4(m_5_4_2_4)
				:o o_5_4_2_5(o_5_4_2_5)
				:m m_5_4_2_6(m_5_4_2_6)
			:o o_5_4_3(o_5_4_3)
				:g _Gi__5_4_3_1(_Gi__5_4_3_1) [1,*] 
					: g_5_4_3_1_1(g_5_4_3_1_1)
					: g_5_4_3_1_2(g_5_4_3_1_2)
				:g _Ge__5_4_3_2(_Ge__5_4_3_2) [1,1] 
					: g_5_4_3_2_1(g_5_4_3_2_1)
					: g_5_4_3_2_2(g_5_4_3_2_2)
					: g_5_4_3_2_3(g_5_4_3_2_3)
				:g _Ge__5_4_3_3(_Ge__5_4_3_3) [1,1] 
					: g_5_4_3_3_1(g_5_4_3_3_1)
					: g_5_4_3_3_2(g_5_4_3_3_2)
					: g_5_4_3_3_3(g_5_4_3_3_3)
					: g_5_4_3_3_4(g_5_4_3_3_4)
				:m m_5_4_3_4(m_5_4_3_4)
				:m m_5_4_3_5(m_5_4_3_5)
	:m m_6(m_6)
		:o o_6_1(o_6_1)
			:o o_6_1_1(o_6_1_1)
				:m m_6_1_1_1(m_6_1_1_1)
				:g _Ge__6_1_1_2(_Ge__6_1_1_2) [1,1] 
					: g_6_1_1_2_1(g_6_1_1_2_1)
					: g_6_1_1_2_2(g_6_1_1_2_2)
					: g_6_1_1_2_3(g_6_1_1_2_3)
					: g_6_1_1_2_4(g_6_1_1_2_4)
					: g_6_1_1_2_5(g_6_1_1_2_5)
					: g_6_1_1_2_6(g_6_1_1_2_6)
				:m m_6_1_1_3(m_6_1_1_3)
				:m m_6_1_1_4(m_6_1_1_4)
				:m m_6_1_1_5(m_6_1_1_5)
				:g _Gi__6_1_1_6(_Gi__6_1_1_6) [1,*] 
					: g_6_1_1_6_1(g_6_1_1_6_1)
					: g_6_1_1_6_2(g_6_1_1_6_2)
					: g_6_1_1_6_3(g_6_1_1_6_3)
					: g_6_1_1_6_4(g_6_1_1_6_4)
					: g_6_1_1_6_5(g_6_1_1_6_5)
					: g_6_1_1_6_6(g_6_1_1_6_6)
			:m m_6_1_2(m_6_1_2)
				:m m_6_1_2_1(m_6_1_2_1)
				:o o_6_1_2_2(o_6_1_2_2)
				:m m_6_1_2_3(m_6_1_2_3)
		:g _Gi__6_2(_Gi__6_2) [1,*] 
			: g_6_2_1(g_6_2_1)
				:m m_6_2_1_1(m_6_2_1_1)
					:m m_6_2_1_1_1(m_6_2_1_1_1)
				:o o_6_2_1_2(o_6_2_1_2)
					:o o_6_2_1_2_1(o_6_2_1_2_1)
				:o o_6_2_1_3(o_6_2_1_3)
					:m m_6_2_1_3_1(m_6_2_1_3_1)
				:o o_6_2_1_4(o_6_2_1_4)
					:o o_6_2_1_4_1(o_6_2_1_4_1)
				:m m_6_2_1_5(m_6_2_1_5)
					:o o_6_2_1_5_1(o_6_2_1_5_1)
			: g_6_2_2(g_6_2_2)
				:m m_6_2_2_1(m_6_2_2_1)
					:g _Gi__6_2_2_1_1(_Gi__6_2_2_1_1) [1,*] 
						: g_6_2_2_1_1_1(g_6_2_2_1_1_1)
						: g_6_2_2_1_1_2(g_6_2_2_1_1_2)
						: g_6_2_2_1_1_3(g_6_2_2_1_1_3)
				:g _Gi__6_2_2_2(_Gi__6_2_2_2) [1,*] 
					: g_6_2_2_2_1(g_6_2_2_2_1)
					: g_6_2_2_2_2(g_6_2_2_2_2)
					: g_6_2_2_2_3(g_6_2_2_2_3)
				:g _Ge__6_2_2_3(_Ge__6_2_2_3) [1,1] 
					: g_6_2_2_3_1(g_6_2_2_3_1)
					: g_6_2_2_3_2(g_6_2_2_3_2)
					: g_6_2_2_3_3(g_6_2_2_3_3)
				:o o_6_2_2_4(o_6_2_2_4)
					:m m_6_2_2_4_1(m_6_2_2_4_1)
				:g _Gi__6_2_2_5(_Gi__6_2_2_5) [1,*] 
					: g_6_2_2_5_1(g_6_2_2_5_1)
					: g_6_2_2_5_2(g_6_2_2_5_2)
					: g_6_2_2_5_3(g_6_2_2_5_3)
					: g_6_2_2_5_4(g_6_2_2_5_4)
					: g_6_2_2_5_5(g_6_2_2_5_5)
					: g_6_2_2_5_6(g_6_2_2_5_6)
				:m m_6_2_2_6(m_6_2_2_6)
			: g_6_2_3(g_6_2_3)
				:g _Gi__6_2_3_1(_Gi__6_2_3_1) [1,*] 
					: g_6_2_3_1_1(g_6_2_3_1_1)
					: g_6_2_3_1_2(g_6_2_3_1_2)
					: g_6_2_3_1_3(g_6_2_3_1_3)
					: g_6_2_3_1_4(g_6_2_3_1_4)
					: g_6_2_3_1_5(g_6_2_3_1_5)
				:o o_6_2_3_2(o_6_2_3_2)
					:m m_6_2_3_2_1(m_6_2_3_2_1)
					:m m_6_2_3_2_2(m_6_2_3_2_2)
					:o o_6_2_3_2_3(o_6_2_3_2_3)
			: g_6_2_4(g_6_2_4)
				:o o_6_2_4_1(o_6_2_4_1)
					:o o_6_2_4_1_1(o_6_2_4_1_1)
					:m m_6_2_4_1_2(m_6_2_4_1_2)
					:m m_6_2_4_1_3(m_6_2_4_1_3)
			: g_6_2_5(g_6_2_5)
				:g _Gi__6_2_5_1(_Gi__6_2_5_1) [1,*] 
					: g_6_2_5_1_1(g_6_2_5_1_1)
						:g _Ge__6_2_5_1_1_1(_Ge__6_2_5_1_1_1) [1,1] 
							: g_6_2_5_1_1_1_1(g_6_2_5_1_1_1_1)
							: g_6_2_5_1_1_1_2(g_6_2_5_1_1_1_2)
					: g_6_2_5_1_2(g_6_2_5_1_2)
						:o o_6_2_5_1_2_1(o_6_2_5_1_2_1)
					: g_6_2_5_1_3(g_6_2_5_1_3)
						:o o_6_2_5_1_3_1(o_6_2_5_1_3_1)
				:g _Ge__6_2_5_2(_Ge__6_2_5_2) [1,1] 
					: g_6_2_5_2_1(g_6_2_5_2_1)
					: g_6_2_5_2_2(g_6_2_5_2_2)
					: g_6_2_5_2_3(g_6_2_5_2_3)
				:m m_6_2_5_3(m_6_2_5_3)
					:m m_6_2_5_3_1(m_6_2_5_3_1)
					:m m_6_2_5_3_2(m_6_2_5_3_2)
		:g _Ge__6_3(_Ge__6_3) [1,1] 
			: g_6_3_1(g_6_3_1)
				:m m_6_3_1_1(m_6_3_1_1)
					:o o_6_3_1_1_1(o_6_3_1_1_1)
				:g _Ge__6_3_1_2(_Ge__6_3_1_2) [1,1] 
					: g_6_3_1_2_1(g_6_3_1_2_1)
					: g_6_3_1_2_2(g_6_3_1_2_2)
					: g_6_3_1_2_3(g_6_3_1_2_3)
					: g_6_3_1_2_4(g_6_3_1_2_4)
					: g_6_3_1_2_5(g_6_3_1_2_5)
					: g_6_3_1_2_6(g_6_3_1_2_6)
				:o o_6_3_1_3(o_6_3_1_3)
					:m m_6_3_1_3_1(m_6_3_1_3_1)
					:o o_6_3_1_3_2(o_6_3_1_3_2)
			: g_6_3_2(g_6_3_2)
				:g _Ge__6_3_2_1(_Ge__6_3_2_1) [1,1] 
					: g_6_3_2_1_1(g_6_3_2_1_1)
					: g_6_3_2_1_2(g_6_3_2_1_2)
					: g_6_3_2_1_3(g_6_3_2_1_3)
					: g_6_3_2_1_4(g_6_3_2_1_4)
					: g_6_3_2_1_5(g_6_3_2_1_5)
					: g_6_3_2_1_6(g_6_3_2_1_6)
				:m m_6_3_2_2(m_6_3_2_2)
					:o o_6_3_2_2_1(o_6_3_2_2_1)
					:g _Ge__6_3_2_2_2(_Ge__6_3_2_2_2) [1,1] 
						: g_6_3_2_2_2_1(g_6_3_2_2_2_1)
						: g_6_3_2_2_2_2(g_6_3_2_2_2_2)
						: g_6_3_2_2_2_3(g_6_3_2_2_2_3)
						: g_6_3_2_2_2_4(g_6_3_2_2_2_4)
					:o o_6_3_2_2_3(o_6_3_2_2_3)
			: g_6_3_3(g_6_3_3)
				:g _Ge__6_3_3_1(_Ge__6_3_3_1) [1,1] 
					: g_6_3_3_1_1(g_6_3_3_1_1)
					: g_6_3_3_1_2(g_6_3_3_1_2)
					: g_6_3_3_1_3(g_6_3_3_1_3)
					: g_6_3_3_1_4(g_6_3_3_1_4)
					: g_6_3_3_1_5(g_6_3_3_1_5)
					: g_6_3_3_1_6(g_6_3_3_1_6)
				:m m_6_3_3_2(m_6_3_3_2)
					:o o_6_3_3_2_1(o_6_3_3_2_1)
				:g _Gi__6_3_3_3(_Gi__6_3_3_3) [1,*] 
					: g_6_3_3_3_1(g_6_3_3_3_1)
					: g_6_3_3_3_2(g_6_3_3_3_2)
				:m m_6_3_3_4(m_6_3_3_4)
					:m m_6_3_3_4_1(m_6_3_3_4_1)
				:m m_6_3_3_5(m_6_3_3_5)
					:g _Gi__6_3_3_5_1(_Gi__6_3_3_5_1) [1,*] 
						: g_6_3_3_5_1_1(g_6_3_3_5_1_1)
						: g_6_3_3_5_1_2(g_6_3_3_5_1_2)
						: g_6_3_3_5_1_3(g_6_3_3_5_1_3)
						: g_6_3_3_5_1_4(g_6_3_3_5_1_4)
						: g_6_3_3_5_1_5(g_6_3_3_5_1_5)
						: g_6_3_3_5_1_6(g_6_3_3_5_1_6)
			: g_6_3_4(g_6_3_4)
				:o o_6_3_4_1(o_6_3_4_1)
					:o o_6_3_4_1_1(o_6_3_4_1_1)
				:m m_6_3_4_2(m_6_3_4_2)
					:m m_6_3_4_2_1(m_6_3_4_2_1)
				:o o_6_3_4_3(o_6_3_4_3)
					:o o_6_3_4_3_1(o_6_3_4_3_1)
				:m m_6_3_4_4(m_6_3_4_4)
					:o o_6_3_4_4_1(o_6_3_4_4_1)
				:m m_6_3_4_5(m_6_3_4_5)
				:o o_6_3_4_6(o_6_3_4_6)
			: g_6_3_5(g_6_3_5)
				:m m_6_3_5_1(m_6_3_5_1)
					:o o_6_3_5_1_1(o_6_3_5_1_1)
				:o o_6_3_5_2(o_6_3_5_2)
					:m m_6_3_5_2_1(m_6_3_5_2_1)
				:o o_6_3_5_3(o_6_3_5_3)
					:o o_6_3_5_3_1(o_6_3_5_3_1)
				:g _Ge__6_3_5_4(_Ge__6_3_5_4) [1,1] 
					: g_6_3_5_4_1(g_6_3_5_4_1)
					: g_6_3_5_4_2(g_6_3_5_4_2)
				:o o_6_3_5_5(o_6_3_5_5)
				:g _Gi__6_3_5_6(_Gi__6_3_5_6) [1,*] 
					: g_6_3_5_6_1(g_6_3_5_6_1)
					: g_6_3_5_6_2(g_6_3_5_6_2)
					: g_6_3_5_6_3(g_6_3_5_6_3)
			: g_6_3_6(g_6_3_6)
				:m m_6_3_6_1(m_6_3_6_1)
					:o o_6_3_6_1_1(o_6_3_6_1_1)
				:o o_6_3_6_2(o_6_3_6_2)
					:g _Gi__6_3_6_2_1(_Gi__6_3_6_2_1) [1,*] 
						: g_6_3_6_2_1_1(g_6_3_6_2_1_1)
						: g_6_3_6_2_1_2(g_6_3_6_2_1_2)
						: g_6_3_6_2_1_3(g_6_3_6_2_1_3)
						: g_6_3_6_2_1_4(g_6_3_6_2_1_4)
						: g_6_3_6_2_1_5(g_6_3_6_2_1_5)
				:g _Ge__6_3_6_3(_Ge__6_3_6_3) [1,1] 
					: g_6_3_6_3_1(g_6_3_6_3_1)
					: g_6_3_6_3_2(g_6_3_6_3_2)
					: g_6_3_6_3_3(g_6_3_6_3_3)
				:g _Gi__6_3_6_4(_Gi__6_3_6_4) [1,*] 
					: g_6_3_6_4_1(g_6_3_6_4_1)
					: g_6_3_6_4_2(g_6_3_6_4_2)
					: g_6_3_6_4_3(g_6_3_6_4_3)
				:o o_6_3_6_5(o_6_3_6_5)
					:m m_6_3_6_5_1(m_6_3_6_5_1)
</feature_tree>
<constraints>
ec_1:g_1_4_3_2_2_1 OR (~g_3_4_4_1) OR (~m_3_3_5_3)
ec_2:g_1_3_1_2_1_2 OR g_1_4_3_2_2_2 OR (~o_4_5_3_3)
ec_3:g_6_3_2_2_2_3 OR o_1_3_1_5_2 OR (~o_1_3_2_2)
ec_4:g_1_3_2_2_2_1 OR (~g_2_1_4_2_1) OR (~m_6_2_2_1)
ec_5:(~m_1_2_3_4_1) OR o_1_3_2 OR o_3_1_4
ec_6:g_6_2_2_5_3 OR (~m_4_3_2_2_1) OR (~o_2_1_4_1_4)
ec_7:g_6_2_1 OR m_3_1_1 OR o_5_2_1_2_1
ec_8:(~g_5_2_1_2_2_5) OR (~g_6_2_5_1_1) OR o_4_4_2_1_2
ec_9:g_4_5_3_1_1_1 OR m_1_1_3_2 OR o_3_6_1_2
ec_10:g_1_3_1_1_1_1_1 OR g_1_3_1_3_1_1 OR g_5_3_2_3_3
ec_11:g_1_4_1_4_2_4 OR g_6_3_6 OR m_1_3_2_3_1
ec_12:g_1_2_4_4_1_5 OR (~g_2_1_4_1_2_2) OR o_3_2_3
ec_13:(~g_3_2_4_6) OR (~m_1_2_2) OR m_6_3_6_5_1
ec_14:g_1_4_1_4_2_2 OR g_3_2_2_3_2 OR g_6_2_5_1_1_1_1
ec_15:(~g_2_1_4_1_2_5) OR g_6_3_6_4_3 OR (~m_4_2_2_2_1)
ec_16:(~m_1_4_2_4_2) OR m_3_5_1_2 OR (~m_4_1_1_2)
ec_17:g_2_1_4_3_2 OR (~g_4_5_2_2_1) OR (~m_5_4_2_2)
ec_18:g_5_4_1_5 OR g_6_3_1_2_6 OR (~o_3_4_3_2)
ec_19:m_1_3_1_5_1 OR (~m_2_1_2_3) OR o_1_3_2_4_1
ec_20:m_3_5_1_4 OR o_2_1_2_1 OR (~o_3_3_4_1)
ec_21:(~g_1_1_3_2_2_1) OR g_6_2_3 OR (~m_4_4_1_2)
ec_22:(~g_6_3_2_2_2_1) OR o_2_1_5_3_2 OR (~o_6_2_1_2_1)
ec_23:(~g_4_5_1_1_1) OR m_1_4_2_3_2 OR m_4_5_2_4
ec_24:g_4_3_3 OR (~g_5_4_3_2_1) OR (~m_1_3)
ec_25:g_6_3_1_2_5 OR m_6_2_2_4_1 OR m_6_2_4_1_2
ec_26:(~g_1_4_1_4_1_2) OR (~g_6_3_6_3_2) OR m_3_3_3_3
ec_27:(~g_3_1_4_2_6) OR (~g_4_3_5_2_1_2) OR m_1_2_1_2_1
ec_28:g_1_1_1_1_1_1 OR (~g_4_3_2_3_3) OR o_5_4_1_1_2
ec_29:g_2_1_4_3_1 OR m_2_1_1_5_4 OR o_6_2_1_2
ec_30:g_1_1_3_2_2_4 OR (~g_4_1_1_4_1) OR (~o_6_3_4_1_1)
ec_31:g_1_1_1_4_1_2 OR (~g_2_1_1_1_4_1) OR (~g_2_1_4_2_5)
ec_32:(~g_1_3_1_1_1_1_2) OR g_3_4_4_6 OR o_6_1
ec_33:g_6_1_1_2_1 OR (~g_6_2_2_3_2) OR o_4_4_1
ec_34:g_1_3_2_1_2 OR g_4_3_2_3_2 OR (~m_1_2_2_3_1)
ec_35:(~g_2_1_2_2_5_1) OR g_4_1_3_5_6 OR (~m_1_3_1_2_3)
ec_36:g_1_3_2_2_2_5 OR g_5_4_3_1_1 OR o_2_1_1_4_1
ec_37:(~g_1_1_3_1_1_1) OR (~m_1_2_1_3) OR (~m_1_4_2_1_2)
ec_38:g_5_3_2_3_2 OR m_4_4_2_1_3 OR o_1_1_1_4
ec_39:(~g_1_1_1_2_2) OR (~g_1_4_3_1_1_2) OR (~g_5_1_5_1)
ec_40:g_1_3_1_1_3 OR (~g_6_1_1_2_6) OR o_4_2_1_4
ec_41:(~m_2_1_2_3_4) OR o_1_1_3_5_1 OR (~o_2_1_4_1_3)
ec_42:g_1_3_2_2_2_4 OR g_2_1_4_2_2 OR o_6_3_6_2
ec_43:(~g_1_4_2_5) OR g_3_4_4_4 OR (~o_4_2_6_3)
ec_44:(~m_4_2_1_2) OR (~m_4_2_3_2) OR o_4_4
ec_45:m_5_1_2_4 OR o_1_3_2_2_4 OR o_3_4_2_2
ec_46:g_6_3_3_1_2 OR m_1_4_3 OR m_5_4_1_4_1
ec_47:g_3_1_3_2_1 OR o_4_5_5_1_1 OR (~o_4_6_1_1)
ec_48:g_3_3_5_1_1 OR g_4_3_2_1_1_1 OR (~m_3_3_6_2)
ec_49:m_5_1_3_2_2 OR o_4_4_2_2_2 OR o_6_2_3_2_3
ec_50:(~g_1_1_3_2_2_2) OR (~g_1_2_5_1_5_2) OR (~m_6_3_5_2_1)
ec_51:g_5_1_3_2_1_2 OR o_2_1_5_1_1 OR o_3_3_5
ec_52:(~g_4_3_5_2_1_1) OR (~g_4_5_1) OR (~m_6_2_1_3_1)
ec_53:m_6_3_4_4 OR (~o_1_2_3_1_1) OR o_2_1_2_1_3
ec_54:(~g_3_1_2_3) OR (~m_5_3_4) OR (~m_6_1_1_1)
ec_55:m_2_1_2_3_2 OR m_5_3_1_3 OR o_1_3_2_4_2
ec_56:m_4_5_2_5 OR (~m_6_3_1_3_1) OR o_4_5_3_2
ec_57:(~g_1_4_3_4_1) OR g_3_4_1_6_1 OR g_4_1_3_5_1
ec_58:g_5_1_1_4_2 OR (~m_4_4_1_3) OR o_2_1_5_4_1
ec_59:(~g_1_3_1_1_1_1_3) OR (~m_3_4_3_3) OR m_4_1_3_4
ec_60:g_6_3_5_4_2 OR (~m_1_1_2_6) OR m_1_3_2_4
ec_61:(~g_3_6_1_1_2) OR m_3_1_2_3_1 OR m_4_3_5_2
ec_62:(~g_2_1_2_2_4_1) OR (~m_3_5_1_5) OR (~o_1_3_1_3)
ec_63:(~g_3_2_2_3_5) OR m_6_3_4_2 OR o_6_2_4_1
ec_64:g_2_1_1_1_4_1 OR (~g_2_1_4_2_5) OR (~g_6_2_3)
ec_65:g_4_5_1_1_1 OR o_1_1_3_5_1 OR (~o_2_1_4_1_4)
ec_66:m_6_2_2_4_1 OR (~o_3_6_1_2) OR o_5_4_1_1_2
ec_67:(~g_3_4_4_4) OR (~m_6_3_5_2_1) OR o_2_1_5_3_2
ec_68:g_1_1_1_1_1_1 OR g_1_4_3_2_2_2 OR (~g_6_2_3)
ec_69:(~g_4_5_1) OR (~m_1_3_1_5_1) OR o_5_4_1_1_2
ec_70:g_3_4_4_6 OR (~m_5_3_1_3) OR (~o_4_5_3_2)
ec_71:(~g_3_2_4_6) OR m_1_3_1_5_1 OR m_4_5_2_5
ec_72:g_1_3_2_1_2 OR g_1_4_1_4_2_2 OR m_1_3_2_4
ec_73:m_2_1_2_3_2 OR (~o_3_4_2_2) OR o_4_3_1_1_1
ec_74:(~g_1_3_1_1_1_1_3) OR g_6_3_6_3_2 OR (~m_6_3_6_5_1)
ec_75:g_4_5_1_1_1 OR (~m_1_3_2_3_1) OR m_6_2_1_3_1
ec_76:g_6_3_1 OR (~m_3_5_1_5) OR (~o_1_2_3_1_1)
ec_77:(~g_1_1_3_2_2_1) OR g_4_1_3_5_1 OR (~m_6_2_4_1_2)
ec_78:g_1_3_1_1_3 OR g_5_3_2_3_3 OR (~m_1_3_2_4)
ec_79:o_1_3_1_5_2 OR o_3_3_5 OR o_4_5_3_3
ec_80:g_1_3_1_1_1_1_1 OR g_3_4_4_4 OR o_4_3_2_4
ec_81:g_6_2_2_3_2 OR m_1_3 OR m_6_1_1_1
ec_82:g_1_1_3_2_2_2 OR (~g_5_3_2_3_1) OR o_2_1_5_4_1
ec_83:(~g_6_2_2_5_3) OR o_2_1_5_1_1 OR (~o_6_2_4_1)
ec_84:(~g_6_3_2_2_2_1) OR m_1_2_2_3_1 OR o_2_1_5_1_1
ec_85:(~g_2_1_1_1_4_1) OR (~g_4_5_1_1_1) OR m_1_2_1_2_1
ec_86:(~m_2_1_5_2_3) OR (~m_3_5_1_4) OR m_4_3_2_1
ec_87:g_2_1_4_2_5 OR (~g_6_2_2_5_3) OR (~m_1_3_2_3_1)
ec_88:m_3_4_3_3 OR m_4_1_3_4 OR (~m_6_3_4_2)
ec_89:g_3_4_4_1 OR g_6_1_1_2_1 OR (~o_3_4_2_2)
ec_90:m_3_5_1_4 OR o_2_1_1_4_1 OR (~o_2_1_5_3_2)
ec_91:(~g_2_1_4_3_2) OR g_4_3_2_1_1_1 OR m_1_2_1_2_1
ec_92:m_3_3_6_2 OR (~m_5_1_2_4) OR o_6_1
ec_93:g_1_1_3_2_2_4 OR (~g_3_6_1_1_2) OR (~o_6_2_3_2_3)
ec_94:(~g_1_1_3_2_2_2) OR (~g_1_4_3_2_2_1) OR (~o_3_1_4)
ec_95:g_1_4_3_4_1 OR g_4_3_2_1_1_1 OR m_6_2_1_3_1
ec_96:g_2_1_4_2_5 OR m_2_1_2_3 OR o_6_2_3_2_3
ec_97:g_4_1_1_4_1 OR g_5_2_1_2_2_5 OR (~o_4_4_1)
ec_98:(~m_6_2_2_4_1) OR (~o_1_3_2_2_4) OR (~o_4_2_6_3)
ec_99:(~g_2_1_4_2_1) OR (~m_1_3) OR (~m_3_3_6_2)
ec_100:(~g_1_4_1_4_1_2) OR (~g_6_2_5_1_1_1_1) OR o_3_3_5
ec_101:(~g_4_3_5_2_1_2) OR m_1_2_2_3_1 OR m_4_5_2_4
ec_102:m_5_1_2_4 OR o_1_3_2_4_1 OR o_4_4_2_1_2
ec_103:(~g_5_3_2_3_3) OR g_6_3_6_3_2 OR o_1_3_2
ec_104:(~g_5_4_1_5) OR m_1_4_3 OR o_1_3_2_4_2
ec_105:(~g_6_1_1_2_1) OR m_6_3_4_4 OR (~o_6_2_4_1)
ec_106:(~m_4_5_2_4) OR m_4_5_2_5 OR (~m_6_3_4_2)
ec_107:(~m_1_4_2_1_2) OR (~m_1_4_2_3_2) OR (~o_1_2_3_1_1)
ec_108:(~g_2_1_4_1_2_2) OR (~g_5_2_1_2_2_5) OR (~o_3_2_3)
ec_109:(~g_5_4_3_2_1) OR m_3_5_1_4 OR (~m_4_5_2_4)
ec_110:g_1_1_3_1_1_1 OR (~g_2_1_4_2_5) OR m_3_5_1_2
ec_111:g_6_3_3_1_2 OR o_1_1_3_5_1 OR o_1_3_1_5_2
ec_112:g_4_1_1_4_1 OR m_1_3_1_5_1 OR m_2_1_2_3
ec_113:(~g_4_1_3_5_1) OR (~m_3_3_5_3) OR m_4_1_3_4
ec_114:g_1_3_1_1_1_1_3 OR (~g_6_2_2_5_3) OR (~m_4_3_2_1)
ec_115:(~g_1_4_3_2_2_1) OR (~m_4_2_1_2) OR (~o_2_1_5_4_1)
ec_116:g_5_1_5_1 OR (~m_6_2_4_1_2) OR (~o_6_3_6_2)
ec_117:g_5_2_1_2_2_5 OR (~m_4_2_1_2) OR m_5_4_2_2
ec_118:(~g_4_5_1_1_1) OR m_6_2_2_4_1 OR (~o_3_3_4_1)
ec_119:g_1_3_1_1_1_1_2 OR g_5_1_5_1 OR (~o_6_3_4_1_1)
ec_120:g_1_1_1_1_1_1 OR g_4_3_2_1_1_1 OR (~m_3_1_2_3_1)
ec_121:(~g_4_3_5_2_1_2) OR o_1_1_3_5_1 OR o_2_1_2_1
ec_122:g_3_1_4_2_6 OR g_4_3_2_1_1_1 OR m_6_3_4_2
ec_123:g_1_4_3_2_2_1 OR (~g_6_2_2_5_3) OR o_4_5_3_2
ec_124:(~g_2_1_4_3_2) OR (~m_5_3_4) OR (~o_4_5_3_2)
ec_125:m_1_2_2_3_1 OR (~m_5_3_4) OR (~o_6_2_3_2_3)
ec_126:(~g_2_1_4_1_2_5) OR g_3_2_2_3_2 OR (~m_1_2_1_3)
ec_127:(~g_1_1_1_1_1_1) OR (~g_1_1_3_2_2_1) OR m_5_1_3_2_2
ec_128:(~g_1_1_3_2_2_2) OR m_4_3_2_1 OR o_1_1_1_4
ec_129:m_4_4_2_1_3 OR o_4_4_2_1_2 OR o_4_5_3_3
ec_130:g_4_3_5_2_1_1 OR g_5_3_2_3_1 OR o_5_4_1_1_2
ec_131:g_5_1_3_2 OR (~m_4_1_3_4) OR o_3_6_1_2
ec_132:(~g_1_3_2_2_2_1) OR (~m_5_1_2_4) OR o_1_3_2
ec_133:(~g_1_2_5_1_5_2) OR (~g_2_1_4_1_2_2) OR (~m_1_1_3_2)
ec_134:(~m_1_4_2_3_2) OR (~m_5_3_1_3) OR o_4_6_1_1
ec_135:(~g_1_2_5_1_5_2) OR m_4_4_1_3 OR (~o_2_1_5_4_1)
ec_136:(~g_2_1_2_2_5_1) OR g_4_3_2_3_3 OR m_3_3_6_2
ec_137:g_1_4_1_4_2_4 OR m_5_3_1_3 OR o_6_3_4_1_1
ec_138:g_1_2_4_4_1_5 OR (~g_2_1_4_2_2) OR g_6_3_2_2_2_1
ec_139:g_1_4_3_2_2_1 OR (~g_2_1_4_3_2) OR (~m_3_5_1_4)
ec_140:(~g_5_4_3_2_1) OR (~g_6_3_6_3_2) OR o_2_1_2_1_3
ec_141:(~g_1_1_3_2_2_1) OR (~g_6_3_5_4_2) OR (~m_4_3_2_1)
ec_142:(~m_1_4_3) OR (~m_3_1_2_3_1) OR m_3_5_1_4
ec_143:m_3_1_1 OR m_4_4_1_3 OR (~o_4_4_2_1_2)
ec_144:g_1_1_3_2_2_2 OR o_1_2_3_1_1 OR o_4_4_2_2_2
ec_145:g_1_3_2_1_2 OR g_5_1_5_1 OR o_3_4_3_2
ec_146:m_4_4_3 OR (~o_4_4_2_1_2) OR o_4_6_1_1
ec_147:(~g_1_1_3_2_2_4) OR g_4_1_1_4_1 OR (~m_4_5_2_5)
ec_148:(~g_1_4_2_5) OR (~g_4_3_5_2_1_2) OR m_5_4_2_2
ec_149:(~g_1_1_3_2_2_2) OR m_4_3_2_2_1 OR (~o_4_5_3_2)
ec_150:g_1_1_3_2_2_2 OR (~g_1_3_2_1_2) OR (~g_3_4_4_1)
ec_151:(~g_4_1_1_4_1) OR (~g_5_3_2_3_3) OR o_4_6_1_1
ec_152:g_3_1_3_2_1 OR (~m_1_4_2_1_2) OR o_1_2_3_1_1
ec_153:g_4_3_3 OR o_2_1_1_4_1 OR o_6_2_1_2_1
ec_154:m_1_2_2_3_1 OR o_4_3_2_4 OR o_6_1
ec_155:g_1_3_2_2_2_4 OR (~g_3_1_3_2_1) OR g_4_3_2_1_1_1
ec_156:(~m_1_4_2_4_2) OR (~m_2_1_1_5_4) OR (~o_3_3_4_1)
ec_157:(~g_3_2_2_3_2) OR (~g_4_1_3_5_6) OR o_2_1_1_3
ec_158:(~g_5_1_3_2) OR (~o_2_1_1_4_1) OR (~o_4_6_1_1)
ec_159:(~g_6_3_1) OR (~g_6_3_2_2_2_1) OR (~o_2_1_4_1_3)
ec_160:g_1_4_3_4_1 OR g_6_1_1_2_1 OR (~m_1_3_2_4)
ec_161:g_5_3_2_3_3 OR m_1_1_3_2 OR o_2_1_5_3_2
ec_162:g_1_3_1_1_1_1_2 OR g_6_3_6 OR o_1_1_3_5_1
ec_163:(~g_1_3_2_2_2_1) OR (~m_5_4_2_2) OR (~o_4_3_2_4)
ec_164:(~g_3_4_4_6) OR (~m_4_2_1_2) OR (~o_6_2_1_2_1)
ec_165:(~g_3_3_1_5) OR (~m_2_1_4_1) OR (~o_6_3_6_2)
ec_166:g_3_2_2_3_5 OR g_5_4_1_5 OR (~m_4_5_2_4)
ec_167:(~g_1_1_3_2_2_2) OR g_1_4_1_4_1_2 OR (~o_6_3_4_1_1)
ec_168:(~g_3_4_4_1) OR (~m_5_4_2_2) OR o_5_4_1_1_2
ec_169:g_1_3_2_2_2_4 OR g_1_4_1_4_2_2 OR g_4_5_1_1_1
ec_170:g_4_3_2_3_2 OR m_4_4_1_3 OR (~m_6_3_4_4)
ec_171:g_1_1_3_2_2_1 OR (~g_3_4_1_6_1) OR m_5_3_4
ec_172:g_4_3_5_2_1_1 OR (~m_1_1_3_2) OR (~o_4_4_2_1_2)
ec_173:g_4_5_1_1_1 OR (~m_1_2_2_3_1) OR (~m_1_4_3)
ec_174:(~g_2_1_4_1_2_2) OR g_4_5_1_1_1 OR (~m_3_5_1_4)
ec_175:g_1_3_2_2_2_1 OR (~g_6_1_1_2_1) OR (~o_4_3_1_1_1)
ec_176:(~g_6_2_5_1_1_1_1) OR m_6_2_1_3_1 OR o_1_3_2_2_4
ec_177:(~g_1_3_2_2_2_4) OR (~g_5_3_2_3_3) OR o_1_2_3_1_1
ec_178:m_1_3_1_2_3 OR (~m_6_3_5_2_1) OR o_4_4_2_1_2
ec_179:(~g_3_3_5_1_1) OR m_3_5_1_5 OR o_3_2_3
ec_180:(~g_1_3_2_2_2_1) OR g_4_3_2_3_3 OR g_6_3_2_2_2_1
ec_181:g_1_4_1_4_2_2 OR g_5_4_3_2_1 OR o_2_1_1_3
ec_182:g_4_3_5_2_1_1 OR m_1_3 OR m_5_1_2_4
ec_183:(~g_5_1_5_1) OR g_6_3_6_4_3 OR (~o_5_4_1_1_2)
ec_184:(~g_3_1_2_3) OR (~m_4_4_2_1_3) OR (~m_6_2_2_4_1)
ec_185:(~g_3_3_5_1_1) OR (~g_6_1_1_2_1) OR o_1_3_2_2
ec_186:(~g_2_1_1_1_4_1) OR g_6_3_1_2_6 OR (~m_5_4_1_4_1)
ec_187:(~m_1_2_3_4_1) OR m_3_3_3_3 OR m_4_1_3_4
ec_188:g_6_2_2_5_3 OR (~g_6_3_2_2_2_1) OR o_6_3_6_2
ec_189:g_2_1_4_3_2 OR g_5_1_5_1 OR o_2_1_5_1_1
ec_190:g_3_3_1_5 OR m_1_4_2_4_2 OR m_6_3_4_4
ec_191:(~g_1_1_1_2_2) OR (~g_5_1_1_4_2) OR (~g_5_3_2_3_2)
ec_192:(~g_1_1_1_2_2) OR (~m_1_3_1_5_1) OR (~m_6_3_1_3_1)
ec_193:g_1_2_4_4_1_5 OR (~m_6_1_1_1) OR (~o_3_6_1_2)
ec_194:g_3_1_4_2_6 OR g_4_1_3_5_1 OR g_4_1_3_5_6
ec_195:g_3_3_1_5 OR m_5_3_1_3 OR o_1_3_2_2_4
ec_196:m_3_3_5_3 OR o_1_1_3_5_1 OR o_6_3_6_2
ec_197:(~g_1_4_1_4_1_2) OR g_1_4_3_2_2_2 OR m_5_1_2_4
ec_198:g_3_2_4_6 OR g_5_1_3_2_1_2 OR m_2_1_2_3_4
ec_199:g_1_3_2_1_2 OR g_5_1_5_1 OR (~m_1_4_2_3_2)
ec_200:(~g_1_3_1_1_1_1_2) OR g_2_1_4_1_2_2 OR (~g_2_1_4_2_1)
</constraints>
</feature_model>
<!--
FEATURE MODEL STATISTICS ************************************
Model name.: 3-sat-fm-1000-20-5
tree depth.: 7
#root......: 1
#opt.......: 231
#man.......: 260
#grouped...: 508
#grouped [1,1]: 249
#grouped [1,n]: 259
#fgrp [1,1]: 63 (exclusive-OR)
#fgrp [1,N]: 70 (inclusive-OR)
#total features: 1000
#total nodes: 1133
ECR [0-1]..........: 0.2
CNF CLAUSES: Feature Tree 
  Total Variables: 1000
  Total Literals.: 2093
  Total Clauses..: 1831
  Clause density.: 1.831
  Clause arity...: 
  - 1 ..........: 0 (0.0%)
  - 2 ..........: 1698 (92.73620972146368%)
  - 3 ..........: 33 (1.8022938285090113%)
  - > 3 ........: 100 (5.461496450027307%)
CNF CLAUSES: Extra Constraints 
  Total Variables: 200
  Total Literals.: 315
  Total Clauses..: 200
  Clause density.: 1.0
  Clause arity...: 
  - 1 ..........: 0 (0.0%)
  - 2 ..........: 0 (0.0%)
  - 3 ..........: 200 (100.0%)
  - > 3 ........: 0 (0.0%)
CNF CLAUSES: Entire Feature Model
  Total Variables: 1000
  Total Literals.: 2120
  Total Clauses..: 2031
  Clause density.: 2.031
  Clause arity...: 
  - 1 ..........: 0 (0.0%)
  - 2 ..........: 1698 (83.60413589364845%)
  - 3 ..........: 233 (11.472181191531265%)
  - > 3 ........: 100 (4.923682914820286%)
*************************************************************
-->
