<feature_model name="3-sat-fm-500-20-5">
<meta>
<data name="description">Automatically-generated model</data>
<data name="creator">Automatically-generated model</data>
<data name="email">marcilio dot mendonca at gmail dot com</data>
<data name="date">May 2009</data>
<data name="department">SPLOT Project</data>
<data name="organization">University of Waterloo</data>
<data name="address">200 University Ave. West, Waterloo, ON, Canada</data>
<data name="phone"></data>
<data name="website">http://www.splot-research.org/</data>
<data name="reference">http://www.splot-research.org/</data>
</meta>
<feature_tree>
:r R(R)
	:m m_1(m_1)
		:m m_1_1(m_1_1)
			:g _Gi__1_1_1(_Gi__1_1_1) [1,*] 
				: g_1_1_1_1(g_1_1_1_1)
					:g _Ge__1_1_1_1_1(_Ge__1_1_1_1_1) [1,1] 
						: g_1_1_1_1_1_1(g_1_1_1_1_1_1)
						: g_1_1_1_1_1_2(g_1_1_1_1_1_2)
					:o o_1_1_1_1_2(o_1_1_1_1_2)
					:m m_1_1_1_1_3(m_1_1_1_1_3)
				: g_1_1_1_2(g_1_1_1_2)
					:m m_1_1_1_2_1(m_1_1_1_2_1)
					:o o_1_1_1_2_2(o_1_1_1_2_2)
					:g _Ge__1_1_1_2_3(_Ge__1_1_1_2_3) [1,1] 
						: g_1_1_1_2_3_1(g_1_1_1_2_3_1)
						: g_1_1_1_2_3_2(g_1_1_1_2_3_2)
					:m m_1_1_1_2_4(m_1_1_1_2_4)
					:o o_1_1_1_2_5(o_1_1_1_2_5)
					:m m_1_1_1_2_6(m_1_1_1_2_6)
		:o o_1_2(o_1_2)
			:g _Gi__1_2_1(_Gi__1_2_1) [1,*] 
				: g_1_2_1_1(g_1_2_1_1)
					:o o_1_2_1_1_1(o_1_2_1_1_1)
				: g_1_2_1_2(g_1_2_1_2)
					:o o_1_2_1_2_1(o_1_2_1_2_1)
			:m m_1_2_2(m_1_2_2)
				:o o_1_2_2_1(o_1_2_2_1)
			:o o_1_2_3(o_1_2_3)
				:m m_1_2_3_1(m_1_2_3_1)
			:m m_1_2_4(m_1_2_4)
				:m m_1_2_4_1(m_1_2_4_1)
			:o o_1_2_5(o_1_2_5)
				:m m_1_2_5_1(m_1_2_5_1)
			:m m_1_2_6(m_1_2_6)
				:o o_1_2_6_1(o_1_2_6_1)
		:o o_1_3(o_1_3)
			:o o_1_3_1(o_1_3_1)
				:g _Gi__1_3_1_1(_Gi__1_3_1_1) [1,*] 
					: g_1_3_1_1_1(g_1_3_1_1_1)
					: g_1_3_1_1_2(g_1_3_1_1_2)
				:m m_1_3_1_2(m_1_3_1_2)
				:o o_1_3_1_3(o_1_3_1_3)
				:g _Gi__1_3_1_4(_Gi__1_3_1_4) [1,*] 
					: g_1_3_1_4_1(g_1_3_1_4_1)
					: g_1_3_1_4_2(g_1_3_1_4_2)
					: g_1_3_1_4_3(g_1_3_1_4_3)
			:m m_1_3_2(m_1_3_2)
				:g _Gi__1_3_2_1(_Gi__1_3_2_1) [1,*] 
					: g_1_3_2_1_1(g_1_3_2_1_1)
					: g_1_3_2_1_2(g_1_3_2_1_2)
					: g_1_3_2_1_3(g_1_3_2_1_3)
					: g_1_3_2_1_4(g_1_3_2_1_4)
					: g_1_3_2_1_5(g_1_3_2_1_5)
					: g_1_3_2_1_6(g_1_3_2_1_6)
				:m m_1_3_2_2(m_1_3_2_2)
				:m m_1_3_2_3(m_1_3_2_3)
			:m m_1_3_3(m_1_3_3)
				:m m_1_3_3_1(m_1_3_3_1)
				:o o_1_3_3_2(o_1_3_3_2)
				:o o_1_3_3_3(o_1_3_3_3)
		:m m_1_4(m_1_4)
			:o o_1_4_1(o_1_4_1)
				:m m_1_4_1_1(m_1_4_1_1)
				:m m_1_4_1_2(m_1_4_1_2)
				:o o_1_4_1_3(o_1_4_1_3)
		:m m_1_5(m_1_5)
			:m m_1_5_1(m_1_5_1)
				:m m_1_5_1_1(m_1_5_1_1)
			:o o_1_5_2(o_1_5_2)
				:o o_1_5_2_1(o_1_5_2_1)
			:o o_1_5_3(o_1_5_3)
				:g _Gi__1_5_3_1(_Gi__1_5_3_1) [1,*] 
					: g_1_5_3_1_1(g_1_5_3_1_1)
					: g_1_5_3_1_2(g_1_5_3_1_2)
					: g_1_5_3_1_3(g_1_5_3_1_3)
					: g_1_5_3_1_4(g_1_5_3_1_4)
			:g _Gi__1_5_4(_Gi__1_5_4) [1,*] 
				: g_1_5_4_1(g_1_5_4_1)
				: g_1_5_4_2(g_1_5_4_2)
				: g_1_5_4_3(g_1_5_4_3)
				: g_1_5_4_4(g_1_5_4_4)
				: g_1_5_4_5(g_1_5_4_5)
				: g_1_5_4_6(g_1_5_4_6)
			:o o_1_5_5(o_1_5_5)
				:g _Ge__1_5_5_1(_Ge__1_5_5_1) [1,1] 
					: g_1_5_5_1_1(g_1_5_5_1_1)
					: g_1_5_5_1_2(g_1_5_5_1_2)
			:m m_1_5_6(m_1_5_6)
				:m m_1_5_6_1(m_1_5_6_1)
		:o o_1_6(o_1_6)
			:o o_1_6_1(o_1_6_1)
				:o o_1_6_1_1(o_1_6_1_1)
				:m m_1_6_1_2(m_1_6_1_2)
			:g _Ge__1_6_2(_Ge__1_6_2) [1,1] 
				: g_1_6_2_1(g_1_6_2_1)
					:m m_1_6_2_1_1(m_1_6_2_1_1)
				: g_1_6_2_2(g_1_6_2_2)
					:m m_1_6_2_2_1(m_1_6_2_2_1)
			:o o_1_6_3(o_1_6_3)
				:o o_1_6_3_1(o_1_6_3_1)
				:o o_1_6_3_2(o_1_6_3_2)
			:o o_1_6_4(o_1_6_4)
				:m m_1_6_4_1(m_1_6_4_1)
				:o o_1_6_4_2(o_1_6_4_2)
	:m m_2(m_2)
		:m m_2_1(m_2_1)
			:m m_2_1_1(m_2_1_1)
				:o o_2_1_1_1(o_2_1_1_1)
				:o o_2_1_1_2(o_2_1_1_2)
				:m m_2_1_1_3(m_2_1_1_3)
			:m m_2_1_2(m_2_1_2)
				:m m_2_1_2_1(m_2_1_2_1)
				:g _Gi__2_1_2_2(_Gi__2_1_2_2) [1,*] 
					: g_2_1_2_2_1(g_2_1_2_2_1)
					: g_2_1_2_2_2(g_2_1_2_2_2)
					: g_2_1_2_2_3(g_2_1_2_2_3)
		:o o_2_2(o_2_2)
			:m m_2_2_1(m_2_2_1)
				:o o_2_2_1_1(o_2_2_1_1)
				:m m_2_2_1_2(m_2_2_1_2)
				:o o_2_2_1_3(o_2_2_1_3)
				:m m_2_2_1_4(m_2_2_1_4)
			:g _Ge__2_2_2(_Ge__2_2_2) [1,1] 
				: g_2_2_2_1(g_2_2_2_1)
				: g_2_2_2_2(g_2_2_2_2)
				: g_2_2_2_3(g_2_2_2_3)
				: g_2_2_2_4(g_2_2_2_4)
				: g_2_2_2_5(g_2_2_2_5)
			:m m_2_2_3(m_2_2_3)
				:o o_2_2_3_1(o_2_2_3_1)
				:o o_2_2_3_2(o_2_2_3_2)
			:o o_2_2_4(o_2_2_4)
				:o o_2_2_4_1(o_2_2_4_1)
		:o o_2_3(o_2_3)
			:o o_2_3_1(o_2_3_1)
				:o o_2_3_1_1(o_2_3_1_1)
				:m m_2_3_1_2(m_2_3_1_2)
				:g _Ge__2_3_1_3(_Ge__2_3_1_3) [1,1] 
					: g_2_3_1_3_1(g_2_3_1_3_1)
					: g_2_3_1_3_2(g_2_3_1_3_2)
				:m m_2_3_1_4(m_2_3_1_4)
				:g _Gi__2_3_1_5(_Gi__2_3_1_5) [1,*] 
					: g_2_3_1_5_1(g_2_3_1_5_1)
					: g_2_3_1_5_2(g_2_3_1_5_2)
				:o o_2_3_1_6(o_2_3_1_6)
			:o o_2_3_2(o_2_3_2)
				:o o_2_3_2_1(o_2_3_2_1)
				:m m_2_3_2_2(m_2_3_2_2)
				:o o_2_3_2_3(o_2_3_2_3)
				:m m_2_3_2_4(m_2_3_2_4)
			:g _Gi__2_3_3(_Gi__2_3_3) [1,*] 
				: g_2_3_3_1(g_2_3_3_1)
					:g _Ge__2_3_3_1_1(_Ge__2_3_3_1_1) [1,1] 
						: g_2_3_3_1_1_1(g_2_3_3_1_1_1)
						: g_2_3_3_1_1_2(g_2_3_3_1_1_2)
						: g_2_3_3_1_1_3(g_2_3_3_1_1_3)
						: g_2_3_3_1_1_4(g_2_3_3_1_1_4)
				: g_2_3_3_2(g_2_3_3_2)
					:g _Gi__2_3_3_2_1(_Gi__2_3_3_2_1) [1,*] 
						: g_2_3_3_2_1_1(g_2_3_3_2_1_1)
						: g_2_3_3_2_1_2(g_2_3_3_2_1_2)
				: g_2_3_3_3(g_2_3_3_3)
					:g _Gi__2_3_3_3_1(_Gi__2_3_3_3_1) [1,*] 
						: g_2_3_3_3_1_1(g_2_3_3_3_1_1)
						: g_2_3_3_3_1_2(g_2_3_3_3_1_2)
				: g_2_3_3_4(g_2_3_3_4)
					:g _Gi__2_3_3_4_1(_Gi__2_3_3_4_1) [1,*] 
						: g_2_3_3_4_1_1(g_2_3_3_4_1_1)
						: g_2_3_3_4_1_2(g_2_3_3_4_1_2)
						: g_2_3_3_4_1_3(g_2_3_3_4_1_3)
						: g_2_3_3_4_1_4(g_2_3_3_4_1_4)
				: g_2_3_3_5(g_2_3_3_5)
					:m m_2_3_3_5_1(m_2_3_3_5_1)
		:g _Gi__2_4(_Gi__2_4) [1,*] 
			: g_2_4_1(g_2_4_1)
				:m m_2_4_1_1(m_2_4_1_1)
				:m m_2_4_1_2(m_2_4_1_2)
				:g _Gi__2_4_1_3(_Gi__2_4_1_3) [1,*] 
					: g_2_4_1_3_1(g_2_4_1_3_1)
					: g_2_4_1_3_2(g_2_4_1_3_2)
					: g_2_4_1_3_3(g_2_4_1_3_3)
					: g_2_4_1_3_4(g_2_4_1_3_4)
					: g_2_4_1_3_5(g_2_4_1_3_5)
					: g_2_4_1_3_6(g_2_4_1_3_6)
				:m m_2_4_1_4(m_2_4_1_4)
			: g_2_4_2(g_2_4_2)
				:g _Gi__2_4_2_1(_Gi__2_4_2_1) [1,*] 
					: g_2_4_2_1_1(g_2_4_2_1_1)
					: g_2_4_2_1_2(g_2_4_2_1_2)
				:o o_2_4_2_2(o_2_4_2_2)
					:m m_2_4_2_2_1(m_2_4_2_2_1)
				:g _Gi__2_4_2_3(_Gi__2_4_2_3) [1,*] 
					: g_2_4_2_3_1(g_2_4_2_3_1)
					: g_2_4_2_3_2(g_2_4_2_3_2)
			: g_2_4_3(g_2_4_3)
				:g _Gi__2_4_3_1(_Gi__2_4_3_1) [1,*] 
					: g_2_4_3_1_1(g_2_4_3_1_1)
						:m m_2_4_3_1_1_1(m_2_4_3_1_1_1)
					: g_2_4_3_1_2(g_2_4_3_1_2)
						:g _Gi__2_4_3_1_2_1(_Gi__2_4_3_1_2_1) [1,*] 
							: g_2_4_3_1_2_1_1(g_2_4_3_1_2_1_1)
							: g_2_4_3_1_2_1_2(g_2_4_3_1_2_1_2)
							: g_2_4_3_1_2_1_3(g_2_4_3_1_2_1_3)
							: g_2_4_3_1_2_1_4(g_2_4_3_1_2_1_4)
			: g_2_4_4(g_2_4_4)
				:o o_2_4_4_1(o_2_4_4_1)
				:o o_2_4_4_2(o_2_4_4_2)
				:o o_2_4_4_3(o_2_4_4_3)
				:g _Gi__2_4_4_4(_Gi__2_4_4_4) [1,*] 
					: g_2_4_4_4_1(g_2_4_4_4_1)
					: g_2_4_4_4_2(g_2_4_4_4_2)
	:m m_3(m_3)
		:m m_3_1(m_3_1)
			:g _Ge__3_1_1(_Ge__3_1_1) [1,1] 
				: g_3_1_1_1(g_3_1_1_1)
					:m m_3_1_1_1_1(m_3_1_1_1_1)
					:m m_3_1_1_1_2(m_3_1_1_1_2)
				: g_3_1_1_2(g_3_1_1_2)
					:o o_3_1_1_2_1(o_3_1_1_2_1)
					:o o_3_1_1_2_2(o_3_1_1_2_2)
			:o o_3_1_2(o_3_1_2)
				:m m_3_1_2_1(m_3_1_2_1)
			:o o_3_1_3(o_3_1_3)
				:o o_3_1_3_1(o_3_1_3_1)
				:o o_3_1_3_2(o_3_1_3_2)
			:m m_3_1_4(m_3_1_4)
				:g _Gi__3_1_4_1(_Gi__3_1_4_1) [1,*] 
					: g_3_1_4_1_1(g_3_1_4_1_1)
					: g_3_1_4_1_2(g_3_1_4_1_2)
					: g_3_1_4_1_3(g_3_1_4_1_3)
				:m m_3_1_4_2(m_3_1_4_2)
				:m m_3_1_4_3(m_3_1_4_3)
				:o o_3_1_4_4(o_3_1_4_4)
			:o o_3_1_5(o_3_1_5)
				:g _Gi__3_1_5_1(_Gi__3_1_5_1) [1,*] 
					: g_3_1_5_1_1(g_3_1_5_1_1)
					: g_3_1_5_1_2(g_3_1_5_1_2)
				:o o_3_1_5_2(o_3_1_5_2)
		:o o_3_2(o_3_2)
			:o o_3_2_1(o_3_2_1)
				:m m_3_2_1_1(m_3_2_1_1)
				:m m_3_2_1_2(m_3_2_1_2)
				:o o_3_2_1_3(o_3_2_1_3)
			:m m_3_2_2(m_3_2_2)
				:m m_3_2_2_1(m_3_2_2_1)
				:g _Gi__3_2_2_2(_Gi__3_2_2_2) [1,*] 
					: g_3_2_2_2_1(g_3_2_2_2_1)
					: g_3_2_2_2_2(g_3_2_2_2_2)
					: g_3_2_2_2_3(g_3_2_2_2_3)
					: g_3_2_2_2_4(g_3_2_2_2_4)
			:m m_3_2_3(m_3_2_3)
				:m m_3_2_3_1(m_3_2_3_1)
			:o o_3_2_4(o_3_2_4)
				:o o_3_2_4_1(o_3_2_4_1)
				:o o_3_2_4_2(o_3_2_4_2)
				:g _Ge__3_2_4_3(_Ge__3_2_4_3) [1,1] 
					: g_3_2_4_3_1(g_3_2_4_3_1)
					: g_3_2_4_3_2(g_3_2_4_3_2)
					: g_3_2_4_3_3(g_3_2_4_3_3)
					: g_3_2_4_3_4(g_3_2_4_3_4)
					: g_3_2_4_3_5(g_3_2_4_3_5)
				:m m_3_2_4_4(m_3_2_4_4)
				:o o_3_2_4_5(o_3_2_4_5)
		:m m_3_3(m_3_3)
			:o o_3_3_1(o_3_3_1)
				:o o_3_3_1_1(o_3_3_1_1)
				:m m_3_3_1_2(m_3_3_1_2)
			:o o_3_3_2(o_3_3_2)
				:g _Gi__3_3_2_1(_Gi__3_3_2_1) [1,*] 
					: g_3_3_2_1_1(g_3_3_2_1_1)
					: g_3_3_2_1_2(g_3_3_2_1_2)
			:m m_3_3_3(m_3_3_3)
				:o o_3_3_3_1(o_3_3_3_1)
				:o o_3_3_3_2(o_3_3_3_2)
				:g _Ge__3_3_3_3(_Ge__3_3_3_3) [1,1] 
					: g_3_3_3_3_1(g_3_3_3_3_1)
					: g_3_3_3_3_2(g_3_3_3_3_2)
					: g_3_3_3_3_3(g_3_3_3_3_3)
					: g_3_3_3_3_4(g_3_3_3_3_4)
					: g_3_3_3_3_5(g_3_3_3_3_5)
			:g _Gi__3_3_4(_Gi__3_3_4) [1,*] 
				: g_3_3_4_1(g_3_3_4_1)
					:o o_3_3_4_1_1(o_3_3_4_1_1)
				: g_3_3_4_2(g_3_3_4_2)
					:m m_3_3_4_2_1(m_3_3_4_2_1)
			:o o_3_3_5(o_3_3_5)
				:m m_3_3_5_1(m_3_3_5_1)
				:o o_3_3_5_2(o_3_3_5_2)
				:o o_3_3_5_3(o_3_3_5_3)
			:g _Ge__3_3_6(_Ge__3_3_6) [1,1] 
				: g_3_3_6_1(g_3_3_6_1)
				: g_3_3_6_2(g_3_3_6_2)
				: g_3_3_6_3(g_3_3_6_3)
				: g_3_3_6_4(g_3_3_6_4)
				: g_3_3_6_5(g_3_3_6_5)
	:o o_4(o_4)
		:g _Gi__4_1(_Gi__4_1) [1,*] 
			: g_4_1_1(g_4_1_1)
				:o o_4_1_1_1(o_4_1_1_1)
					:g _Gi__4_1_1_1_1(_Gi__4_1_1_1_1) [1,*] 
						: g_4_1_1_1_1_1(g_4_1_1_1_1_1)
						: g_4_1_1_1_1_2(g_4_1_1_1_1_2)
						: g_4_1_1_1_1_3(g_4_1_1_1_1_3)
						: g_4_1_1_1_1_4(g_4_1_1_1_1_4)
						: g_4_1_1_1_1_5(g_4_1_1_1_1_5)
						: g_4_1_1_1_1_6(g_4_1_1_1_1_6)
				:o o_4_1_1_2(o_4_1_1_2)
					:m m_4_1_1_2_1(m_4_1_1_2_1)
			: g_4_1_2(g_4_1_2)
				:m m_4_1_2_1(m_4_1_2_1)
				:g _Ge__4_1_2_2(_Ge__4_1_2_2) [1,1] 
					: g_4_1_2_2_1(g_4_1_2_2_1)
					: g_4_1_2_2_2(g_4_1_2_2_2)
				:m m_4_1_2_3(m_4_1_2_3)
			: g_4_1_3(g_4_1_3)
				:o o_4_1_3_1(o_4_1_3_1)
					:m m_4_1_3_1_1(m_4_1_3_1_1)
				:g _Ge__4_1_3_2(_Ge__4_1_3_2) [1,1] 
					: g_4_1_3_2_1(g_4_1_3_2_1)
					: g_4_1_3_2_2(g_4_1_3_2_2)
			: g_4_1_4(g_4_1_4)
				:o o_4_1_4_1(o_4_1_4_1)
				:g _Gi__4_1_4_2(_Gi__4_1_4_2) [1,*] 
					: g_4_1_4_2_1(g_4_1_4_2_1)
					: g_4_1_4_2_2(g_4_1_4_2_2)
					: g_4_1_4_2_3(g_4_1_4_2_3)
					: g_4_1_4_2_4(g_4_1_4_2_4)
					: g_4_1_4_2_5(g_4_1_4_2_5)
				:m m_4_1_4_3(m_4_1_4_3)
		:m m_4_2(m_4_2)
			:m m_4_2_1(m_4_2_1)
				:o o_4_2_1_1(o_4_2_1_1)
			:g _Ge__4_2_2(_Ge__4_2_2) [1,1] 
				: g_4_2_2_1(g_4_2_2_1)
					:g _Ge__4_2_2_1_1(_Ge__4_2_2_1_1) [1,1] 
						: g_4_2_2_1_1_1(g_4_2_2_1_1_1)
						: g_4_2_2_1_1_2(g_4_2_2_1_1_2)
						: g_4_2_2_1_1_3(g_4_2_2_1_1_3)
				: g_4_2_2_2(g_4_2_2_2)
					:o o_4_2_2_2_1(o_4_2_2_2_1)
			:m m_4_2_3(m_4_2_3)
				:m m_4_2_3_1(m_4_2_3_1)
				:g _Ge__4_2_3_2(_Ge__4_2_3_2) [1,1] 
					: g_4_2_3_2_1(g_4_2_3_2_1)
					: g_4_2_3_2_2(g_4_2_3_2_2)
					: g_4_2_3_2_3(g_4_2_3_2_3)
				:o o_4_2_3_3(o_4_2_3_3)
		:m m_4_3(m_4_3)
			:o o_4_3_1(o_4_3_1)
				:m m_4_3_1_1(m_4_3_1_1)
				:m m_4_3_1_2(m_4_3_1_2)
				:o o_4_3_1_3(o_4_3_1_3)
			:o o_4_3_2(o_4_3_2)
				:m m_4_3_2_1(m_4_3_2_1)
				:o o_4_3_2_2(o_4_3_2_2)
			:m m_4_3_3(m_4_3_3)
				:o o_4_3_3_1(o_4_3_3_1)
				:g _Gi__4_3_3_2(_Gi__4_3_3_2) [1,*] 
					: g_4_3_3_2_1(g_4_3_3_2_1)
					: g_4_3_3_2_2(g_4_3_3_2_2)
					: g_4_3_3_2_3(g_4_3_3_2_3)
					: g_4_3_3_2_4(g_4_3_3_2_4)
			:o o_4_3_4(o_4_3_4)
				:o o_4_3_4_1(o_4_3_4_1)
				:m m_4_3_4_2(m_4_3_4_2)
		:o o_4_4(o_4_4)
			:g _Gi__4_4_1(_Gi__4_4_1) [1,*] 
				: g_4_4_1_1(g_4_4_1_1)
					:o o_4_4_1_1_1(o_4_4_1_1_1)
					:g _Ge__4_4_1_1_2(_Ge__4_4_1_1_2) [1,1] 
						: g_4_4_1_1_2_1(g_4_4_1_1_2_1)
						: g_4_4_1_1_2_2(g_4_4_1_1_2_2)
					:g _Gi__4_4_1_1_3(_Gi__4_4_1_1_3) [1,*] 
						: g_4_4_1_1_3_1(g_4_4_1_1_3_1)
						: g_4_4_1_1_3_2(g_4_4_1_1_3_2)
						: g_4_4_1_1_3_3(g_4_4_1_1_3_3)
						: g_4_4_1_1_3_4(g_4_4_1_1_3_4)
						: g_4_4_1_1_3_5(g_4_4_1_1_3_5)
				: g_4_4_1_2(g_4_4_1_2)
					:o o_4_4_1_2_1(o_4_4_1_2_1)
					:m m_4_4_1_2_2(m_4_4_1_2_2)
					:o o_4_4_1_2_3(o_4_4_1_2_3)
			:g _Ge__4_4_2(_Ge__4_4_2) [1,1] 
				: g_4_4_2_1(g_4_4_2_1)
					:o o_4_4_2_1_1(o_4_4_2_1_1)
					:o o_4_4_2_1_2(o_4_4_2_1_2)
				: g_4_4_2_2(g_4_4_2_2)
					:g _Gi__4_4_2_2_1(_Gi__4_4_2_2_1) [1,*] 
						: g_4_4_2_2_1_1(g_4_4_2_2_1_1)
						: g_4_4_2_2_1_2(g_4_4_2_2_1_2)
					:m m_4_4_2_2_2(m_4_4_2_2_2)
		:o o_4_5(o_4_5)
			:m m_4_5_1(m_4_5_1)
				:g _Gi__4_5_1_1(_Gi__4_5_1_1) [1,*] 
					: g_4_5_1_1_1(g_4_5_1_1_1)
					: g_4_5_1_1_2(g_4_5_1_1_2)
					: g_4_5_1_1_3(g_4_5_1_1_3)
					: g_4_5_1_1_4(g_4_5_1_1_4)
					: g_4_5_1_1_5(g_4_5_1_1_5)
					: g_4_5_1_1_6(g_4_5_1_1_6)
			:m m_4_5_2(m_4_5_2)
				:o o_4_5_2_1(o_4_5_2_1)
				:o o_4_5_2_2(o_4_5_2_2)
			:o o_4_5_3(o_4_5_3)
				:o o_4_5_3_1(o_4_5_3_1)
			:m m_4_5_4(m_4_5_4)
				:g _Ge__4_5_4_1(_Ge__4_5_4_1) [1,1] 
					: g_4_5_4_1_1(g_4_5_4_1_1)
					: g_4_5_4_1_2(g_4_5_4_1_2)
					: g_4_5_4_1_3(g_4_5_4_1_3)
					: g_4_5_4_1_4(g_4_5_4_1_4)
					: g_4_5_4_1_5(g_4_5_4_1_5)
					: g_4_5_4_1_6(g_4_5_4_1_6)
			:o o_4_5_5(o_4_5_5)
				:m m_4_5_5_1(m_4_5_5_1)
		:g _Ge__4_6(_Ge__4_6) [1,1] 
			: g_4_6_1(g_4_6_1)
				:o o_4_6_1_1(o_4_6_1_1)
					:m m_4_6_1_1_1(m_4_6_1_1_1)
				:m m_4_6_1_2(m_4_6_1_2)
					:m m_4_6_1_2_1(m_4_6_1_2_1)
				:o o_4_6_1_3(o_4_6_1_3)
				:o o_4_6_1_4(o_4_6_1_4)
				:m m_4_6_1_5(m_4_6_1_5)
			: g_4_6_2(g_4_6_2)
				:m m_4_6_2_1(m_4_6_2_1)
					:m m_4_6_2_1_1(m_4_6_2_1_1)
					:o o_4_6_2_1_2(o_4_6_2_1_2)
				:m m_4_6_2_2(m_4_6_2_2)
					:o o_4_6_2_2_1(o_4_6_2_2_1)
					:m m_4_6_2_2_2(m_4_6_2_2_2)
	:m m_5(m_5)
		:m m_5_1(m_5_1)
			:m m_5_1_1(m_5_1_1)
				:m m_5_1_1_1(m_5_1_1_1)
				:m m_5_1_1_2(m_5_1_1_2)
			:m m_5_1_2(m_5_1_2)
				:g _Ge__5_1_2_1(_Ge__5_1_2_1) [1,1] 
					: g_5_1_2_1_1(g_5_1_2_1_1)
					: g_5_1_2_1_2(g_5_1_2_1_2)
			:o o_5_1_3(o_5_1_3)
				:m m_5_1_3_1(m_5_1_3_1)
				:o o_5_1_3_2(o_5_1_3_2)
				:g _Ge__5_1_3_3(_Ge__5_1_3_3) [1,1] 
					: g_5_1_3_3_1(g_5_1_3_3_1)
					: g_5_1_3_3_2(g_5_1_3_3_2)
				:o o_5_1_3_4(o_5_1_3_4)
			:m m_5_1_4(m_5_1_4)
				:g _Ge__5_1_4_1(_Ge__5_1_4_1) [1,1] 
					: g_5_1_4_1_1(g_5_1_4_1_1)
					: g_5_1_4_1_2(g_5_1_4_1_2)
		:o o_5_2(o_5_2)
			:o o_5_2_1(o_5_2_1)
			:m m_5_2_2(m_5_2_2)
			:o o_5_2_3(o_5_2_3)
			:o o_5_2_4(o_5_2_4)
		:m m_5_3(m_5_3)
			:m m_5_3_1(m_5_3_1)
			:m m_5_3_2(m_5_3_2)
			:m m_5_3_3(m_5_3_3)
			:g _Ge__5_3_4(_Ge__5_3_4) [1,1] 
				: g_5_3_4_1(g_5_3_4_1)
				: g_5_3_4_2(g_5_3_4_2)
				: g_5_3_4_3(g_5_3_4_3)
				: g_5_3_4_4(g_5_3_4_4)
			:o o_5_3_5(o_5_3_5)
	:g _Ge__6(_Ge__6) [1,1] 
		: g_6_1(g_6_1)
			:m m_6_1_1(m_6_1_1)
				:g _Gi__6_1_1_1(_Gi__6_1_1_1) [1,*] 
					: g_6_1_1_1_1(g_6_1_1_1_1)
					: g_6_1_1_1_2(g_6_1_1_1_2)
					: g_6_1_1_1_3(g_6_1_1_1_3)
				:g _Ge__6_1_1_2(_Ge__6_1_1_2) [1,1] 
					: g_6_1_1_2_1(g_6_1_1_2_1)
					: g_6_1_1_2_2(g_6_1_1_2_2)
			:m m_6_1_2(m_6_1_2)
				:o o_6_1_2_1(o_6_1_2_1)
				:m m_6_1_2_2(m_6_1_2_2)
			:o o_6_1_3(o_6_1_3)
				:m m_6_1_3_1(m_6_1_3_1)
				:g _Gi__6_1_3_2(_Gi__6_1_3_2) [1,*] 
					: g_6_1_3_2_1(g_6_1_3_2_1)
					: g_6_1_3_2_2(g_6_1_3_2_2)
					: g_6_1_3_2_3(g_6_1_3_2_3)
			:g _Gi__6_1_4(_Gi__6_1_4) [1,*] 
				: g_6_1_4_1(g_6_1_4_1)
				: g_6_1_4_2(g_6_1_4_2)
				: g_6_1_4_3(g_6_1_4_3)
				: g_6_1_4_4(g_6_1_4_4)
			:g _Ge__6_1_5(_Ge__6_1_5) [1,1] 
				: g_6_1_5_1(g_6_1_5_1)
				: g_6_1_5_2(g_6_1_5_2)
				: g_6_1_5_3(g_6_1_5_3)
				: g_6_1_5_4(g_6_1_5_4)
				: g_6_1_5_5(g_6_1_5_5)
				: g_6_1_5_6(g_6_1_5_6)
			:m m_6_1_6(m_6_1_6)
				:m m_6_1_6_1(m_6_1_6_1)
		: g_6_2(g_6_2)
			:m m_6_2_1(m_6_2_1)
				:g _Gi__6_2_1_1(_Gi__6_2_1_1) [1,*] 
					: g_6_2_1_1_1(g_6_2_1_1_1)
					: g_6_2_1_1_2(g_6_2_1_1_2)
					: g_6_2_1_1_3(g_6_2_1_1_3)
					: g_6_2_1_1_4(g_6_2_1_1_4)
					: g_6_2_1_1_5(g_6_2_1_1_5)
		: g_6_3(g_6_3)
			:m m_6_3_1(m_6_3_1)
				:g _Ge__6_3_1_1(_Ge__6_3_1_1) [1,1] 
					: g_6_3_1_1_1(g_6_3_1_1_1)
					: g_6_3_1_1_2(g_6_3_1_1_2)
					: g_6_3_1_1_3(g_6_3_1_1_3)
					: g_6_3_1_1_4(g_6_3_1_1_4)
					: g_6_3_1_1_5(g_6_3_1_1_5)
			:o o_6_3_2(o_6_3_2)
				:o o_6_3_2_1(o_6_3_2_1)
				:m m_6_3_2_2(m_6_3_2_2)
			:o o_6_3_3(o_6_3_3)
				:o o_6_3_3_1(o_6_3_3_1)
			:m m_6_3_4(m_6_3_4)
				:m m_6_3_4_1(m_6_3_4_1)
			:o o_6_3_5(o_6_3_5)
				:m m_6_3_5_1(m_6_3_5_1)
				:o o_6_3_5_2(o_6_3_5_2)
		: g_6_4(g_6_4)
			:o o_6_4_1(o_6_4_1)
				:o o_6_4_1_1(o_6_4_1_1)
				:o o_6_4_1_2(o_6_4_1_2)
			:m m_6_4_2(m_6_4_2)
				:g _Gi__6_4_2_1(_Gi__6_4_2_1) [1,*] 
					: g_6_4_2_1_1(g_6_4_2_1_1)
					: g_6_4_2_1_2(g_6_4_2_1_2)
				:o o_6_4_2_2(o_6_4_2_2)
				:g _Gi__6_4_2_3(_Gi__6_4_2_3) [1,*] 
					: g_6_4_2_3_1(g_6_4_2_3_1)
					: g_6_4_2_3_2(g_6_4_2_3_2)
					: g_6_4_2_3_3(g_6_4_2_3_3)
					: g_6_4_2_3_4(g_6_4_2_3_4)
					: g_6_4_2_3_5(g_6_4_2_3_5)
				:m m_6_4_2_4(m_6_4_2_4)
			:o o_6_4_3(o_6_4_3)
				:g _Gi__6_4_3_1(_Gi__6_4_3_1) [1,*] 
					: g_6_4_3_1_1(g_6_4_3_1_1)
					: g_6_4_3_1_2(g_6_4_3_1_2)
					: g_6_4_3_1_3(g_6_4_3_1_3)
				:g _Ge__6_4_3_2(_Ge__6_4_3_2) [1,1] 
					: g_6_4_3_2_1(g_6_4_3_2_1)
					: g_6_4_3_2_2(g_6_4_3_2_2)
		: g_6_5(g_6_5)
			:g _Gi__6_5_1(_Gi__6_5_1) [1,*] 
				: g_6_5_1_1(g_6_5_1_1)
					:o o_6_5_1_1_1(o_6_5_1_1_1)
				: g_6_5_1_2(g_6_5_1_2)
					:m m_6_5_1_2_1(m_6_5_1_2_1)
				: g_6_5_1_3(g_6_5_1_3)
					:g _Gi__6_5_1_3_1(_Gi__6_5_1_3_1) [1,*] 
						: g_6_5_1_3_1_1(g_6_5_1_3_1_1)
						: g_6_5_1_3_1_2(g_6_5_1_3_1_2)
						: g_6_5_1_3_1_3(g_6_5_1_3_1_3)
						: g_6_5_1_3_1_4(g_6_5_1_3_1_4)
						: g_6_5_1_3_1_5(g_6_5_1_3_1_5)
						: g_6_5_1_3_1_6(g_6_5_1_3_1_6)
				: g_6_5_1_4(g_6_5_1_4)
					:o o_6_5_1_4_1(o_6_5_1_4_1)
				: g_6_5_1_5(g_6_5_1_5)
					:o o_6_5_1_5_1(o_6_5_1_5_1)
				: g_6_5_1_6(g_6_5_1_6)
					:m m_6_5_1_6_1(m_6_5_1_6_1)
			:o o_6_5_2(o_6_5_2)
				:o o_6_5_2_1(o_6_5_2_1)
</feature_tree>
<constraints>
ec_1:(~g_2_4_1_3_2) OR (~g_3_2_4_3_3) OR (~g_4_1_1)
ec_2:(~g_4_5_1_1_5) OR m_1_3_2 OR (~o_2_1_1_1)
ec_3:(~g_4_2_2_1_1_1) OR g_6_1 OR (~o_3_3_5_2)
ec_4:g_4_5_4_1_1 OR g_6_2 OR m_1_3_3_1
ec_5:g_4_3_3_2_3 OR (~g_6_4) OR o_6_4_1_1
ec_6:(~g_4_5_1_1_6) OR (~g_4_5_4_1_3) OR (~m_4_1_1_2_1)
ec_7:g_4_5_4_1_6 OR m_1_2_4_1 OR (~o_5_2_4)
ec_8:(~g_1_5_5_1_2) OR (~m_6_3_2_2) OR (~o_3_2_4_5)
ec_9:(~g_2_4_2) OR (~g_4_4_1_2) OR (~m_5_3_3)
ec_10:g_4_6_1 OR m_4_3 OR m_6_4_2_4
ec_11:g_2_4_4_4_2 OR o_1_4_1 OR o_2_3_2_3
ec_12:(~g_3_3_6_1) OR g_4_5_1_1_1 OR (~o_4_3_3_1)
ec_13:g_2_4_1_3_5 OR g_4_4_2_1 OR (~m_4_1_3_1_1)
ec_14:g_1_1_1_1_1_1 OR (~m_4_5_2) OR o_4_3_1
ec_15:(~g_4_1_1_1_1_3) OR m_1_3_3 OR o_1_6_1
ec_16:m_4_3_4_2 OR m_5_1_3_1 OR o_3_3_3_2
ec_17:g_1_3_1_4_3 OR g_6_4_2_1_1 OR (~o_4_4)
ec_18:g_3_1_5_1_1 OR (~m_3_3_3) OR (~o_1_3_3_2)
ec_19:(~g_2_3_3_4_1_4) OR g_6_4_3_1_1 OR (~o_2_3)
ec_20:(~m_1_5_1) OR (~m_3_1_4) OR (~o_5_2_1)
ec_21:g_6_2_1_1_2 OR (~g_6_4_3_2_1) OR (~o_6_5_1_4_1)
ec_22:g_1_5_4_2 OR (~g_2_3_3_2_1_1) OR o_2_3_1_6
ec_23:g_3_3_3_3_3 OR (~g_4_5_1_1_2) OR m_2_1_1
ec_24:(~g_3_2_4_3_4) OR g_6_4_3_1_2 OR o_4_3_4
ec_25:g_2_4_1_3_3 OR (~g_6_1_5_3) OR (~m_4_3_2_1)
ec_26:(~g_1_3_1_4_2) OR (~m_6_1_3_1) OR (~m_6_4_2)
ec_27:g_4_3_3_2_4 OR (~g_6_2_1_1_1) OR m_4_2_1
ec_28:g_4_5_1_1_4 OR (~g_6_1_1_2_2) OR (~o_4_6_1_4)
ec_29:g_1_3_2_1_3 OR (~g_6_1_3_2_1) OR (~g_6_2_1_1_4)
ec_30:g_6_5_1_3_1_3 OR (~m_3_1_1_1_1) OR (~m_4_6_2_2_2)
ec_31:(~g_4_5_1_1_2) OR m_2_1_1 OR (~o_4_4)
ec_32:(~g_1_1_1_1_1_1) OR o_4_3_1 OR o_4_3_4_1
ec_33:(~g_4_5_1_1_4) OR (~m_1_5_1) OR (~m_6_4_2)
ec_34:(~g_1_3_2_1_1) OR (~g_1_5_4_2) OR g_4_3_3_2_4
ec_35:(~g_2_3_3_4_1_4) OR g_3_3_3_3_3 OR (~m_1_3_3)
ec_36:m_4_1_1_2_1 OR m_4_3_2_1 OR o_4_6_1_4
ec_37:(~g_6_4_3_1_2) OR (~m_1_5_1) OR (~m_4_2_1)
ec_38:(~g_1_3_2_1_1) OR m_4_3 OR o_1_6_1
ec_39:(~g_1_1_1_1) OR m_3_1_4 OR (~m_3_3_3)
ec_40:m_4_3_2_1 OR m_4_3_4_2 OR o_5_2_1
ec_41:(~g_1_1_1_1_1_1) OR (~g_6_4_3_1_2) OR o_4_3_3_1
ec_42:g_1_3_1_4_2 OR g_6_2 OR (~o_6_5_1_4_1)
ec_43:(~g_1_1_1_1_1_1) OR m_4_1_1_2_1 OR (~m_6_1_3_1)
ec_44:(~g_2_4_1_3_5) OR g_6_4_3_1_1 OR m_4_2_1
ec_45:g_3_2_4_3_4 OR g_4_6_1 OR (~m_4_2_1)
ec_46:(~m_1_3_2) OR m_4_1_3_1_1 OR (~o_5_1_3)
ec_47:m_2_1_1 OR m_4_3_2_1 OR o_2_3_2_3
ec_48:(~g_3_3_6_1) OR g_4_5_4_1_3 OR (~m_5_1_3_1)
ec_49:g_3_3_3_3_3 OR (~g_6_4) OR m_1_2_4_1
ec_50:g_2_4_2 OR g_4_5_1_1_2 OR (~g_4_6_1)
ec_51:g_2_3_3_4_1_4 OR g_4_6_1 OR o_6_4_1_1
ec_52:g_4_5_1_1_5 OR m_3_1_2_1 OR (~o_6_4_1_1)
ec_53:g_2_4_1_3_2 OR m_2_1_1 OR m_4_2_1
ec_54:(~g_4_6_1) OR (~g_6_4_3_2_1) OR (~m_6_1_3_1)
ec_55:g_6_2_1_1_2 OR m_4_5_2 OR (~o_4_4)
ec_56:(~g_4_5_1_1_6) OR (~m_6_4_2_4) OR o_4_6_1_4
ec_57:o_1_6_1 OR o_4_3_3_1 OR o_6_4_1_1
ec_58:(~g_1_1_1_1_1_1) OR g_6_1 OR (~o_4_6_1_4)
ec_59:g_1_1_1_1 OR g_1_1_1_1_1_1 OR g_3_3_6_1
ec_60:(~g_4_4_2_1) OR m_5_1_3_1 OR (~o_4_3_4)
ec_61:(~g_6_2_1_1_1) OR (~g_6_2_1_1_2) OR m_4_3_4_2
ec_62:(~g_4_1_1_1_1_3) OR m_2_1_1 OR (~m_4_3_2_1)
ec_63:(~g_2_3_3_4_1_4) OR m_3_1_1_1_1 OR (~m_6_4_2)
ec_64:g_1_3_1_4_2 OR g_2_4_1_3_2 OR g_2_4_1_3_3
ec_65:(~g_4_2_2_1_1_1) OR (~m_4_3_2_1) OR (~o_1_3_3_2)
ec_66:g_4_4_2_1 OR m_3_3_3 OR o_2_3_1_6
ec_67:(~m_4_3_2_1) OR (~o_2_1_1_2) OR (~o_4_3_4_1)
ec_68:g_6_4 OR m_4_1_1_2_1 OR (~m_5_1_3_1)
ec_69:g_2_3_3_2_1_1 OR g_6_1 OR (~o_1_6_1)
ec_70:(~m_6_1_3_1) OR (~m_6_4_2) OR o_4_1_1_1
ec_71:g_4_3_3_2_4 OR (~g_6_2) OR o_3_3_1_1
ec_72:(~g_1_5_5_1_2) OR (~g_6_2_1_1_1) OR m_4_1_1_2_1
ec_73:g_3_3_3_3_3 OR m_5_3_3 OR o_2_3
ec_74:(~m_3_1_2_1) OR (~m_6_1_3_1) OR (~o_2_1_1_2)
ec_75:g_2_4_1_3_5 OR g_4_5_4_1_3 OR o_3_3_5_2
ec_76:(~g_4_1_1) OR (~m_6_3_2_2) OR (~o_4_6_1_4)
ec_77:m_1_3_3 OR o_3_2_4_5 OR (~o_3_3_3_2)
ec_78:g_1_3_1_4_2 OR g_4_6_1 OR (~g_6_1_3_2_1)
ec_79:m_1_2_4_1 OR m_3_1_1_1_1 OR o_2_3_1_6
ec_80:g_4_5_4_1_3 OR (~o_4_1_1_1) OR o_4_3_3_1
ec_81:(~g_4_2_2_1_1_1) OR (~g_4_4_2_1) OR m_4_2_1
ec_82:(~g_6_2_1_1_2) OR o_2_3_1_6 OR o_3_3_1_1
ec_83:(~g_3_3_6_1) OR (~g_4_6_1) OR o_2_1_1_2
ec_84:g_4_4_2_1 OR g_4_5_1_1_4 OR (~m_1_3_3)
ec_85:(~g_1_5_5_1_2) OR (~g_6_4_2_1_1) OR (~m_4_3)
ec_86:g_1_3_2_1_3 OR g_2_3_3_4_1_4 OR m_6_1_3_1
ec_87:(~g_6_4_3_1_1) OR m_6_3_2_2 OR (~o_3_3_1_1)
ec_88:g_1_3_1_4_3 OR g_2_3_3_4_1_4 OR g_6_1_5_3
ec_89:g_4_2_2_1_1_1 OR (~g_4_3_3_2_4) OR (~m_4_5_2)
ec_90:m_3_1_4 OR (~m_5_1_3_1) OR m_6_4_2
ec_91:g_2_4_2 OR (~m_5_1_3_1) OR (~m_6_4_2_4)
ec_92:(~g_4_3_3_2_3) OR g_4_4_1_2 OR g_6_5_1_3_1_3
ec_93:(~g_1_5_5_1_2) OR (~g_6_4_3_1_1) OR (~o_4_3_4_1)
ec_94:g_3_2_4_3_4 OR m_5_3_3 OR m_6_4_2_4
ec_95:(~g_1_3_1_4_3) OR g_4_5_1_1_6 OR o_4_3_1
ec_96:(~g_4_2_2_1_1_1) OR (~g_6_4) OR (~m_4_3_2_1)
ec_97:(~g_3_1_5_1_1) OR (~g_4_5_4_1_3) OR o_2_1_1_1
ec_98:(~g_3_1_5_1_1) OR g_4_3_3_2_4 OR (~g_4_5_1_1_1)
ec_99:(~g_6_4_2_1_1) OR m_2_1_1 OR m_3_1_1_1_1
ec_100:g_4_5_4_1_6 OR o_3_3_1_1 OR (~o_4_3_4_1)
</constraints>
</feature_model>
<!--
FEATURE MODEL STATISTICS ************************************
Model name.: 3-sat-fm-500-20-5
tree depth.: 7
#root......: 1
#opt.......: 132
#man.......: 128
#grouped...: 239
#grouped [1,1]: 90
#grouped [1,n]: 149
#fgrp [1,1]: 29 (exclusive-OR)
#fgrp [1,N]: 42 (inclusive-OR)
#total features: 500
#total nodes: 571
ECR [0-1]..........: 0.196
CNF CLAUSES: Feature Tree 
  Total Variables: 500
  Total Literals.: 1007
  Total Clauses..: 823
  Clause density.: 1.646
  Clause arity...: 
  - 1 ..........: 0 (0.0%)
  - 2 ..........: 752 (91.3730255164034%)
  - 3 ..........: 33 (4.0097205346294045%)
  - > 3 ........: 38 (4.6172539489671935%)
CNF CLAUSES: Extra Constraints 
  Total Variables: 98
  Total Literals.: 163
  Total Clauses..: 100
  Clause density.: 1.0204082
  Clause arity...: 
  - 1 ..........: 0 (0.0%)
  - 2 ..........: 0 (0.0%)
  - 3 ..........: 100 (100.0%)
  - > 3 ........: 0 (0.0%)
CNF CLAUSES: Entire Feature Model
  Total Variables: 500
  Total Literals.: 1020
  Total Clauses..: 923
  Clause density.: 1.846
  Clause arity...: 
  - 1 ..........: 0 (0.0%)
  - 2 ..........: 752 (81.47345612134345%)
  - 3 ..........: 133 (14.409534127843987%)
  - > 3 ........: 38 (4.117009750812568%)
*************************************************************
-->
