<feature_model name="3-sat-fm-500-20-7">
<meta>
<data name="description">Automatically-generated model</data>
<data name="creator">Automatically-generated model</data>
<data name="email">marcilio dot mendonca at gmail dot com</data>
<data name="date">May 2009</data>
<data name="department">SPLOT Project</data>
<data name="organization">University of Waterloo</data>
<data name="address">200 University Ave. West, Waterloo, ON, Canada</data>
<data name="phone"></data>
<data name="website">http://www.splot-research.org/</data>
<data name="reference">http://www.splot-research.org/</data>
</meta>
<feature_tree>
:r R(R)
	:o o_1(o_1)
		:o o_1_1(o_1_1)
			:m m_1_1_1(m_1_1_1)
				:m m_1_1_1_1(m_1_1_1_1)
					:m m_1_1_1_1_1(m_1_1_1_1_1)
					:g _Ge__1_1_1_1_2(_Ge__1_1_1_1_2) [1,1] 
						: g_1_1_1_1_2_1(g_1_1_1_1_2_1)
						: g_1_1_1_1_2_2(g_1_1_1_1_2_2)
						: g_1_1_1_1_2_3(g_1_1_1_1_2_3)
				:m m_1_1_1_2(m_1_1_1_2)
					:m m_1_1_1_2_1(m_1_1_1_2_1)
				:o o_1_1_1_3(o_1_1_1_3)
					:g _Ge__1_1_1_3_1(_Ge__1_1_1_3_1) [1,1] 
						: g_1_1_1_3_1_1(g_1_1_1_3_1_1)
						: g_1_1_1_3_1_2(g_1_1_1_3_1_2)
						: g_1_1_1_3_1_3(g_1_1_1_3_1_3)
						: g_1_1_1_3_1_4(g_1_1_1_3_1_4)
						: g_1_1_1_3_1_5(g_1_1_1_3_1_5)
				:o o_1_1_1_4(o_1_1_1_4)
					:o o_1_1_1_4_1(o_1_1_1_4_1)
			:m m_1_1_2(m_1_1_2)
				:m m_1_1_2_1(m_1_1_2_1)
					:g _Ge__1_1_2_1_1(_Ge__1_1_2_1_1) [1,1] 
						: g_1_1_2_1_1_1(g_1_1_2_1_1_1)
						: g_1_1_2_1_1_2(g_1_1_2_1_1_2)
					:m m_1_1_2_1_2(m_1_1_2_1_2)
				:g _Ge__1_1_2_2(_Ge__1_1_2_2) [1,1] 
					: g_1_1_2_2_1(g_1_1_2_2_1)
					: g_1_1_2_2_2(g_1_1_2_2_2)
					: g_1_1_2_2_3(g_1_1_2_2_3)
				:g _Ge__1_1_2_3(_Ge__1_1_2_3) [1,1] 
					: g_1_1_2_3_1(g_1_1_2_3_1)
					: g_1_1_2_3_2(g_1_1_2_3_2)
					: g_1_1_2_3_3(g_1_1_2_3_3)
					: g_1_1_2_3_4(g_1_1_2_3_4)
					: g_1_1_2_3_5(g_1_1_2_3_5)
		:m m_1_2(m_1_2)
			:o o_1_2_1(o_1_2_1)
				:m m_1_2_1_1(m_1_2_1_1)
					:m m_1_2_1_1_1(m_1_2_1_1_1)
				:g _Gi__1_2_1_2(_Gi__1_2_1_2) [1,*] 
					: g_1_2_1_2_1(g_1_2_1_2_1)
					: g_1_2_1_2_2(g_1_2_1_2_2)
			:m m_1_2_2(m_1_2_2)
				:g _Ge__1_2_2_1(_Ge__1_2_2_1) [1,1] 
					: g_1_2_2_1_1(g_1_2_2_1_1)
					: g_1_2_2_1_2(g_1_2_2_1_2)
					: g_1_2_2_1_3(g_1_2_2_1_3)
					: g_1_2_2_1_4(g_1_2_2_1_4)
					: g_1_2_2_1_5(g_1_2_2_1_5)
					: g_1_2_2_1_6(g_1_2_2_1_6)
				:o o_1_2_2_2(o_1_2_2_2)
					:m m_1_2_2_2_1(m_1_2_2_2_1)
				:g _Ge__1_2_2_3(_Ge__1_2_2_3) [1,1] 
					: g_1_2_2_3_1(g_1_2_2_3_1)
					: g_1_2_2_3_2(g_1_2_2_3_2)
					: g_1_2_2_3_3(g_1_2_2_3_3)
					: g_1_2_2_3_4(g_1_2_2_3_4)
					: g_1_2_2_3_5(g_1_2_2_3_5)
					: g_1_2_2_3_6(g_1_2_2_3_6)
			:m m_1_2_3(m_1_2_3)
				:o o_1_2_3_1(o_1_2_3_1)
				:o o_1_2_3_2(o_1_2_3_2)
				:o o_1_2_3_3(o_1_2_3_3)
				:m m_1_2_3_4(m_1_2_3_4)
			:m m_1_2_4(m_1_2_4)
				:g _Gi__1_2_4_1(_Gi__1_2_4_1) [1,*] 
					: g_1_2_4_1_1(g_1_2_4_1_1)
					: g_1_2_4_1_2(g_1_2_4_1_2)
				:o o_1_2_4_2(o_1_2_4_2)
					:g _Gi__1_2_4_2_1(_Gi__1_2_4_2_1) [1,*] 
						: g_1_2_4_2_1_1(g_1_2_4_2_1_1)
						: g_1_2_4_2_1_2(g_1_2_4_2_1_2)
						: g_1_2_4_2_1_3(g_1_2_4_2_1_3)
						: g_1_2_4_2_1_4(g_1_2_4_2_1_4)
						: g_1_2_4_2_1_5(g_1_2_4_2_1_5)
		:o o_1_3(o_1_3)
			:m m_1_3_1(m_1_3_1)
				:o o_1_3_1_1(o_1_3_1_1)
				:m m_1_3_1_2(m_1_3_1_2)
				:o o_1_3_1_3(o_1_3_1_3)
			:o o_1_3_2(o_1_3_2)
				:m m_1_3_2_1(m_1_3_2_1)
					:o o_1_3_2_1_1(o_1_3_2_1_1)
				:o o_1_3_2_2(o_1_3_2_2)
					:o o_1_3_2_2_1(o_1_3_2_2_1)
			:o o_1_3_3(o_1_3_3)
				:o o_1_3_3_1(o_1_3_3_1)
				:o o_1_3_3_2(o_1_3_3_2)
				:o o_1_3_3_3(o_1_3_3_3)
			:m m_1_3_4(m_1_3_4)
				:m m_1_3_4_1(m_1_3_4_1)
				:m m_1_3_4_2(m_1_3_4_2)
				:g _Ge__1_3_4_3(_Ge__1_3_4_3) [1,1] 
					: g_1_3_4_3_1(g_1_3_4_3_1)
					: g_1_3_4_3_2(g_1_3_4_3_2)
			:m m_1_3_5(m_1_3_5)
				:g _Ge__1_3_5_1(_Ge__1_3_5_1) [1,1] 
					: g_1_3_5_1_1(g_1_3_5_1_1)
					: g_1_3_5_1_2(g_1_3_5_1_2)
					: g_1_3_5_1_3(g_1_3_5_1_3)
					: g_1_3_5_1_4(g_1_3_5_1_4)
				:o o_1_3_5_2(o_1_3_5_2)
		:m m_1_4(m_1_4)
			:g _Gi__1_4_1(_Gi__1_4_1) [1,*] 
				: g_1_4_1_1(g_1_4_1_1)
				: g_1_4_1_2(g_1_4_1_2)
				: g_1_4_1_3(g_1_4_1_3)
				: g_1_4_1_4(g_1_4_1_4)
				: g_1_4_1_5(g_1_4_1_5)
			:m m_1_4_2(m_1_4_2)
				:m m_1_4_2_1(m_1_4_2_1)
				:o o_1_4_2_2(o_1_4_2_2)
			:m m_1_4_3(m_1_4_3)
				:m m_1_4_3_1(m_1_4_3_1)
					:m m_1_4_3_1_1(m_1_4_3_1_1)
			:m m_1_4_4(m_1_4_4)
				:m m_1_4_4_1(m_1_4_4_1)
				:m m_1_4_4_2(m_1_4_4_2)
			:m m_1_4_5(m_1_4_5)
				:o o_1_4_5_1(o_1_4_5_1)
				:o o_1_4_5_2(o_1_4_5_2)
			:m m_1_4_6(m_1_4_6)
				:m m_1_4_6_1(m_1_4_6_1)
				:o o_1_4_6_2(o_1_4_6_2)
	:m m_2(m_2)
		:m m_2_1(m_2_1)
			:m m_2_1_1(m_2_1_1)
				:o o_2_1_1_1(o_2_1_1_1)
				:o o_2_1_1_2(o_2_1_1_2)
				:g _Gi__2_1_1_3(_Gi__2_1_1_3) [1,*] 
					: g_2_1_1_3_1(g_2_1_1_3_1)
					: g_2_1_1_3_2(g_2_1_1_3_2)
				:g _Gi__2_1_1_4(_Gi__2_1_1_4) [1,*] 
					: g_2_1_1_4_1(g_2_1_1_4_1)
					: g_2_1_1_4_2(g_2_1_1_4_2)
				:m m_2_1_1_5(m_2_1_1_5)
			:o o_2_1_2(o_2_1_2)
				:g _Ge__2_1_2_1(_Ge__2_1_2_1) [1,1] 
					: g_2_1_2_1_1(g_2_1_2_1_1)
					: g_2_1_2_1_2(g_2_1_2_1_2)
					: g_2_1_2_1_3(g_2_1_2_1_3)
					: g_2_1_2_1_4(g_2_1_2_1_4)
				:m m_2_1_2_2(m_2_1_2_2)
				:m m_2_1_2_3(m_2_1_2_3)
				:g _Gi__2_1_2_4(_Gi__2_1_2_4) [1,*] 
					: g_2_1_2_4_1(g_2_1_2_4_1)
					: g_2_1_2_4_2(g_2_1_2_4_2)
					: g_2_1_2_4_3(g_2_1_2_4_3)
					: g_2_1_2_4_4(g_2_1_2_4_4)
					: g_2_1_2_4_5(g_2_1_2_4_5)
				:g _Ge__2_1_2_5(_Ge__2_1_2_5) [1,1] 
					: g_2_1_2_5_1(g_2_1_2_5_1)
					: g_2_1_2_5_2(g_2_1_2_5_2)
			:o o_2_1_3(o_2_1_3)
				:o o_2_1_3_1(o_2_1_3_1)
				:m m_2_1_3_2(m_2_1_3_2)
				:o o_2_1_3_3(o_2_1_3_3)
				:o o_2_1_3_4(o_2_1_3_4)
			:g _Ge__2_1_4(_Ge__2_1_4) [1,1] 
				: g_2_1_4_1(g_2_1_4_1)
					:o o_2_1_4_1_1(o_2_1_4_1_1)
				: g_2_1_4_2(g_2_1_4_2)
					:o o_2_1_4_2_1(o_2_1_4_2_1)
				: g_2_1_4_3(g_2_1_4_3)
					:g _Ge__2_1_4_3_1(_Ge__2_1_4_3_1) [1,1] 
						: g_2_1_4_3_1_1(g_2_1_4_3_1_1)
						: g_2_1_4_3_1_2(g_2_1_4_3_1_2)
			:g _Gi__2_1_5(_Gi__2_1_5) [1,*] 
				: g_2_1_5_1(g_2_1_5_1)
					:m m_2_1_5_1_1(m_2_1_5_1_1)
				: g_2_1_5_2(g_2_1_5_2)
					:m m_2_1_5_2_1(m_2_1_5_2_1)
				: g_2_1_5_3(g_2_1_5_3)
					:m m_2_1_5_3_1(m_2_1_5_3_1)
		:m m_2_2(m_2_2)
			:m m_2_2_1(m_2_2_1)
				:m m_2_2_1_1(m_2_2_1_1)
					:g _Ge__2_2_1_1_1(_Ge__2_2_1_1_1) [1,1] 
						: g_2_2_1_1_1_1(g_2_2_1_1_1_1)
						: g_2_2_1_1_1_2(g_2_2_1_1_1_2)
						: g_2_2_1_1_1_3(g_2_2_1_1_1_3)
						: g_2_2_1_1_1_4(g_2_2_1_1_1_4)
						: g_2_2_1_1_1_5(g_2_2_1_1_1_5)
					:m m_2_2_1_1_2(m_2_2_1_1_2)
				:o o_2_2_1_2(o_2_2_1_2)
					:o o_2_2_1_2_1(o_2_2_1_2_1)
					:m m_2_2_1_2_2(m_2_2_1_2_2)
				:o o_2_2_1_3(o_2_2_1_3)
					:m m_2_2_1_3_1(m_2_2_1_3_1)
					:m m_2_2_1_3_2(m_2_2_1_3_2)
				:o o_2_2_1_4(o_2_2_1_4)
					:o o_2_2_1_4_1(o_2_2_1_4_1)
					:m m_2_2_1_4_2(m_2_2_1_4_2)
			:o o_2_2_2(o_2_2_2)
				:m m_2_2_2_1(m_2_2_2_1)
					:m m_2_2_2_1_1(m_2_2_2_1_1)
					:o o_2_2_2_1_2(o_2_2_2_1_2)
				:o o_2_2_2_2(o_2_2_2_2)
					:g _Ge__2_2_2_2_1(_Ge__2_2_2_2_1) [1,1] 
						: g_2_2_2_2_1_1(g_2_2_2_2_1_1)
						: g_2_2_2_2_1_2(g_2_2_2_2_1_2)
				:o o_2_2_2_3(o_2_2_2_3)
					:m m_2_2_2_3_1(m_2_2_2_3_1)
					:m m_2_2_2_3_2(m_2_2_2_3_2)
					:o o_2_2_2_3_3(o_2_2_2_3_3)
		:o o_2_3(o_2_3)
			:m m_2_3_1(m_2_3_1)
				:m m_2_3_1_1(m_2_3_1_1)
					:m m_2_3_1_1_1(m_2_3_1_1_1)
					:g _Ge__2_3_1_1_2(_Ge__2_3_1_1_2) [1,1] 
						: g_2_3_1_1_2_1(g_2_3_1_1_2_1)
						: g_2_3_1_1_2_2(g_2_3_1_1_2_2)
						: g_2_3_1_1_2_3(g_2_3_1_1_2_3)
						: g_2_3_1_1_2_4(g_2_3_1_1_2_4)
				:o o_2_3_1_2(o_2_3_1_2)
					:o o_2_3_1_2_1(o_2_3_1_2_1)
					:g _Ge__2_3_1_2_2(_Ge__2_3_1_2_2) [1,1] 
						: g_2_3_1_2_2_1(g_2_3_1_2_2_1)
						: g_2_3_1_2_2_2(g_2_3_1_2_2_2)
						: g_2_3_1_2_2_3(g_2_3_1_2_2_3)
			:o o_2_3_2(o_2_3_2)
				:m m_2_3_2_1(m_2_3_2_1)
					:m m_2_3_2_1_1(m_2_3_2_1_1)
				:g _Gi__2_3_2_2(_Gi__2_3_2_2) [1,*] 
					: g_2_3_2_2_1(g_2_3_2_2_1)
					: g_2_3_2_2_2(g_2_3_2_2_2)
					: g_2_3_2_2_3(g_2_3_2_2_3)
					: g_2_3_2_2_4(g_2_3_2_2_4)
				:o o_2_3_2_3(o_2_3_2_3)
				:o o_2_3_2_4(o_2_3_2_4)
				:m m_2_3_2_5(m_2_3_2_5)
			:m m_2_3_3(m_2_3_3)
				:o o_2_3_3_1(o_2_3_3_1)
					:g _Gi__2_3_3_1_1(_Gi__2_3_3_1_1) [1,*] 
						: g_2_3_3_1_1_1(g_2_3_3_1_1_1)
						: g_2_3_3_1_1_2(g_2_3_3_1_1_2)
				:m m_2_3_3_2(m_2_3_3_2)
					:m m_2_3_3_2_1(m_2_3_3_2_1)
				:m m_2_3_3_3(m_2_3_3_3)
				:o o_2_3_3_4(o_2_3_3_4)
			:m m_2_3_4(m_2_3_4)
				:o o_2_3_4_1(o_2_3_4_1)
				:o o_2_3_4_2(o_2_3_4_2)
				:g _Gi__2_3_4_3(_Gi__2_3_4_3) [1,*] 
					: g_2_3_4_3_1(g_2_3_4_3_1)
					: g_2_3_4_3_2(g_2_3_4_3_2)
					: g_2_3_4_3_3(g_2_3_4_3_3)
					: g_2_3_4_3_4(g_2_3_4_3_4)
					: g_2_3_4_3_5(g_2_3_4_3_5)
					: g_2_3_4_3_6(g_2_3_4_3_6)
				:g _Ge__2_3_4_4(_Ge__2_3_4_4) [1,1] 
					: g_2_3_4_4_1(g_2_3_4_4_1)
					: g_2_3_4_4_2(g_2_3_4_4_2)
				:o o_2_3_4_5(o_2_3_4_5)
	:o o_3(o_3)
		:m m_3_1(m_3_1)
			:o o_3_1_1(o_3_1_1)
				:g _Ge__3_1_1_1(_Ge__3_1_1_1) [1,1] 
					: g_3_1_1_1_1(g_3_1_1_1_1)
						:o o_3_1_1_1_1_1(o_3_1_1_1_1_1)
						:m m_3_1_1_1_1_2(m_3_1_1_1_1_2)
						:o o_3_1_1_1_1_3(o_3_1_1_1_1_3)
					: g_3_1_1_1_2(g_3_1_1_1_2)
					: g_3_1_1_1_3(g_3_1_1_1_3)
					: g_3_1_1_1_4(g_3_1_1_1_4)
					: g_3_1_1_1_5(g_3_1_1_1_5)
					: g_3_1_1_1_6(g_3_1_1_1_6)
			:g _Ge__3_1_2(_Ge__3_1_2) [1,1] 
				: g_3_1_2_1(g_3_1_2_1)
					:o o_3_1_2_1_1(o_3_1_2_1_1)
					:g _Gi__3_1_2_1_2(_Gi__3_1_2_1_2) [1,*] 
						: g_3_1_2_1_2_1(g_3_1_2_1_2_1)
						: g_3_1_2_1_2_2(g_3_1_2_1_2_2)
					:m m_3_1_2_1_3(m_3_1_2_1_3)
					:o o_3_1_2_1_4(o_3_1_2_1_4)
					:g _Ge__3_1_2_1_5(_Ge__3_1_2_1_5) [1,1] 
						: g_3_1_2_1_5_1(g_3_1_2_1_5_1)
						: g_3_1_2_1_5_2(g_3_1_2_1_5_2)
						: g_3_1_2_1_5_3(g_3_1_2_1_5_3)
						: g_3_1_2_1_5_4(g_3_1_2_1_5_4)
						: g_3_1_2_1_5_5(g_3_1_2_1_5_5)
						: g_3_1_2_1_5_6(g_3_1_2_1_5_6)
					:o o_3_1_2_1_6(o_3_1_2_1_6)
				: g_3_1_2_2(g_3_1_2_2)
					:m m_3_1_2_2_1(m_3_1_2_2_1)
					:o o_3_1_2_2_2(o_3_1_2_2_2)
					:g _Ge__3_1_2_2_3(_Ge__3_1_2_2_3) [1,1] 
						: g_3_1_2_2_3_1(g_3_1_2_2_3_1)
						: g_3_1_2_2_3_2(g_3_1_2_2_3_2)
						: g_3_1_2_2_3_3(g_3_1_2_2_3_3)
						: g_3_1_2_2_3_4(g_3_1_2_2_3_4)
						: g_3_1_2_2_3_5(g_3_1_2_2_3_5)
						: g_3_1_2_2_3_6(g_3_1_2_2_3_6)
					:o o_3_1_2_2_4(o_3_1_2_2_4)
					:o o_3_1_2_2_5(o_3_1_2_2_5)
					:m m_3_1_2_2_6(m_3_1_2_2_6)
			:o o_3_1_3(o_3_1_3)
				:m m_3_1_3_1(m_3_1_3_1)
				:o o_3_1_3_2(o_3_1_3_2)
			:o o_3_1_4(o_3_1_4)
				:m m_3_1_4_1(m_3_1_4_1)
				:m m_3_1_4_2(m_3_1_4_2)
				:m m_3_1_4_3(m_3_1_4_3)
				:o o_3_1_4_4(o_3_1_4_4)
				:m m_3_1_4_5(m_3_1_4_5)
				:o o_3_1_4_6(o_3_1_4_6)
	:m m_4(m_4)
		:m m_4_1(m_4_1)
			:m m_4_1_1(m_4_1_1)
				:o o_4_1_1_1(o_4_1_1_1)
				:m m_4_1_1_2(m_4_1_1_2)
				:g _Gi__4_1_1_3(_Gi__4_1_1_3) [1,*] 
					: g_4_1_1_3_1(g_4_1_1_3_1)
					: g_4_1_1_3_2(g_4_1_1_3_2)
					: g_4_1_1_3_3(g_4_1_1_3_3)
					: g_4_1_1_3_4(g_4_1_1_3_4)
					: g_4_1_1_3_5(g_4_1_1_3_5)
				:o o_4_1_1_4(o_4_1_1_4)
		:m m_4_2(m_4_2)
			:o o_4_2_1(o_4_2_1)
				:o o_4_2_1_1(o_4_2_1_1)
				:m m_4_2_1_2(m_4_2_1_2)
				:m m_4_2_1_3(m_4_2_1_3)
				:m m_4_2_1_4(m_4_2_1_4)
			:o o_4_2_2(o_4_2_2)
				:m m_4_2_2_1(m_4_2_2_1)
				:m m_4_2_2_2(m_4_2_2_2)
				:o o_4_2_2_3(o_4_2_2_3)
				:m m_4_2_2_4(m_4_2_2_4)
			:m m_4_2_3(m_4_2_3)
				:m m_4_2_3_1(m_4_2_3_1)
				:o o_4_2_3_2(o_4_2_3_2)
			:m m_4_2_4(m_4_2_4)
				:m m_4_2_4_1(m_4_2_4_1)
				:m m_4_2_4_2(m_4_2_4_2)
				:o o_4_2_4_3(o_4_2_4_3)
			:g _Gi__4_2_5(_Gi__4_2_5) [1,*] 
				: g_4_2_5_1(g_4_2_5_1)
					:g _Gi__4_2_5_1_1(_Gi__4_2_5_1_1) [1,*] 
						: g_4_2_5_1_1_1(g_4_2_5_1_1_1)
						: g_4_2_5_1_1_2(g_4_2_5_1_1_2)
						: g_4_2_5_1_1_3(g_4_2_5_1_1_3)
						: g_4_2_5_1_1_4(g_4_2_5_1_1_4)
				: g_4_2_5_2(g_4_2_5_2)
					:o o_4_2_5_2_1(o_4_2_5_2_1)
			:g _Ge__4_2_6(_Ge__4_2_6) [1,1] 
				: g_4_2_6_1(g_4_2_6_1)
				: g_4_2_6_2(g_4_2_6_2)
				: g_4_2_6_3(g_4_2_6_3)
				: g_4_2_6_4(g_4_2_6_4)
				: g_4_2_6_5(g_4_2_6_5)
		:m m_4_3(m_4_3)
			:o o_4_3_1(o_4_3_1)
				:m m_4_3_1_1(m_4_3_1_1)
				:o o_4_3_1_2(o_4_3_1_2)
				:o o_4_3_1_3(o_4_3_1_3)
			:m m_4_3_2(m_4_3_2)
				:m m_4_3_2_1(m_4_3_2_1)
				:o o_4_3_2_2(o_4_3_2_2)
			:o o_4_3_3(o_4_3_3)
				:o o_4_3_3_1(o_4_3_3_1)
				:o o_4_3_3_2(o_4_3_3_2)
			:o o_4_3_4(o_4_3_4)
				:m m_4_3_4_1(m_4_3_4_1)
				:g _Ge__4_3_4_2(_Ge__4_3_4_2) [1,1] 
					: g_4_3_4_2_1(g_4_3_4_2_1)
					: g_4_3_4_2_2(g_4_3_4_2_2)
					: g_4_3_4_2_3(g_4_3_4_2_3)
					: g_4_3_4_2_4(g_4_3_4_2_4)
					: g_4_3_4_2_5(g_4_3_4_2_5)
					: g_4_3_4_2_6(g_4_3_4_2_6)
	:m m_5(m_5)
		:o o_5_1(o_5_1)
			:g _Ge__5_1_1(_Ge__5_1_1) [1,1] 
				: g_5_1_1_1(g_5_1_1_1)
				: g_5_1_1_2(g_5_1_1_2)
				: g_5_1_1_3(g_5_1_1_3)
				: g_5_1_1_4(g_5_1_1_4)
			:o o_5_1_2(o_5_1_2)
				:o o_5_1_2_1(o_5_1_2_1)
			:g _Gi__5_1_3(_Gi__5_1_3) [1,*] 
				: g_5_1_3_1(g_5_1_3_1)
				: g_5_1_3_2(g_5_1_3_2)
				: g_5_1_3_3(g_5_1_3_3)
			:o o_5_1_4(o_5_1_4)
				:g _Gi__5_1_4_1(_Gi__5_1_4_1) [1,*] 
					: g_5_1_4_1_1(g_5_1_4_1_1)
					: g_5_1_4_1_2(g_5_1_4_1_2)
					: g_5_1_4_1_3(g_5_1_4_1_3)
					: g_5_1_4_1_4(g_5_1_4_1_4)
					: g_5_1_4_1_5(g_5_1_4_1_5)
				:o o_5_1_4_2(o_5_1_4_2)
		:o o_5_2(o_5_2)
			:g _Gi__5_2_1(_Gi__5_2_1) [1,*] 
				: g_5_2_1_1(g_5_2_1_1)
				: g_5_2_1_2(g_5_2_1_2)
				: g_5_2_1_3(g_5_2_1_3)
				: g_5_2_1_4(g_5_2_1_4)
				: g_5_2_1_5(g_5_2_1_5)
			:g _Gi__5_2_2(_Gi__5_2_2) [1,*] 
				: g_5_2_2_1(g_5_2_2_1)
				: g_5_2_2_2(g_5_2_2_2)
				: g_5_2_2_3(g_5_2_2_3)
			:o o_5_2_3(o_5_2_3)
				:o o_5_2_3_1(o_5_2_3_1)
				:g _Gi__5_2_3_2(_Gi__5_2_3_2) [1,*] 
					: g_5_2_3_2_1(g_5_2_3_2_1)
					: g_5_2_3_2_2(g_5_2_3_2_2)
			:o o_5_2_4(o_5_2_4)
				:g _Gi__5_2_4_1(_Gi__5_2_4_1) [1,*] 
					: g_5_2_4_1_1(g_5_2_4_1_1)
					: g_5_2_4_1_2(g_5_2_4_1_2)
					: g_5_2_4_1_3(g_5_2_4_1_3)
					: g_5_2_4_1_4(g_5_2_4_1_4)
			:o o_5_2_5(o_5_2_5)
				:o o_5_2_5_1(o_5_2_5_1)
		:m m_5_3(m_5_3)
			:o o_5_3_1(o_5_3_1)
				:o o_5_3_1_1(o_5_3_1_1)
				:o o_5_3_1_2(o_5_3_1_2)
			:m m_5_3_2(m_5_3_2)
				:o o_5_3_2_1(o_5_3_2_1)
				:m m_5_3_2_2(m_5_3_2_2)
				:m m_5_3_2_3(m_5_3_2_3)
			:o o_5_3_3(o_5_3_3)
				:o o_5_3_3_1(o_5_3_3_1)
				:g _Gi__5_3_3_2(_Gi__5_3_3_2) [1,*] 
					: g_5_3_3_2_1(g_5_3_3_2_1)
					: g_5_3_3_2_2(g_5_3_3_2_2)
					: g_5_3_3_2_3(g_5_3_3_2_3)
					: g_5_3_3_2_4(g_5_3_3_2_4)
					: g_5_3_3_2_5(g_5_3_3_2_5)
				:g _Ge__5_3_3_3(_Ge__5_3_3_3) [1,1] 
					: g_5_3_3_3_1(g_5_3_3_3_1)
					: g_5_3_3_3_2(g_5_3_3_3_2)
					: g_5_3_3_3_3(g_5_3_3_3_3)
					: g_5_3_3_3_4(g_5_3_3_3_4)
					: g_5_3_3_3_5(g_5_3_3_3_5)
		:g _Gi__5_4(_Gi__5_4) [1,*] 
			: g_5_4_1(g_5_4_1)
				:g _Ge__5_4_1_1(_Ge__5_4_1_1) [1,1] 
					: g_5_4_1_1_1(g_5_4_1_1_1)
					: g_5_4_1_1_2(g_5_4_1_1_2)
					: g_5_4_1_1_3(g_5_4_1_1_3)
					: g_5_4_1_1_4(g_5_4_1_1_4)
					: g_5_4_1_1_5(g_5_4_1_1_5)
				:o o_5_4_1_2(o_5_4_1_2)
				:o o_5_4_1_3(o_5_4_1_3)
				:o o_5_4_1_4(o_5_4_1_4)
			: g_5_4_2(g_5_4_2)
				:o o_5_4_2_1(o_5_4_2_1)
				:o o_5_4_2_2(o_5_4_2_2)
				:m m_5_4_2_3(m_5_4_2_3)
				:o o_5_4_2_4(o_5_4_2_4)
			: g_5_4_3(g_5_4_3)
				:m m_5_4_3_1(m_5_4_3_1)
				:g _Gi__5_4_3_2(_Gi__5_4_3_2) [1,*] 
					: g_5_4_3_2_1(g_5_4_3_2_1)
					: g_5_4_3_2_2(g_5_4_3_2_2)
					: g_5_4_3_2_3(g_5_4_3_2_3)
					: g_5_4_3_2_4(g_5_4_3_2_4)
					: g_5_4_3_2_5(g_5_4_3_2_5)
				:m m_5_4_3_3(m_5_4_3_3)
				:m m_5_4_3_4(m_5_4_3_4)
		:m m_5_5(m_5_5)
			:o o_5_5_1(o_5_5_1)
				:m m_5_5_1_1(m_5_5_1_1)
				:o o_5_5_1_2(o_5_5_1_2)
				:o o_5_5_1_3(o_5_5_1_3)
			:o o_5_5_2(o_5_5_2)
				:m m_5_5_2_1(m_5_5_2_1)
				:g _Ge__5_5_2_2(_Ge__5_5_2_2) [1,1] 
					: g_5_5_2_2_1(g_5_5_2_2_1)
					: g_5_5_2_2_2(g_5_5_2_2_2)
					: g_5_5_2_2_3(g_5_5_2_2_3)
					: g_5_5_2_2_4(g_5_5_2_2_4)
				:o o_5_5_2_3(o_5_5_2_3)
			:m m_5_5_3(m_5_5_3)
				:o o_5_5_3_1(o_5_5_3_1)
				:m m_5_5_3_2(m_5_5_3_2)
		:o o_5_6(o_5_6)
			:m m_5_6_1(m_5_6_1)
				:g _Gi__5_6_1_1(_Gi__5_6_1_1) [1,*] 
					: g_5_6_1_1_1(g_5_6_1_1_1)
					: g_5_6_1_1_2(g_5_6_1_1_2)
					: g_5_6_1_1_3(g_5_6_1_1_3)
				:o o_5_6_1_2(o_5_6_1_2)
				:o o_5_6_1_3(o_5_6_1_3)
			:m m_5_6_2(m_5_6_2)
				:o o_5_6_2_1(o_5_6_2_1)
				:o o_5_6_2_2(o_5_6_2_2)
	:m m_6(m_6)
		:o o_6_1(o_6_1)
			:o o_6_1_1(o_6_1_1)
				:m m_6_1_1_1(m_6_1_1_1)
				:m m_6_1_1_2(m_6_1_1_2)
				:o o_6_1_1_3(o_6_1_1_3)
				:g _Ge__6_1_1_4(_Ge__6_1_1_4) [1,1] 
					: g_6_1_1_4_1(g_6_1_1_4_1)
					: g_6_1_1_4_2(g_6_1_1_4_2)
		:o o_6_2(o_6_2)
			:m m_6_2_1(m_6_2_1)
				:m m_6_2_1_1(m_6_2_1_1)
				:o o_6_2_1_2(o_6_2_1_2)
				:o o_6_2_1_3(o_6_2_1_3)
				:m m_6_2_1_4(m_6_2_1_4)
			:m m_6_2_2(m_6_2_2)
				:m m_6_2_2_1(m_6_2_2_1)
				:m m_6_2_2_2(m_6_2_2_2)
				:o o_6_2_2_3(o_6_2_2_3)
				:g _Ge__6_2_2_4(_Ge__6_2_2_4) [1,1] 
					: g_6_2_2_4_1(g_6_2_2_4_1)
					: g_6_2_2_4_2(g_6_2_2_4_2)
					: g_6_2_2_4_3(g_6_2_2_4_3)
					: g_6_2_2_4_4(g_6_2_2_4_4)
			:o o_6_2_3(o_6_2_3)
				:o o_6_2_3_1(o_6_2_3_1)
				:m m_6_2_3_2(m_6_2_3_2)
				:o o_6_2_3_3(o_6_2_3_3)
				:o o_6_2_3_4(o_6_2_3_4)
			:g _Ge__6_2_4(_Ge__6_2_4) [1,1] 
				: g_6_2_4_1(g_6_2_4_1)
					:o o_6_2_4_1_1(o_6_2_4_1_1)
				: g_6_2_4_2(g_6_2_4_2)
					:o o_6_2_4_2_1(o_6_2_4_2_1)
				: g_6_2_4_3(g_6_2_4_3)
					:g _Gi__6_2_4_3_1(_Gi__6_2_4_3_1) [1,*] 
						: g_6_2_4_3_1_1(g_6_2_4_3_1_1)
						: g_6_2_4_3_1_2(g_6_2_4_3_1_2)
				: g_6_2_4_4(g_6_2_4_4)
					:o o_6_2_4_4_1(o_6_2_4_4_1)
		:o o_6_3(o_6_3)
			:m m_6_3_1(m_6_3_1)
				:m m_6_3_1_1(m_6_3_1_1)
				:m m_6_3_1_2(m_6_3_1_2)
			:o o_6_3_2(o_6_3_2)
				:o o_6_3_2_1(o_6_3_2_1)
				:o o_6_3_2_2(o_6_3_2_2)
				:o o_6_3_2_3(o_6_3_2_3)
				:m m_6_3_2_4(m_6_3_2_4)
				:o o_6_3_2_5(o_6_3_2_5)
				:m m_6_3_2_6(m_6_3_2_6)
		:m m_6_4(m_6_4)
			:m m_6_4_1(m_6_4_1)
				:m m_6_4_1_1(m_6_4_1_1)
				:o o_6_4_1_2(o_6_4_1_2)
				:g _Gi__6_4_1_3(_Gi__6_4_1_3) [1,*] 
					: g_6_4_1_3_1(g_6_4_1_3_1)
					: g_6_4_1_3_2(g_6_4_1_3_2)
				:g _Gi__6_4_1_4(_Gi__6_4_1_4) [1,*] 
					: g_6_4_1_4_1(g_6_4_1_4_1)
					: g_6_4_1_4_2(g_6_4_1_4_2)
					: g_6_4_1_4_3(g_6_4_1_4_3)
					: g_6_4_1_4_4(g_6_4_1_4_4)
					: g_6_4_1_4_5(g_6_4_1_4_5)
					: g_6_4_1_4_6(g_6_4_1_4_6)
				:m m_6_4_1_5(m_6_4_1_5)
</feature_tree>
<constraints>
ec_1:g_6_2_2_4_2 OR m_2_2_1_1 OR (~m_2_2_1_4_2)
ec_2:(~g_1_2_4_2_1_4) OR (~m_1_2_3_4) OR (~o_1)
ec_3:(~g_3_1_2_1_5_2) OR (~g_5_4_3_2_2) OR m_5_5_3
ec_4:g_5_6_1_1_3 OR m_3_1_4_5 OR (~m_4_2_2_2)
ec_5:g_2_1_4_3 OR (~g_4_2_6_2) OR (~o_4_1_1_4)
ec_6:g_5_2_4_1_3 OR (~m_1_4_3_1) OR o_5_5_1_2
ec_7:g_1_1_1_1_2_3 OR (~g_2_3_3_1_1_2) OR (~o_5_5_1)
ec_8:m_2_2_1 OR o_3_1_2_2_2 OR (~o_6_2_3_1)
ec_9:(~g_2_3_1_1_2_4) OR o_1_2_2_2 OR (~o_5_2_3)
ec_10:g_1_3_5_1_3 OR (~g_5_2_2_2) OR (~m_5_6_1)
ec_11:g_5_1_1_3 OR (~g_6_2_2_4_1) OR m_3_1_2_2_6
ec_12:g_2_1_1_4_2 OR m_6_3_1_1 OR o_5_4_2_1
ec_13:(~m_2_2_1_1_2) OR (~o_4_3_1_2) OR o_5_4_2_4
ec_14:(~m_1_2_2_2_1) OR m_3_1_4_1 OR (~m_6_2_1)
ec_15:(~g_3_1_2_2_3_5) OR m_5_3 OR (~o_4_2_4_3)
ec_16:o_1_3_5_2 OR o_5_6 OR o_5_6_2_2
ec_17:g_2_3_1_2_2_1 OR (~g_2_3_4_3_2) OR g_3_1_2_1_5_4
ec_18:(~g_1_1_2_1_1_1) OR g_1_2_2_3_3 OR m_5_3_2_2
ec_19:(~g_2_2_2_2_1_1) OR (~g_5_2_4_1_1) OR (~m_5_4_3_1)
ec_20:g_1_2_2_1_2 OR (~g_3_1_1_1_6) OR o_1_3
ec_21:m_2_3_3 OR m_2_3_3_3 OR m_3_1_4_3
ec_22:g_2_3_4_3_6 OR g_5_1_4_1_3 OR o_5_4_1_2
ec_23:g_2_3_4_3_3 OR (~g_5_4_1_1_1) OR (~o_1_1_1_4_1)
ec_24:m_1_2_1_1_1 OR (~m_1_4_2_1) OR (~o_3_1_2_1_1)
ec_25:g_3_1_2_1_2_2 OR (~o_4_3_2_2) OR (~o_6_3_2_3)
ec_26:g_1_1_1_3_1_3 OR o_2_2_2_2 OR (~o_5_6_1_2)
ec_27:g_2_1_4_1 OR g_6_2_2_4_3 OR m_2_1
ec_28:(~g_1_2_4_2_1_2) OR (~g_3_1_2_2_3_4) OR (~g_5_5_2_2_2)
ec_29:g_5_2_3_2_2 OR (~m_1_1_1_2) OR o_1_3_2_2
ec_30:(~g_1_3_5_1_2) OR g_2_2_2_2_1_1 OR (~m_5_3_2_3)
ec_31:(~g_5_4_1_1_1) OR (~g_5_5_2_2_2) OR (~o_6_2_3_1)
ec_32:g_4_2_6_2 OR (~g_5_2_2_2) OR m_5_4_3_1
ec_33:(~m_1_4_6_1) OR (~o_2_1_1_2) OR o_4_2_4_3
ec_34:g_2_3_1_1_2_4 OR o_1 OR o_1_3_2_2
ec_35:g_3_1_2_1_5_2 OR (~m_4_2_2_2) OR m_5_3_2_2
ec_36:g_1_2_4_2_1_2 OR g_2_1_1_4_2 OR (~o_2_2_2_2)
ec_37:m_1_2_1_1_1 OR m_1_4_3_1 OR m_3_1_2_2_6
ec_38:(~g_3_1_2_1_5_2) OR (~g_5_4_3_2_2) OR (~m_3_1_4_3)
ec_39:(~g_3_1_2_1_5_2) OR g_5_6_1_1_3 OR m_2_2_1
ec_40:(~g_2_3_4_3_3) OR (~g_2_3_4_3_6) OR (~g_6_2_2_4_3)
ec_41:m_3_1_4_5 OR o_1_2_2_2 OR (~o_5_4_1_2)
ec_42:(~g_1_1_2_1_1_1) OR m_1_4_3_1 OR (~m_2_2_1_4_2)
ec_43:o_1_3_2_2 OR (~o_1_3_5_2) OR (~o_2_1_1_2)
ec_44:(~g_3_1_2_2_3_4) OR (~g_3_1_2_2_3_5) OR o_4_1_1_4
ec_45:g_2_3_3_1_1_2 OR g_5_1_1_3 OR (~g_5_2_4_1_3)
ec_46:(~o_1_3) OR o_4_3_2_2 OR o_5_2_3
ec_47:(~g_3_1_1_1_6) OR (~g_3_1_2_2_3_5) OR (~m_3_1_4_3)
ec_48:g_1_3_5_1_3 OR m_1_2_3_4 OR (~o_2_2_2)
ec_49:(~g_1_1_1_3_1_3) OR (~m_1_2_3_4) OR o_3_1_2_1_1
ec_50:m_2_1 OR o_1_3 OR o_5_6
ec_51:(~g_1_3_5_1_3) OR (~g_3_1_2_2_3_4) OR (~o_1_3_5_2)
ec_52:(~g_5_2_3_2_2) OR m_3_1_4_3 OR (~o_1_2_2_2)
ec_53:g_1_2_2_3_3 OR (~m_6_3_1_1) OR (~o_6_2_3_1)
ec_54:(~g_2_3_4_3_6) OR (~g_6_2_2_4_3) OR m_5_3
ec_55:g_3_1_1_1_6 OR g_5_4_3_2_2 OR (~m_5_5_3)
ec_56:m_3_1_4_1 OR (~o_5_2_3) OR (~o_6_2_3_1)
ec_57:g_1_2_4_2_1_4 OR g_3_1_1_1_6 OR (~m_1_4_3_1)
ec_58:(~g_3_1_2_2_3_4) OR m_1_2_3_4 OR (~o_1_3_2_2)
ec_59:g_2_1_4_3 OR m_1_4_3_1_1 OR m_1_4_6_1
ec_60:(~o_2_1_1_2) OR o_4_3_2_2 OR o_5_6
ec_61:g_2_3_3_1_1_2 OR m_4_3 OR o_4_3_2_2
ec_62:m_1_1_1_2 OR (~m_6_2_1) OR (~o_2_2_2_2)
ec_63:g_6_2_2_4_1 OR (~g_6_2_2_4_3) OR m_5_6_1
ec_64:(~g_2_1_4_1) OR g_2_3_2_2_4 OR m_5_3_2_2
ec_65:o_2_2_2_2 OR o_4_1_1_4 OR (~o_5_5_1)
ec_66:g_5_1_4_1_3 OR m_5_3_2_2 OR (~o_2_2_2)
ec_67:g_3_1_2_1_2_2 OR (~g_3_1_2_2_3_4) OR (~o_5_6)
ec_68:g_1_1_1_1_2_3 OR m_1_4_2_1 OR o_2_2_2
ec_69:(~g_1_3_5_1_2) OR (~o_1_3) OR (~o_1_3_2_2)
ec_70:(~g_2_3_4_3_6) OR m_2_1 OR o_4_3_1_2
ec_71:g_2_1_4_1 OR (~m_3_1_2_2_6) OR (~m_5_3)
ec_72:g_5_4_1_1_1 OR (~g_6_2_2_4_3) OR o_6_3_2_3
ec_73:(~g_5_4_3_2_2) OR m_1_4_3_1_1 OR (~m_5_3_2_3)
ec_74:(~g_1_3_5_1_3) OR m_5_6_1 OR o_1
ec_75:(~g_5_1_4_1_3) OR (~m_1_1_1_2) OR o_2_2_2
ec_76:m_3_1_4_3 OR (~o_5_4_1_2) OR (~o_5_5_1_2)
ec_77:g_2_3_4_3_3 OR m_4_3 OR (~m_6_3_1_1)
ec_78:(~m_2_3_3_3) OR (~m_5_3) OR (~o_1_3_5_2)
ec_79:g_5_1_1_3 OR m_2_3_3 OR m_5_6_1
ec_80:(~g_2_3_4_3_3) OR (~g_5_5_2_2_2) OR (~m_1_2_2_2_1)
ec_81:g_1_1_2_1_1_1 OR (~g_1_2_4_2_1_4) OR (~o_5_6)
ec_82:g_2_3_3_1_1_2 OR (~m_1_1_1_2) OR m_2_2_1
ec_83:g_2_3_4_3_6 OR (~m_2_2_1_4_2) OR (~o_6_1_1)
ec_84:g_3_1_2_1_5_2 OR g_5_1_4_1_3 OR (~o_1)
ec_85:(~g_2_3_4_3_2) OR (~g_3_1_2_2_3_4) OR (~m_1_2_3_4)
ec_86:g_2_3_4_3_3 OR m_1_2_1_1_1 OR m_1_4_6_1
ec_87:g_6_2_2_4_1 OR m_5_6_1 OR (~m_6_2_1)
ec_88:g_1_2_4_2_1_2 OR g_3_1_2_2_3_4 OR o_1_1_1_4_1
ec_89:(~g_1_3_5_1_3) OR (~g_2_2_2_2_1_1) OR (~m_2_2_1_4_2)
ec_90:(~g_1_3_5_1_2) OR (~g_4_2_6_2) OR g_5_6_1_1_3
ec_91:g_1_2_2_1_2 OR g_2_1_4_1 OR (~g_3_1_1_1_6)
ec_92:m_2_3_3 OR m_5_3_2_3 OR m_6_3_1_1
ec_93:g_5_1_1_3 OR m_2_2_1_1 OR (~o_6_3_2_3)
ec_94:(~m_1_2_1_1_1) OR m_2_2_1_1 OR (~o_5_6_2_2)
ec_95:m_1_4_3_1 OR (~o_5_5_1) OR o_5_6_2_2
ec_96:g_3_1_2_1_5_4 OR (~g_5_5_2_2_2) OR (~o_5_2_3)
ec_97:m_1_2_1_1_1 OR m_3_1_4_5 OR o_5_6
ec_98:(~g_1_3_5_1_2) OR (~g_3_1_2_1_5_2) OR (~o_4_3_1)
ec_99:(~m_5_5_3) OR o_2_2_2_2 OR o_5_4_2_1
ec_100:o_1_3_5_2 OR o_4_3_1_2 OR (~o_5_2_3)
</constraints>
</feature_model>
<!--
FEATURE MODEL STATISTICS ************************************
Model name.: 3-sat-fm-500-20-7
tree depth.: 6
#root......: 1
#opt.......: 144
#man.......: 134
#grouped...: 221
#grouped [1,1]: 122
#grouped [1,n]: 99
#fgrp [1,1]: 31 (exclusive-OR)
#fgrp [1,N]: 28 (inclusive-OR)
#total features: 500
#total nodes: 559
ECR [0-1]..........: 0.194
CNF CLAUSES: Feature Tree 
  Total Variables: 500
  Total Literals.: 1028
  Total Clauses..: 904
  Clause density.: 1.808
  Clause arity...: 
  - 1 ..........: 0 (0.0%)
  - 2 ..........: 845 (93.47345132743364%)
  - 3 ..........: 18 (1.991150442477876%)
  - > 3 ........: 41 (4.535398230088496%)
CNF CLAUSES: Extra Constraints 
  Total Variables: 97
  Total Literals.: 153
  Total Clauses..: 100
  Clause density.: 1.0309278
  Clause arity...: 
  - 1 ..........: 0 (0.0%)
  - 2 ..........: 0 (0.0%)
  - 3 ..........: 100 (100.0%)
  - > 3 ........: 0 (0.0%)
CNF CLAUSES: Entire Feature Model
  Total Variables: 500
  Total Literals.: 1042
  Total Clauses..: 1004
  Clause density.: 2.008
  Clause arity...: 
  - 1 ..........: 0 (0.0%)
  - 2 ..........: 845 (84.16334661354583%)
  - 3 ..........: 118 (11.752988047808765%)
  - > 3 ........: 41 (4.083665338645418%)
*************************************************************
-->
