﻿<feature_model name="DELL Laptop/Notebook Computers">
<meta>
<data name="description">This feature models describes the features of DELL Laptop/Notebook Products</data>
<data name="creator">Moises Branco</data>
<data name="email">moisesbranco@gmail.com</data>
<data name="date">May 20 2009</data>
<data name="department"></data>
<data name="organization"></data>
<data name="address"></data>
<data name="phone"></data>
<data name="website"></data>
<data name="reference"></data>
</meta>
<feature_tree>
:r Dell Laptops/Notebooks
	:m Product Category (productcategory)
		:g [1,1]
			: Mini Notebooks (mininotebooks)
			: Inspiron Laptops (inspironlaptops)
			: Studio Laptops (studiolaptops)
			: XPS Laptops (xpslaptops)
			: Adamo (adamo)
			: Studio XPS Laptops (studioxpslaptops)
	:m Operating System (operatingsystem)
		:g [1,1]
			: Vista with Downgrade to XP (vistawithdowngradetoxp)
			: Windows Vista 64 bit (windowsvista64bit)
			: Windows XP Home (windowsxphome)
			: Ubuntu Linux (ubuntulinux)
	:m Hard Drive (harddrive)
		:g [1,1]
			: 500GB (hd500gb)
			: 320GB (hd320gb)
			: 250GB (hd250gb)
			: 160GB (hd160gb)
			: 128GB Solid State (hd128gbsolidstate)
			: 120GB (hd120gb)
			: 80GB (hd80gb)
	:o Optical Drive (opticaldrive)
		:g [1,1]
			: CD_DVD +RW (cddvdrw)
			: DVD-ROM Drive and DVD+-RW (dvdromdriveanddvdrw)
			: DVD+-RW and CD-RW Combo (dvdrwandcdrwcombo)
			: Blu Ray Disc (bluraydisc)
	:m Laptop Weight (laptopweight)
		:g [1,1]
			: Ultra Light (ultralight)
			: Light (light)
			: Desktop Replacement (desktopreplacement)
	:m Memory (memory)
		:g [1,1]
			: More than 4GB (morethan4g)
			: 4GB (mem4gb)
			: 3GB (mem3gb)
			: 2GB (mem2gb)
			: 1GB (mem1gb)
	:m Processor (processor)
		:g [1,1]
			: Intel Core 2 Duo (intelcore2duo)
			: Intel Pentium Dual core (intelpentiumdualcore)
			: Intel Celeron (intelceleron)
			: Intel Atom (intelatom)
	:m Price (price)
		:g [1,1]
			: Less than $400(lessthanus400)
			: $400 - $800 (us400us800)
			: $800 - $1200 (us800us1200)
			: More than $1200 (morethanus1200)
</feature_tree>
<constraints>
c1: ~mininotebooks or ~vistawithdowngradetoxp
c2: ~mininotebooks or ~windowsvista64bit
c3: ~mininotebooks or ~hd500gb
c4: ~mininotebooks or ~hd320gb
c5: ~mininotebooks or ~hd250gb
c6: ~mininotebooks or ~hd128gbsolidstate
c7: ~mininotebooks or ~cddvdrw
c8: ~mininotebooks or ~dvdromdriveanddvdrw
c9: ~mininotebooks or ~dvdrwandcdrwcombo
c10: ~mininotebooks or ~bluraydisc
c11: ~mininotebooks or ~light
c12: ~mininotebooks or ~desktopreplacement
c13: ~mininotebooks or ~morethan4g
c14: ~mininotebooks or ~mem4gb
c15: ~mininotebooks or ~mem3gb
c16: ~mininotebooks or ~intelcore2duo
c17: ~mininotebooks or ~intelpentiumdualcore
c18: ~mininotebooks or ~intelceleron
c19: ~mininotebooks or ~us800us1200
c20: ~mininotebooks or ~morethanus1200

c21: ~inspironlaptops or ~windowsvista64bit
c22: ~inspironlaptops or ~windowsxphome
c23: ~inspironlaptops or ~ubuntulinux
c24: ~inspironlaptops or ~hd128gbsolidstate
c25: ~inspironlaptops or ~hd120gb
c26: ~inspironlaptops or ~hd80gb
c27: ~inspironlaptops or ~dvdromdriveanddvdrw
c28: ~inspironlaptops or ~dvdrwandcdrwcombo
c29: ~inspironlaptops or ~bluraydisc
c30: ~inspironlaptops or ~ultralight
c31: ~inspironlaptops or ~desktopreplacement
c32: ~inspironlaptops or ~morethan4g
c33: ~inspironlaptops or ~mem1gb
c34: ~inspironlaptops or ~intelatom
c35: ~inspironlaptops or ~morethanus1200

c36: ~studiolaptops or ~vistawithdowngradetoxp
c37: ~studiolaptops or ~windowsxphome
c38: ~studiolaptops or ~ubuntulinux
c39: ~studiolaptops or ~hd160gb
c40: ~studiolaptops or ~hd128gbsolidstate
c41: ~studiolaptops or ~hd120gb
c42: ~studiolaptops or ~hd80gb
c43: ~studiolaptops or ~morethan4g
c44: ~studiolaptops or ~mem2gb
c45: ~studiolaptops or ~mem1gb
c46: ~studiolaptops or ~intelceleron
c47: ~studiolaptops or ~intelatom
c48: ~studiolaptops or ~lessthanus400
c49: ~studiolaptops or ~morethanus1200

c50: ~xpslaptops or ~vistawithdowngradetoxp
c51: ~xpslaptops or ~windowsxphome
c52: ~xpslaptops or ~ubuntulinux
c53: ~xpslaptops or ~hd160gb
c54: ~xpslaptops or ~hd128gbsolidstate
c55: ~xpslaptops or ~hd120gb
c56: ~xpslaptops or ~hd80gb
c57: ~xpslaptops or ~dvdromdriveanddvdrw
c58: ~xpslaptops or ~dvdrwandcdrwcombo
c59: ~xpslaptops or ~mem2gb
c60: ~xpslaptops or ~mem1gb
c61: ~xpslaptops or ~intelpentiumdualcore
c62: ~xpslaptops or ~intelceleron
c63: ~xpslaptops or ~intelatom
c64: ~xpslaptops or ~lessthanus400

c65: ~adamo or ~vistawithdowngradetoxp
c66: ~adamo or ~windowsxphome
c67: ~adamo or ~ubuntulinux
c68: ~adamo or ~hd500gb
c69: ~adamo or ~hd320gb
c70: ~adamo or ~hd250gb
c71: ~adamo or ~hd160gb
c72: ~adamo or ~hd120gb
c73: ~adamo or ~hd80gb
c74: ~adamo or ~cddvdrw
c75: ~adamo or ~dvdromdriveanddvdrw
c76: ~adamo or ~dvdrwandcdrwcombo
c77: ~adamo or ~bluraydisc
c78: ~adamo or ~light
c79: ~adamo or ~desktopreplacement
c80: ~adamo or ~morethan4g
c81: ~adamo or ~mem3gb
c82: ~adamo or ~mem1gb
c83: ~adamo or ~intelpentiumdualcore
c84: ~adamo or ~intelceleron
c85: ~adamo or ~intelatom
c86: ~adamo or ~lessthanus400
c87: ~adamo or ~us400us800
c88: ~adamo or ~us800us1200


c89: ~studioxpslaptops or ~vistawithdowngradetoxp
c90: ~studioxpslaptops or ~windowsxphome
c91: ~studioxpslaptops or ~ubuntulinux
c92: ~studioxpslaptops or ~hd250gb
c93: ~studioxpslaptops or ~hd160gb
c94: ~studioxpslaptops or ~hd128gbsolidstate
c95: ~studioxpslaptops or ~hd120gb
c96: ~studioxpslaptops or ~hd80gb   
c97: ~studioxpslaptops or ~dvdromdriveanddvdrw
c98: ~studioxpslaptops or ~dvdrwandcdrwcombo
c99: ~studioxpslaptops or ~bluraydisc
c100: ~studioxpslaptops or ~desktopreplacement
c101: ~studioxpslaptops or ~morethan4g
c102: ~studioxpslaptops or ~mem3gb
c103: ~studioxpslaptops or ~mem2gb
c104: ~studioxpslaptops or ~mem1gb
c105: ~studioxpslaptops or ~intelpentiumdualcore
c106: ~studioxpslaptops or ~intelceleron
c107: ~studioxpslaptops or ~intelatom
c108: ~studioxpslaptops or ~lessthanus400
c109: ~studioxpslaptops or ~us400us800
c110: ~studioxpslaptops or ~morethanus1200
</constraints>
</feature_model>

