<!-- This model was created online using SPLOT's Feature Model Editor (http://www.splot-research.org) on Thu, Mar 25, 2010 - 11:39 AM  -->
<feature_model name="VODPlayer">
<meta>
<data name="description">feature diagran</data>
<data name="creator">leticia</data>
<data name="address"></data>
<data name="email">leticia.montalvillo@gmail.com</data>
<data name="phone"></data>
<data name="website"></data>
<data name="organization">none</data>
<data name="department"></data>
<data name="date"></data>
<data name="reference"></data>
</meta>
<feature_tree>
:r VODPlayer(_r)
	:m StartPlayer(_r_1)
	:o Pause(_r_2)
	:g (_r_3) [1,1] 
		: PlayImm(_r_3_4)
		: StartMovie(_r_3_6)
			:o StopMovie(_r_3_6_7)
	:m VCRInterf(_r_8)
	:o Quit(_r_9)
	:m SelectMovie(_r_10)
		:o ChangeServer(_r_10_11)
		:o Detail(_r_10_12)
</feature_tree>
<constraints>
</constraints>
</feature_model>
