<!-- This model was created online using SPLOT's Feature Model Editor (http://www.splot-research.org) on Sun, Dec 13, 2009 - 10:53 AM  -->
<feature_model name="Coche ecologico">
<meta>
<data name="description">Crear modelos de coches ecológicos</data>
<data name="creator">Emilio Aguilar</data>
<data name="address"></data>
<data name="email">eag2001@gmail.com</data>
<data name="phone"></data>
<data name="website"></data>
<data name="organization">ULL</data>
<data name="department"></data>
<data name="date"></data>
<data name="reference"></data>
</meta>
<feature_tree>
:r Coche ecologico(_r)
	:m Carrocería de 4 metros(_r_1)
		:m Pintura(_r_1_5)
			:g (_r_1_5_6) [1,1] 
				: Metalizada(_r_1_5_6_7)
					:g (_r_1_5_6_7_9) [1,1] 
						: Gris perla(_r_1_5_6_7_9_10)
						: Rojo turco(_r_1_5_6_7_9_11)
						: Verde cactus(_r_1_5_6_7_9_12)
						: Azul cobalto(_r_1_5_6_7_9_13)
				: No metalizada(_r_1_5_6_8)
					:g (_r_1_5_6_8_14) [1,1] 
						: Blanco(_r_1_5_6_8_14_15)
						: Negro(_r_1_5_6_8_14_16)
						: Azul marino(_r_1_5_6_8_14_17)
						: Verde esmeralda(_r_1_5_6_8_14_18)
						: Rojo fuego(_r_1_5_6_8_14_19)
		:m Cristales(_r_1_20)
			:m Lunas delantera de piloto y copiloto(_r_1_20_21)
				:m Transparentes(_r_1_20_21_25)
			:m Lunas trasera y de pasajeros(_r_1_20_26)
				:g (_r_1_20_26_27) [1,1] 
					: Transparentes(_r_1_20_26_27_28)
					: Tintadas(_r_1_20_26_27_29)
						:g (_r_1_20_26_27_29_30) [1,1] 
							: Tintado oscuro(_r_1_20_26_27_29_30_31)
							: Tintado medio(_r_1_20_26_27_29_30_32)
							: Tintado suave(_r_1_20_26_27_29_30_33)
		:m Faros(_r_1_72)
			:g (_r_1_72_73) [1,1] 
				: Neón(_r_1_72_73_74)
				: Xenon(_r_1_72_73_75)
		:o Llantas de aleación ligera(_r_1_96)
	:m Equipamento interior(_r_2)
		:m Tapicería(_r_2_34)
			:g (_r_2_34_37) [1,1] 
				: Cuero(_r_2_34_37_38)
					:g (_r_2_34_37_38_39) [1,1] 
						: Negro(_r_2_34_37_38_39_40)
						: Blanco(_r_2_34_37_38_39_41)
						: Marrón(_r_2_34_37_38_39_42)
				: Estampado(_r_2_34_37_43)
					:g (_r_2_34_37_43_46) [1,1] 
						: Liso(_r_2_34_37_43_46_47)
							:g (_r_2_34_37_43_46_47_49) [1,1] 
								: Negro(_r_2_34_37_43_46_47_49_50)
								: Rojo granate(_r_2_34_37_43_46_47_49_51)
								: Verde musgo(_r_2_34_37_43_46_47_49_52)
								: Marrón roble(_r_2_34_37_43_46_47_49_53)
						: Moteado(_r_2_34_37_43_46_48)
							:g (_r_2_34_37_43_46_48_54) [1,1] 
								: Geométrico verde/rojo/amarillo(_r_2_34_37_43_46_48_54_55)
								: Hojasca marron/negro/amarillo(_r_2_34_37_43_46_48_54_56)
								: Balones blanco/azul/verde(_r_2_34_37_43_46_48_54_57)
		:m Asientos delanteros(_r_2_58)
			:g (_r_2_58_59) [1,1] 
				: Deportivos envolventes(_r_2_58_59_60)
				: Asientos de serie(_r_2_58_59_61)
		:m Cinturón de seguridad delanteros(_r_2_62)
			:g (_r_2_62_63) [1,1] 
				: Deportivos(_r_2_62_63_64)
				: De serie(_r_2_62_63_65)
		:m Capacidad para 4 personas(_r_2_76)
		:m Airbags(_r_2_78)
			:m Piloto y copiloto(_r_2_78_80)
			:o Pasajeros(_r_2_78_81)
			:o Laterales(_r_2_78_82)
				:g (_r_2_78_82_83) [1,*] 
					: Piloto y copiloto(_r_2_78_82_83_84)
					: Pasajeros(_r_2_78_82_83_85)
		:m Cinturones de seguridad traseros(_r_2_86)
			:m Cirturones para tres plazas(_r_2_86_87)
			:m Enganches para sillas de bebé(_r_2_86_88)
	:m 5 puertas(_r_3)
	:m Motor mixto gasolina-electrico(_r_4)
		:m Baterías(_r_4_69)
			:g (_r_4_69_70) [1,1] 
				: Ión-litio(_r_4_69_70_71)
				: Niquel-cadmio(_r_4_69_70_72)
		:m Motor de gasolina(_r_4_89)
			:m 1000 cc(_r_4_89_90)
			:m 16 válvulas(_r_4_89_91)
			:m Catalizador(_r_4_89_92)
	:m Extras(_r_51)
		:m Cierre centralizado(_r_51_52)
		:o Sistema antirrobo integrado en la llave de encendido(_r_51_53)
		:m Sonido(_r_51_54)
			:m Radio(_r_51_54_55)
			:m Lector de CD y reproductor de MP3(_r_51_54_56)
			:o Capacidades especiales(_r_51_54_57)
				:m Lector de archivos MP3 por USB(_r_51_54_57_59)
				:m Lector de archivos MP3 en tarjetas SD(_r_51_54_57_60)
				:m Cargador de 3 CDs(_r_51_54_57_75)
			:m Ecualizador preconfigurado(_r_51_54_58)
		:o Apertura y cierre de puertas a distancia en la llave(_r_51_61)
		:o Navegador GPS integrado(_r_51_62)
		:o Temperatura interior(_r_51_63)
			:o Aire acondicionado(_r_51_63_64)
			:o Aclimatador(_r_51_63_66)
				:g (_r_51_63_66_67) [1,1] 
					: Controles comunes(_r_51_63_66_67_68)
					: Controles separados de piloto, copiloto y pasajeros(_r_51_63_66_67_69)
		:m Elevalunas electrico en las puertas delanteras(_r_51_70)
		:o Elevalunas electrico en las ventanillas traseras(_r_51_71)
		:o Reproductor de DVD integrado con pantalla para los pasajeros(_r_51_72)
		:m Regulación electrónica de los retrovisores desde el interior(_r_51_97)
		:m Regulación electrónica de la altura de los faros desde el interior(_r_51_98)
	:m Sistemas electrónicos(_r_93)
		:m ABS(_r_93_94)
		:m ESP(_r_93_95)
</feature_tree>
<constraints>
constraint_2:~_r_2_58_59_60 or _r_2_62_63_64
constraint_3:_r_51_53 or ~_r_51_61
</constraints>
</feature_model>
