<!-- This model was created online using SPLOT's Feature Model Editor (http://www.splot-research.org) on Tue, Feb 16, 2010 - 10:20 AM  -->
<feature_model name="test_fm">
<meta>
<data name="description">test</data>
<data name="creator">YMTT</data>
<data name="address"></data>
<data name="email">yan-mei.tang@technicolor.com</data>
<data name="phone"></data>
<data name="website"></data>
<data name="organization">Technicolor</data>
<data name="department"></data>
<data name="date"></data>
<data name="reference"></data>
</meta>
<feature_tree>
:r YM_Test(_r)
	:m POWER SUPPLY(_r_2)
	:m TUNER and CHANNEL DECODING(_r_3)
	:m DEMULTIPLEXER and DESCRAMBLING(_r_4)
	:m AUDIO and VIDEO DECODING(_r_5)
	:m CONDITIONAL ACCESS(_r_7)
	:m SECURITY(_r_8)
	:m PROCESSOR and DATA STORAGE(_r_9)
	:m DATA INTERFACES(_r_11)
		:o USB(_r_11_12)
		:o Wifi(_r_11_13)
		:o Power Line Control (PLC)(_r_11_14)
</feature_tree>
<constraints>
</constraints>
</feature_model>
