<!-- This model was created online using SPLOT's Feature Model Editor (http://www.splot-research.org) on Sun, Mar 21, 2010 - 10:21 PM  -->
<feature_model name="Project Portal Suite">
<meta>
<data name="description">Project Portal Suite</data>
<data name="creator">Cristian Vallarino</data>
<data name="address"></data>
<data name="email">cvallarino@imagen.cl</data>
<data name="phone"></data>
<data name="website"></data>
<data name="organization">Imagen</data>
<data name="department"></data>
<data name="date"></data>
<data name="reference"></data>
</meta>
<feature_tree>
:r Project Portal Suite(_r)
	:m Desktop Manager(_r_1)
		:o Indicadores y Reportes(_r_1_9)
		:o Biblioteca documental normativa(_r_1_13)
		:o Base de conocimiento(_r_1_14)
		:m Plantilla de Proyecto(_r_1_15)
			:m Biblioteca documental de ingenieria(_r_1_15_16)
			:o Biblioteca documental de contratos(_r_1_15_17)
			:o Registros financieros(_r_1_15_18)
			:o Registro de cargos y personas(_r_1_15_20)
		:o Biblioteca documental de personas(_r_1_21)
	:o Executive Dashboard(_r_2)
	:o Engineering Document Management(_r_3)
	:o Contract Management(_r_4)
	:o Program and Control Management(_r_5)
	:o Staffing Management(_r_6)
	:o Compliance Management(_r_7)
	:o Best Practices and Lessons Learned(_r_8)
</feature_tree>
<constraints>
</constraints>
</feature_model>
