<!-- This model was created online using SPLOT's Feature Model Editor (http://www.splot-research.org) on Wed, Jan 6, 2010 - 2:02 AM  -->
<feature_model name="EC2">
<meta>
<data name="description">pricing model</data>
<data name="creator">Adeel Talib</data>
<data name="address"></data>
<data name="email">mtalib@swin.edu.au</data>
<data name="phone"></data>
<data name="website"></data>
<data name="organization">Swinburne University</data>
<data name="department"></data>
<data name="date"></data>
<data name="reference"></data>
</meta>
<feature_tree>
:r EC2(_r)
	:m O/S(_r_1)
		:g (_r_1_14) [1,1] 
			: Linux(_r_1_14_15)
			: Windows(_r_1_14_16)
	:m Country(_r_2)
		:g (_r_2_7) [1,1] 
			: US(_r_2_7_8)
			: EU(_r_2_7_9)
	:m Instance Category(_r_3)
		:g (_r_3_4) [1,1] 
			: On demand(_r_3_4_5)
				:g (_r_3_4_5_17) [1,1] 
					: Standard(_r_3_4_5_17_18)
						:g (_r_3_4_5_17_18_21) [1,1] 
							: S(_r_3_4_5_17_18_21_22)
							: L(_r_3_4_5_17_18_21_23)
							: XL(_r_3_4_5_17_18_21_24)
					: High Memory(_r_3_4_5_17_19)
						:g (_r_3_4_5_17_19_26) [1,1] 
							: Duo(_r_3_4_5_17_19_26_27)
							: Qua(_r_3_4_5_17_19_26_28)
					: High CPU(_r_3_4_5_17_20)
						:g (_r_3_4_5_17_20_29) [1,1] 
							: M(_r_3_4_5_17_20_29_30)
							: L(_r_3_4_5_17_20_29_31)
			: Reserve(_r_3_4_6)
</feature_tree>
<constraints>
</constraints>
</feature_model>
