<!-- This model was created online using SPLOT's Feature Model Editor (http://www.splot-research.org) on Wed, Nov 11, 2009 - 2:45 PM  -->
<feature_model name="Inventory">
<meta>
<data name="description">Inventory Control Systems</data>
<data name="creator">Melvin Perez-Cedano</data>
<data name="address"></data>
<data name="email">melperez@mail.rit.edu</data>
<data name="phone"></data>
<data name="website"></data>
<data name="organization">Rochester Institute of Technology</data>
<data name="department">Golisano College of Computing and Information Sciences</data>
<data name="date">04/30/2009</data>
<data name="reference"></data>
</meta>
<feature_tree>
:r Inventory(_r)
	:m Catalog Management(_r_1)
		:o Item Associations(_r_1_20)
		:o Services(_r_1_28)
		:o Identification(_r_1_63)
			:g (_r_1_63_69) [1,*] 
				: RFID(_r_1_63_69_70)
				: Bar Code(_r_1_63_69_71)
		:m Item Classification(_r_1_72)
			:g (_r_1_72_73) [1,*] 
				: Categories(_r_1_72_73_74)
				: Tags(_r_1_72_73_75)
		:m Items(_r_1_85)
			:g (_r_1_85_92) [1,*] 
				: Generic(_r_1_85_92_93)
				: Assembly(_r_1_85_92_94)
				: Perishable(_r_1_85_92_95)
				: Serialized(_r_1_85_92_96)
				: Raw Material(_r_1_85_92_98)
	:m Stock Management(_r_6)
		:m Transactions(_r_6_14)
			:g (_r_6_14_49) [1,*] 
				: Increase(_r_6_14_49_50)
				: Decrease(_r_6_14_49_51)
				: Transfer(_r_6_14_49_52)
				: Adjustment(_r_6_14_49_54)
				: Consignment(_r_6_14_49_55)
				: Allocation(_r_6_14_49_56)
				: Assembling(_r_6_14_49_97)
		:o Warehouse Management(_r_6_41)
		:o Serial Tracking(_r_6_42)
		:o Expiration Control(_r_6_57)
		:m Units Conversion(_r_6_60)
		:m Physical Counting(_r_6_62)
		:m Valuation Method(_r_6_76)
			:g (_r_6_76_77) [1,1] 
				: FIFO(_r_6_76_77_78)
				: LIFO(_r_6_76_77_79)
				: AVG(_r_6_76_77_80)
		:m Inventory Method(_r_6_81)
			:g (_r_6_81_82) [1,1] 
				: Perpetual(_r_6_81_82_83)
				: Periodic(_r_6_81_82_84)
</feature_tree>
<constraints>
constraint_10:_r_1_85_92_94 or ~_r_6_14_49_97
constraint_9:_r_6_41 or ~_r_6_14_49_52
constraint_11:~_r_6_42 or _r_1_63
constraint_13:_r_6_57 or ~_r_1_85_92_95
constraint_14:_r_1_63 or ~_r_1_85_92_96
constraint_15:_r_1_20 or ~_r_1_85_92_94
</constraints>
</feature_model>
