<!-- This model was created online using SPLOT's Feature Model Editor (http://www.splot-research.org) on Sun, Dec 6, 2009 - 5:56 PM  -->
<feature_model name="Mobile Game">
<meta>
<data name="description">PL Ex2</data>
<data name="creator">Bruce Lee</data>
<data name="address"></data>
<data name="email">bruce.lee@kungfu</data>
<data name="phone"></data>
<data name="website"></data>
<data name="organization">testOrg</data>
<data name="department"></data>
<data name="date"></data>
<data name="reference"></data>
</meta>
<feature_tree>
:r Mobile Game(_r)
	:m Input(_r_1)
		:g (_r_1_6) [1,*] 
			: Movement Detection(_r_1_6_7)
			: Speech Input(_r_1_6_8)
			: Keypad(_r_1_6_9)
			: Touchscreen(_r_1_6_10)
	:o Output(_r_2)
		:o Force Feedback(_r_2_12)
	:o Network Support(_r_3)
		:o Online Multiplayer(_r_3_13)
</feature_tree>
<constraints>
</constraints>
</feature_model>
