<!-- This model was created online using SPLOT's Feature Model Editor (http://www.splot-research.org) on Mon, Feb 15, 2010 - 1:26 AM  -->
<feature_model name="Sienna">
<meta>
<data name="description">2011 Sienna Van</data>
<data name="creator">David Ford</data>
<data name="address"></data>
<data name="email">dford@smart-soft.com</data>
<data name="phone"></data>
<data name="website"></data>
<data name="organization">Smart Soft</data>
<data name="department"></data>
<data name="date"></data>
<data name="reference"></data>
</meta>
<feature_tree>
:r Sienna(_r)
	:m Trim(_r_1)
		:m Grade(_r_1_7)
			:g (_r_1_7_8) [1,1] 
				: Base(_r_1_7_8_9)
				: LE(_r_1_7_8_10)
				: SE(_r_1_7_8_11)
				: XLE(_r_1_7_8_12)
					:o XLE Navigation Package(_r_1_7_8_12_43)
					:o XLE Premium Package(_r_1_7_8_12_44)
				: LTD(_r_1_7_8_13)
		:m Engine(_r_1_15)
			:g (_r_1_15_17) [1,1] 
				: L4(_r_1_15_17_18)
				: V6(_r_1_15_17_19)
		:m Drive(_r_1_16)
			:g (_r_1_16_20) [1,1] 
				: 2Wd(_r_1_16_20_21)
				: AWD(_r_1_16_20_22)
		:m PsgrCount(_r_1_23)
			:g (_r_1_23_24) [1,1] 
				: 7PSGR(_r_1_23_24_25)
				: 8PSGR(_r_1_23_24_26)
		:m ModelCode(_r_1_37)
			:g (_r_1_37_40) [1,1] 
				: 5312(_r_1_37_40_41)
				: 5328(_r_1_37_40_42)
	:m Color(_r_2)
		:m ExteriorColor(_r_2_27)
			:g (_r_2_27_30) [1,1] 
				: Silver Sky Metallic(_r_2_27_30_31)
				: Super White(_r_2_27_30_32)
				: Blizzard Pearl(_r_2_27_30_33)
		:m InteriorColor(_r_2_34)
			:g (_r_2_34_35) [1,1] 
				: Bisc(_r_2_34_35_36)
				: Gray(_r_2_34_35_37)
				: Charcoal(_r_2_34_35_38)
	:o Accessories(_r_3)
		:o Floor Mats(_r_3_42)
		:o Mud Flaps(_r_3_43)
	:m Derived(_r_30)
		:m Antenna(_r_30_33)
			:g (_r_30_33_34) [1,1] 
				: In Glass(_r_30_33_34_35)
				: Pole(_r_30_33_34_36)
</feature_tree>
<constraints>
constraint_8:_r_1_7_8_9 or ~_r_1_37_40_41
constraint_10:_r_30_33_34_35 or ~_r_1_7_8_12_44
constraint_9:_r_30_33_34_35 or ~_r_1_7_8_12_43
constraint_6:~_r_1_7_8_13 or _r_30_33_34_35
constraint_4:~_r_1_7_8_10 or _r_30_33_34_36
constraint_5:~_r_1_7_8_11 or _r_30_33_34_36
constraint_2:_r_1_7_8_11 or ~_r_2_34_35_38
constraint_3:~_r_1_7_8_9 or _r_30_33_34_36
</constraints>
</feature_model>
