<feature_model name="Telecommunication_System">
<meta>
<data name="description">This feature models describes the features of a simple telecommunication system</data>
<data name="creator">Alexander Felfernig</data>
<data name="email"></data>
<data name="date"></data>
<data name="department"></data>
<data name="organization"></data>
<data name="address"></data>
<data name="phone"></data>
<data name="website"></data>
<data name="reference">Alexander Felfernig, Gerhard Friedrich, Dietmar Jannach, and Markus Zanker. Towards distributed configuration. In KI ’01: Proceedings of the Joint Ger- man/Austrian Conference on AI, pages 198–212, London, UK, 2001. Springer-Verlag</data>
</meta>
<feature_tree>
:r tecom
	:o ipvoice (ipvoice)
		:m software
			:g [1,1]
				: swpack1 (swpack1)
				: swpack2
	:m rack
		:m sizes
			:g [1,1]
				: large
				: medium
				: small
	:o messaging (messaging)
		:o upgrade_swpack (upgrade_swpack)
</feature_tree>
<constraints>
c1: ~swpack1 or ~upgrade_swpack
c2: ~ipvoice or ~messaging or upgrade_swpack
</constraints>
</feature_model>

