<feature_model name="Search_Engine_PL">
<meta>
<data name="description">Feature model of a simple search engine product line</data>
<data name="creator">Marcilio Mendonca</data>
<data name="email">marcilio dot mendonca at gmail dot com</data>
<data name="date">Jan, 2009</data>
<data name="department">School of Computer Science</data>
<data name="organization">University of Waterloo</data>
<data name="address">200 University Ave. West, Waterloo, ON, Canada</data>
<data name="phone">+1-519-883-7198</data>
<data name="website">http://hdl.handle.net/10012/4201</data>
<data name="reference">Marcilio Mendonca, Efficient Reasoning Techniques for Large Scale Feature Models, PhD Thesis, School of Computer Science, University of Waterloo, Jan/2009</data>
</meta>
<feature_tree>
:r search_engine_PL
	:o page_translation (page_translation)
	:m doc_type
		:m html
		:o image
			:g [1,1]
				: jpg
				: gif
				: svg (svg)
		:o video
	:o search_by_language (search_by_language)
		:g [1,*]
			: portuguese
			: english
			: spanish
	:o page_preview (page_preview)
</feature_tree>
<constraints>
	c1: ~search_by_language or page_translation
	c2: ~page_preview or ~svg
</constraints>
</feature_model>

