<!-- This model was created online using SPLOT's Feature Model Editor (http://www.splot-research.org) on Sun, Feb 14, 2010 - 1:23 PM  -->
<feature_model name="Electronic Shopping">
<meta>
<data name="description">This feature model models a B2C system with fixed priced products</data>
<data name="creator">Sean Quan Lau</data>
<data name="address">200 University Ave. West, Waterloo, ON, Canada</data>
<data name="email">imran@dcs.gla.ac.uk</data>
<data name="phone">+1-519-888-4567</data>
<data name="website">http://gsd.uwaterloo.ca/</data>
<data name="organization">University of Waterloo</data>
<data name="department">Electrical and Computer Engineering</data>
<data name="date"></data>
<data name="reference">Sean Quan Lau. Domain analysis of e-commerce systems using feature-based model templates. Master's thesis, Dept. Electrical and Computer Engineering, University of Waterloo, Canada, 2006. Available at: http://gp.uwaterloo.ca/files/2006-lau-masc-thesis.pdf.</data>
</meta>
<feature_tree>
:r eShop(eShop)
	:m Store front(store_front)
		:o Home page(homepage)
			:g (_id_0) [1,*] 
				: Static content(_id_1)
				: Dynamic content(_id_2)
					:m Content type(_id_3)
						:g (_id_4) [1,*] 
							: Welcome message(_id_5)
							: Special offers(special_offers)
					:m Variation source(_id_6)
						:g (_id_7) [1,*] 
							: Time dependent(_id_8)
							: Personalized(_id_9)
		:o Registration(registration)
			:m Registration enforcement(registration_enforcement)
				:g (_id_10) [1,*] 
					: Register to browse(_id_11)
					: Register to buy(register_to_buy)
					: None(_id_12)
			:m Registration information(_id_13)
				:m Login credentials(_id_14)
				:o Shipping address(shipping_address)
					:o Multiple shipping addresses(_id_15)
				:o Billing address(_id_16)
					:o Multiple billing addresses(_id_17)
				:o Credit card information(_id_18)
					:m Card holder name(_id_19)
					:m Card number(_id_20)
					:m Expiry date(_id_21)
					:o Security information(_id_22)
				:o Demographics(_id_23)
					:g (_id_24) [1,*] 
						: Age(_id_25)
						: Income(_id_26)
						: Education(_id_27)
						: Custom Demographic field(_id_28)
				:o Personal Information(_id_29)
				:o Preferences(preferences)
					:g (_id_30) [1,*] 
						: Site layout(_id_31)
						: List size(_id_32)
						: Language(_id_33)
				:o Reminders(_id_34)
				:o Quick checkout profile(quick_checkout_profile)
				:o Custom fields(_id_35)
			:o User behaviour tracking information(user_behaviour_tracking_info)
		:m Catalog(catalog)
			:m Product Information(product_information)
				:m Product type(product_type)
					:g (_id_36) [1,*] 
						: Eletronic goods(eletronic_goods)
						: Physical goods(physical_goods)
						: Services(services)
				:m Basic information(basic_information)
				:o Detailed information(detailed_information)
				:o Warranty information(warranty_information)
				:o Customer reviews(customer_reviews)
				:o Associated assets(associated_assets)
					:g (_id_37) [1,*] 
						: Documents(_id_38)
						: Media files(_id_39)
							:g (_id_40) [1,*] 
								: Image(_id_41)
									:g (_id_42) [1,*] 
										: Thumbnail(_id_43)
										: 2D image(_id_44)
										: 3D image(_id_45)
										: 360 degrees image(_id_46)
										: Different perspectives(_id_47)
										: Gallery(_id_48)
								: Video(_id_49)
								: Sound(_id_50)
				:o Product variants(product_variants)
					:o Complex product configuration(_id_51)
				:o Size(size)
				:o Weight(weight)
				:o Availability(availability)
				:o Custom fields(custom_fields)
			:o Categories(categories)
				:m Catalog(categories_catalog)
					:o Categories(_id_52)
						:o Multi-level(_id_53)
						:o Multiple classification(_id_54)
			:o Multiple catalogs(_id_55)
			:o Searching(_id_56)
				:g (_id_57) [1,*] 
					: Basic search(_id_58)
					: Advanced search(_id_59)
			:o Browsing(_id_60)
				:m Product page(_id_61)
				:o Category page(category_page)
				:o Index page(_id_62)
					:o Sorting filters(_id_63)
						:g (_id_64) [1,*] 
							: Price(_id_65)
							: Quality(_id_66)
							: Price-Quality ratio(_id_67)
							: Manufacturer name(_id_68)
							: Custom filter(_id_69)
			:o Custom views(_id_70)
				:o Seasonal product views(_id_71)
				:o Personalized views(_id_72)
		:o Wish list(wish_list)
			:o Wish list save after session(wish_list_saved_after_session)
			:o E-mail wish list(email_wish_list)
			:o Multiple wish lists(_id_73)
			:o Permissions(permissions)
				:g (_id_74) [1,*] 
					: Public access(_id_75)
					: Restricted access(_id_76)
					: Private access(_id_77)
		:m Buy paths(buy_paths)
			:m Shopping cart(_id_78)
				:m Inventory management policy(_id_79)
				:m Cart content page(_id_80)
				:o Cart summary page(_id_81)
				:o Cart save after session(_id_82)
			:m Checkout(_id_83)
				:m Checkout type(_id_84)
					:g (_id_85) [1,*] 
						: Registered checkout(registered_checkout)
							:o Quick checkout(quick_checkout)
								:o Enable profile update on checkout(_id_86)
						: Guest checkout(_id_87)
				:o Shipping options(shipping_options)
					:o Quality of service selection(_id_88)
					:o Carrier selection(_id_89)
					:o Gift options(_id_90)
					:o Multiple shipments(_id_91)
					:m Shipping cost calculation(_id_92)
				:m Taxation options(_id_93)
					:g (_id_94) [1,*] 
						: Custom taxation(_id_95)
							:m Type(_id_96)
								:g (_id_97) [1,*] 
									: Fixed-rate taxation(_id_98)
									: Rule-based taxation(_id_99)
										:m Tax codes(_id_100)
										:m Address(_id_101)
											:m Shipping(shipping_2)
											:o Billing(_id_102)
										:o Resolution(_id_103)
											:g (_id_104) [1,*] 
												: Country(_id_105)
												: Region(_id_106)
												: City(_id_107)
							:m Ammount specification(_id_108)
								:g (_id_109) [1,*] 
									: Surcharge(_id_110)
									: Percentage(_id_111)
						: Tax gateways(_id_112)
							:g (_id_113) [1,*] 
								: CertiTAX(_id_114)
								: CyberSource(_id_115)
								: Custom tax gateway(_id_116)
				:m Payment options(_id_117)
					:m Payment types(_id_118)
						:g (_id_119) [1,*] 
							: COD(_id_120)
							: Credit card(_id_121)
							: Debit card(_id_122)
							: Eletronic cheque(_id_123)
							: Fax mail order(_id_124)
							: Purchase order(_id_125)
							: Gift certificate(_id_126)
							: Phone order(_id_127)
							: Custom payment type(_id_128)
					:o Fraud detection(_id_129)
					:o Payment gateways(_id_130)
						:g (_id_131) [1,*] 
							: Authorize.Net(_id_132)
							: CyberSource(_id_133)
							: LinkPoint(_id_134)
							: Paradata(_id_135)
							: SkipJack(_id_136)
							: Verisign Payflow Pro(_id_137)
							: Custom payment gateway(_id_138)
			:m Order confirmation(_id_139)
				:g (_id_140) [1,*] 
					: Eletronic page(_id_141)
					: E-mail(_id_142)
					: Phone(_id_143)
					: Mail(_id_144)
		:o Customer service(customer_service)
			:g (_id_145) [1,*] 
				: Question and feedback forms(_id_146)
					:o Question and feedback tracking(_id_147)
				: Product returns(_id_148)
				: Order status review(_id_149)
					:m Filtering criteria(_id_150)
						:g (_id_151) [1,*] 
							: Order number(_id_152)
							: Order date(_id_153)
							: Order status(_id_154)
					:o Request order hardcopy(_id_155)
				: Shipment status tracking(_id_156)
					:g (_id_157) [1,*] 
						: Internal tracking(_id_158)
						: Partner tracking(_id_159)
		:o User behaviour tracking(user_behaviour_tracking)
			:m Behaviour tracked(_id_160)
				:g (_id_161) [1,*] 
					: Locally visited pages(locally_visited_pages)
					: External referring pages(external_referring_pages)
					: Previous purchases(behaviour_tracked_previous_purchases)
	:m Business management(business_management)
		:m Order management(_id_162)
			:m Fulfillment(_id_163)
				:g (_id_164) [1,*] 
					: Physical goods fulfillment(physical_goods_fulfillment)
						:m Warehouse management(warehouse_management)
						:m Shipping(shipping)
							:g (_id_165) [1,*] 
								: Custom shipping method(_id_166)
									:m Pricing(_id_167)
										:m Flat rate(_id_168)
										:o Rate factors(_id_169)
											:g (_id_170) [1,*] 
												: Quantity purchased(_id_171)
												: Order total(_id_172)
												: Weight(_id_173)
												: Product classification(_id_174)
								: Shipping gateways(_id_175)
									:g (_id_176) [1,*] 
										: FedEX(_id_177)
										: UPS(_id_178)
										: USPS(_id_179)
										: Canada Post(_id_180)
										: Custom shipping gateway(_id_181)
					: Eletronic goods fulfillment(eletronic_goods_fulfillment)
						:m File repository(_id_182)
						:m License management(_id_183)
					: Services fulfillment(services_fulfillment)
						:o Appointment scheduling(_id_184)
						:o Resource planning(_id_185)
		:o Targeting(_id_186)
			:m Targeting criteria(_id_187)
				:g (_id_188) [1,*] 
					: Customer preferences(customer_preferences)
					: Personal information(_id_189)
					: Demographics(_id_190)
					: Previous purchases(targeting_criteria_previous_purchases)
					: Shopping cart content(_id_191)
					: Wish list content(wish_list_content)
					: Previously visited pages(previously_visited_pages)
					: Date and time(_id_192)
					: Custom target criteria(_id_193)
			:m Targeting mechanisms(_id_194)
				:g (_id_195) [1,*] 
					: Advertisements(_id_196)
						:m Advertisement types(_id_197)
							:g (_id_198) [1,*] 
								: Banner ads(_id_199)
								: Pop-up ads(_id_200)
						:m Advertisement sources(_id_201)
							:g (_id_202) [1,*] 
								: House advertisements(_id_203)
								: Paid advertisements(_id_204)
									:m Advertisement management interface(_id_205)
						:o Advertisement response tracking(_id_206)
						:o Context sensitive ads(_id_207)
					: Discounts(discounts)
						:m Discount conditions(_id_208)
							:m Product and quantity scope(_id_209)
							:m Time scope(_id_210)
							:o Purchase value scope(_id_211)
						:m Award(_id_212)
							:g (_id_213) [1,*] 
								: Percentage discount(_id_214)
								: Fixed discount(_id_215)
								: Free item(_id_216)
						:m Eligibility requirements(_id_217)
							:o Customer segments(_id_218)
							:o Shipping address(_id_219)
						:m Graduation by(_id_220)
							:g (_id_221) [1,*] 
								: Purchase value(_id_222)
								: Quantity(_id_223)
						:o Coupons(_id_224)
						:m Handling multiple discounts(_id_225)
					: Sell strategies(_id_226)
						:g (_id_227) [1,*] 
							: Product kitting(_id_228)
							: Up-selling(_id_229)
								:m Substitute products(_id_230)
							: Cross-selling(_id_231)
								:m Past customers also bought(_id_232)
			:m Display and notification(_id_233)
				:g (_id_234) [1,*] 
					: Assignment to page types for display(_id_235)
					: Product flagging(_id_236)
					: E-mails(_id_237)
						:o Personalized(personalized_emails)
						:o Response tracking(_id_238)
			:o Campaigns(_id_239)
		:o Affiliates(_id_240)
			:m Affiliate registration(_id_241)
			:m Commission tracking(_id_242)
		:o Inventory tracking(inventory_tracking)
			:o Allow backorders(_id_243)
		:o Procurement(procurement)
			:m Stock replenishment(_id_244)
				:m Manual(_id_245)
				:o Automatic(automatic)
					:m Non-repudiation service(_id_246)
		:o Reporting and analysis(reporting_and_analysis)
			:m Report types(_id_247)
			:m Report formats(_id_248)
			:m Level of detail(_id_249)
		:o External systems integration(_id_250)
			:g (_id_251) [1,*] 
				: Fulfillment system(fulfillment_system)
				: Inventory management system(_id_252)
				: Procurement system(procurement_system)
				: External distributor system(_id_253)
		:m Administration(_id_254)
			:m Content management(_id_255)
				:m Product database management(_id_256)
				:m Presentation options(_id_257)
				:m General layout management(_id_258)
				:o Content approval(_id_259)
			:m Store administration(_id_260)
				:m Site search(_id_261)
				:m Search engine registration(_id_262)
				:m Domain name setup(_id_263)
</feature_tree>
<constraints>
c13a:~wish_list or wish_list_saved_after_session
c13b:registration or wish_list_saved_after_session
c9b:~eletronic_goods or size
c9a:~physical_goods or size
c6:~eletronic_goods or eletronic_goods_fulfillment
c5:~user_behaviour_tracking_info or user_behaviour_tracking
c4:~quick_checkout or quick_checkout_profile
c3:~customer_preferences or preferences
c8:~services or services_fulfillment
c7:~physical_goods or physical_goods_fulfillment
c17:~wish_list_content or wish_list
c2b:~registered_checkout or register_to_buy
c16:~shipping_options or shipping
c2a:~registered_checkout or registration_enforcement
c18:~previously_visited_pages or locally_visited_pages or external_referring_pages
c1:~special_offers or discounts
c11:~availability or inventory_tracking
c10:~physical_goods or weight
c12:~category_page or categories
c15:~permissions or registration
c14:~email_wish_list or registration
</constraints>
</feature_model>
