<feature_model name="Smart Home">
<meta>
<data name="description">A feature model of a simple smart home product line</data>
<data name="creator">Nathan Weston et. al</data>
<data name="email"></data>
<data name="date">Aug 2009</data>
<data name="department"></data>
<data name="organization">Lancaster University, UK</data>
<data name="address"></data>
<data name="phone"></data>
<data name="website"></data>
<data name="reference">Nathan Weston, Ruzanna Chitchyan, Awais Rashid, A Framework for Constructing Semantically Composable Feature Models
from Natural Language Requirements, SPLC 2009, San Francisco, USA.</data>
</meta>
<feature_tree>
:r Smart Home
	:m Environment Control
		:m Measurement Units
			:o Celsius
			:o Fahrenheit
		:m Temperature Management
			:m Heating Management
			:o Smart Heating Management
		:m Windows Management
			:m Manual Windows
			:o Automatic Windows
	:m Light Management
		:o Smart Light Management
		:o Pre-defined Values
		:m Simple Control
	:m GUI
		:o Touch Screen
		:o Mobile
		:o Internet
	:m Presence Simulator
		:o Light Simulation
		:o Blind Simulation
		:o Music Simulation
	:m Fire Control
		:m First Aid Group
			:o Fire Department
			:o Other Group
		:m Fire Alarm
			:o Siren
			:o Bell
			:o Light
	:m Door Lock
		:o Keypad Reader
		:o Card Reader
		:o Fingerprint Reader
</feature_tree>
<constraints>
</constraints>
</feature_model>
