<feature_model name="SPLOT-3CNF-FM-1000-100-1.00-SAT-3">
<meta>
<data name="description">This is a 3-CNF Feature Model generated automatically</data>
<data name="creator">SPLOT Feature Model Generator</data>
<data name="email"></data>
<data name="date">Wed Sep 09 19:17:39 EDT 2009</data>
<data name="department">SPLOT Project</data>
<data name="organization">University of Waterloo</data>
<data name="address"></data>
<data name="phone"></data>
<data name="website">http://www.splot-research.org/</data>
<data name="reference">http://www.splot-research.org/</data>
</meta>
<feature_tree>
:r R(R)
	:m m_1(m_1)
		:m m_1_1(m_1_1)
			:o o_1_1_1(o_1_1_1)
				:g _Ge__1_1_1_1(_Ge__1_1_1_1) [1,1] 
					: g_1_1_1_1_1(g_1_1_1_1_1)
					: g_1_1_1_1_2(g_1_1_1_1_2)
					: g_1_1_1_1_3(g_1_1_1_1_3)
				:m m_1_1_1_2(m_1_1_1_2)
					:o o_1_1_1_2_1(o_1_1_1_2_1)
					:o o_1_1_1_2_2(o_1_1_1_2_2)
				:o o_1_1_1_3(o_1_1_1_3)
					:g _Ge__1_1_1_3_1(_Ge__1_1_1_3_1) [1,1] 
						: g_1_1_1_3_1_1(g_1_1_1_3_1_1)
						: g_1_1_1_3_1_2(g_1_1_1_3_1_2)
						: g_1_1_1_3_1_3(g_1_1_1_3_1_3)
			:o o_1_1_2(o_1_1_2)
				:m m_1_1_2_1(m_1_1_2_1)
					:o o_1_1_2_1_1(o_1_1_2_1_1)
					:g _Gi__1_1_2_1_2(_Gi__1_1_2_1_2) [1,*] 
						: g_1_1_2_1_2_1(g_1_1_2_1_2_1)
						: g_1_1_2_1_2_2(g_1_1_2_1_2_2)
						: g_1_1_2_1_2_3(g_1_1_2_1_2_3)
					:m m_1_1_2_1_3(m_1_1_2_1_3)
				:o o_1_1_2_2(o_1_1_2_2)
					:o o_1_1_2_2_1(o_1_1_2_2_1)
					:o o_1_1_2_2_2(o_1_1_2_2_2)
			:m m_1_1_3(m_1_1_3)
				:m m_1_1_3_1(m_1_1_3_1)
					:g _Ge__1_1_3_1_1(_Ge__1_1_3_1_1) [1,1] 
						: g_1_1_3_1_1_1(g_1_1_3_1_1_1)
						: g_1_1_3_1_1_2(g_1_1_3_1_1_2)
						: g_1_1_3_1_1_3(g_1_1_3_1_1_3)
						: g_1_1_3_1_1_4(g_1_1_3_1_1_4)
			:o o_1_1_4(o_1_1_4)
				:m m_1_1_4_1(m_1_1_4_1)
					:g _Gi__1_1_4_1_1(_Gi__1_1_4_1_1) [1,*] 
						: g_1_1_4_1_1_1(g_1_1_4_1_1_1)
						: g_1_1_4_1_1_2(g_1_1_4_1_1_2)
				:o o_1_1_4_2(o_1_1_4_2)
					:m m_1_1_4_2_1(m_1_1_4_2_1)
				:m m_1_1_4_3(m_1_1_4_3)
					:o o_1_1_4_3_1(o_1_1_4_3_1)
				:m m_1_1_4_4(m_1_1_4_4)
					:o o_1_1_4_4_1(o_1_1_4_4_1)
				:m m_1_1_4_5(m_1_1_4_5)
			:o o_1_1_5(o_1_1_5)
				:o o_1_1_5_1(o_1_1_5_1)
					:m m_1_1_5_1_1(m_1_1_5_1_1)
					:g _Ge__1_1_5_1_2(_Ge__1_1_5_1_2) [1,1] 
						: g_1_1_5_1_2_1(g_1_1_5_1_2_1)
						: g_1_1_5_1_2_2(g_1_1_5_1_2_2)
						: g_1_1_5_1_2_3(g_1_1_5_1_2_3)
						: g_1_1_5_1_2_4(g_1_1_5_1_2_4)
						: g_1_1_5_1_2_5(g_1_1_5_1_2_5)
						: g_1_1_5_1_2_6(g_1_1_5_1_2_6)
					:m m_1_1_5_1_3(m_1_1_5_1_3)
					:o o_1_1_5_1_4(o_1_1_5_1_4)
			:m m_1_1_6(m_1_1_6)
				:m m_1_1_6_1(m_1_1_6_1)
					:o o_1_1_6_1_1(o_1_1_6_1_1)
				:m m_1_1_6_2(m_1_1_6_2)
					:o o_1_1_6_2_1(o_1_1_6_2_1)
				:g _Ge__1_1_6_3(_Ge__1_1_6_3) [1,1] 
					: g_1_1_6_3_1(g_1_1_6_3_1)
					: g_1_1_6_3_2(g_1_1_6_3_2)
				:g _Gi__1_1_6_4(_Gi__1_1_6_4) [1,*] 
					: g_1_1_6_4_1(g_1_1_6_4_1)
					: g_1_1_6_4_2(g_1_1_6_4_2)
					: g_1_1_6_4_3(g_1_1_6_4_3)
					: g_1_1_6_4_4(g_1_1_6_4_4)
					: g_1_1_6_4_5(g_1_1_6_4_5)
		:o o_1_2(o_1_2)
			:g _Ge__1_2_1(_Ge__1_2_1) [1,1] 
				: g_1_2_1_1(g_1_2_1_1)
					:o o_1_2_1_1_1(o_1_2_1_1_1)
					:o o_1_2_1_1_2(o_1_2_1_1_2)
					:m m_1_2_1_1_3(m_1_2_1_1_3)
				: g_1_2_1_2(g_1_2_1_2)
					:m m_1_2_1_2_1(m_1_2_1_2_1)
						:o o_1_2_1_2_1_1(o_1_2_1_2_1_1)
						:o o_1_2_1_2_1_2(o_1_2_1_2_1_2)
				: g_1_2_1_3(g_1_2_1_3)
					:o o_1_2_1_3_1(o_1_2_1_3_1)
					:g _Ge__1_2_1_3_2(_Ge__1_2_1_3_2) [1,1] 
						: g_1_2_1_3_2_1(g_1_2_1_3_2_1)
						: g_1_2_1_3_2_2(g_1_2_1_3_2_2)
						: g_1_2_1_3_2_3(g_1_2_1_3_2_3)
						: g_1_2_1_3_2_4(g_1_2_1_3_2_4)
						: g_1_2_1_3_2_5(g_1_2_1_3_2_5)
						: g_1_2_1_3_2_6(g_1_2_1_3_2_6)
					:o o_1_2_1_3_3(o_1_2_1_3_3)
			:m m_1_2_2(m_1_2_2)
				:m m_1_2_2_1(m_1_2_2_1)
					:m m_1_2_2_1_1(m_1_2_2_1_1)
					:m m_1_2_2_1_2(m_1_2_2_1_2)
					:o o_1_2_2_1_3(o_1_2_2_1_3)
				:m m_1_2_2_2(m_1_2_2_2)
					:o o_1_2_2_2_1(o_1_2_2_2_1)
					:o o_1_2_2_2_2(o_1_2_2_2_2)
				:o o_1_2_2_3(o_1_2_2_3)
					:g _Gi__1_2_2_3_1(_Gi__1_2_2_3_1) [1,*] 
						: g_1_2_2_3_1_1(g_1_2_2_3_1_1)
						: g_1_2_2_3_1_2(g_1_2_2_3_1_2)
						: g_1_2_2_3_1_3(g_1_2_2_3_1_3)
					:o o_1_2_2_3_2(o_1_2_2_3_2)
			:g _Gi__1_2_3(_Gi__1_2_3) [1,*] 
				: g_1_2_3_1(g_1_2_3_1)
					:o o_1_2_3_1_1(o_1_2_3_1_1)
						:g _Ge__1_2_3_1_1_1(_Ge__1_2_3_1_1_1) [1,1] 
							: g_1_2_3_1_1_1_1(g_1_2_3_1_1_1_1)
							: g_1_2_3_1_1_1_2(g_1_2_3_1_1_1_2)
							: g_1_2_3_1_1_1_3(g_1_2_3_1_1_1_3)
							: g_1_2_3_1_1_1_4(g_1_2_3_1_1_1_4)
							: g_1_2_3_1_1_1_5(g_1_2_3_1_1_1_5)
						:o o_1_2_3_1_1_2(o_1_2_3_1_1_2)
						:o o_1_2_3_1_1_3(o_1_2_3_1_1_3)
				: g_1_2_3_2(g_1_2_3_2)
					:m m_1_2_3_2_1(m_1_2_3_2_1)
						:m m_1_2_3_2_1_1(m_1_2_3_2_1_1)
						:m m_1_2_3_2_1_2(m_1_2_3_2_1_2)
					:g _Ge__1_2_3_2_2(_Ge__1_2_3_2_2) [1,1] 
						: g_1_2_3_2_2_1(g_1_2_3_2_2_1)
						: g_1_2_3_2_2_2(g_1_2_3_2_2_2)
						: g_1_2_3_2_2_3(g_1_2_3_2_2_3)
						: g_1_2_3_2_2_4(g_1_2_3_2_2_4)
			:m m_1_2_4(m_1_2_4)
				:g _Ge__1_2_4_1(_Ge__1_2_4_1) [1,1] 
					: g_1_2_4_1_1(g_1_2_4_1_1)
					: g_1_2_4_1_2(g_1_2_4_1_2)
					: g_1_2_4_1_3(g_1_2_4_1_3)
					: g_1_2_4_1_4(g_1_2_4_1_4)
					: g_1_2_4_1_5(g_1_2_4_1_5)
				:o o_1_2_4_2(o_1_2_4_2)
					:g _Gi__1_2_4_2_1(_Gi__1_2_4_2_1) [1,*] 
						: g_1_2_4_2_1_1(g_1_2_4_2_1_1)
						: g_1_2_4_2_1_2(g_1_2_4_2_1_2)
					:g _Gi__1_2_4_2_2(_Gi__1_2_4_2_2) [1,*] 
						: g_1_2_4_2_2_1(g_1_2_4_2_2_1)
						: g_1_2_4_2_2_2(g_1_2_4_2_2_2)
						: g_1_2_4_2_2_3(g_1_2_4_2_2_3)
						: g_1_2_4_2_2_4(g_1_2_4_2_2_4)
						: g_1_2_4_2_2_5(g_1_2_4_2_2_5)
						: g_1_2_4_2_2_6(g_1_2_4_2_2_6)
				:g _Ge__1_2_4_3(_Ge__1_2_4_3) [1,1] 
					: g_1_2_4_3_1(g_1_2_4_3_1)
					: g_1_2_4_3_2(g_1_2_4_3_2)
					: g_1_2_4_3_3(g_1_2_4_3_3)
					: g_1_2_4_3_4(g_1_2_4_3_4)
					: g_1_2_4_3_5(g_1_2_4_3_5)
				:g _Gi__1_2_4_4(_Gi__1_2_4_4) [1,*] 
					: g_1_2_4_4_1(g_1_2_4_4_1)
					: g_1_2_4_4_2(g_1_2_4_4_2)
			:o o_1_2_5(o_1_2_5)
				:o o_1_2_5_1(o_1_2_5_1)
					:o o_1_2_5_1_1(o_1_2_5_1_1)
				:o o_1_2_5_2(o_1_2_5_2)
					:m m_1_2_5_2_1(m_1_2_5_2_1)
				:m m_1_2_5_3(m_1_2_5_3)
					:m m_1_2_5_3_1(m_1_2_5_3_1)
				:o o_1_2_5_4(o_1_2_5_4)
					:o o_1_2_5_4_1(o_1_2_5_4_1)
				:m m_1_2_5_5(m_1_2_5_5)
					:o o_1_2_5_5_1(o_1_2_5_5_1)
		:o o_1_3(o_1_3)
			:o o_1_3_1(o_1_3_1)
				:o o_1_3_1_1(o_1_3_1_1)
					:g _Ge__1_3_1_1_1(_Ge__1_3_1_1_1) [1,1] 
						: g_1_3_1_1_1_1(g_1_3_1_1_1_1)
						: g_1_3_1_1_1_2(g_1_3_1_1_1_2)
						: g_1_3_1_1_1_3(g_1_3_1_1_1_3)
						: g_1_3_1_1_1_4(g_1_3_1_1_1_4)
					:m m_1_3_1_1_2(m_1_3_1_1_2)
					:m m_1_3_1_1_3(m_1_3_1_1_3)
					:o o_1_3_1_1_4(o_1_3_1_1_4)
				:o o_1_3_1_2(o_1_3_1_2)
					:o o_1_3_1_2_1(o_1_3_1_2_1)
					:m m_1_3_1_2_2(m_1_3_1_2_2)
					:m m_1_3_1_2_3(m_1_3_1_2_3)
					:m m_1_3_1_2_4(m_1_3_1_2_4)
				:g _Ge__1_3_1_3(_Ge__1_3_1_3) [1,1] 
					: g_1_3_1_3_1(g_1_3_1_3_1)
					: g_1_3_1_3_2(g_1_3_1_3_2)
					: g_1_3_1_3_3(g_1_3_1_3_3)
					: g_1_3_1_3_4(g_1_3_1_3_4)
					: g_1_3_1_3_5(g_1_3_1_3_5)
				:g _Ge__1_3_1_4(_Ge__1_3_1_4) [1,1] 
					: g_1_3_1_4_1(g_1_3_1_4_1)
						:g _Ge__1_3_1_4_1_1(_Ge__1_3_1_4_1_1) [1,1] 
							: g_1_3_1_4_1_1_1(g_1_3_1_4_1_1_1)
							: g_1_3_1_4_1_1_2(g_1_3_1_4_1_1_2)
							: g_1_3_1_4_1_1_3(g_1_3_1_4_1_1_3)
							: g_1_3_1_4_1_1_4(g_1_3_1_4_1_1_4)
					: g_1_3_1_4_2(g_1_3_1_4_2)
						:o o_1_3_1_4_2_1(o_1_3_1_4_2_1)
				:o o_1_3_1_5(o_1_3_1_5)
					:o o_1_3_1_5_1(o_1_3_1_5_1)
					:m m_1_3_1_5_2(m_1_3_1_5_2)
					:m m_1_3_1_5_3(m_1_3_1_5_3)
				:m m_1_3_1_6(m_1_3_1_6)
					:o o_1_3_1_6_1(o_1_3_1_6_1)
					:o o_1_3_1_6_2(o_1_3_1_6_2)
					:o o_1_3_1_6_3(o_1_3_1_6_3)
			:m m_1_3_2(m_1_3_2)
				:g _Gi__1_3_2_1(_Gi__1_3_2_1) [1,*] 
					: g_1_3_2_1_1(g_1_3_2_1_1)
						:g _Ge__1_3_2_1_1_1(_Ge__1_3_2_1_1_1) [1,1] 
							: g_1_3_2_1_1_1_1(g_1_3_2_1_1_1_1)
							: g_1_3_2_1_1_1_2(g_1_3_2_1_1_1_2)
							: g_1_3_2_1_1_1_3(g_1_3_2_1_1_1_3)
							: g_1_3_2_1_1_1_4(g_1_3_2_1_1_1_4)
						:m m_1_3_2_1_1_2(m_1_3_2_1_1_2)
					: g_1_3_2_1_2(g_1_3_2_1_2)
						:m m_1_3_2_1_2_1(m_1_3_2_1_2_1)
					: g_1_3_2_1_3(g_1_3_2_1_3)
						:o o_1_3_2_1_3_1(o_1_3_2_1_3_1)
						:m m_1_3_2_1_3_2(m_1_3_2_1_3_2)
					: g_1_3_2_1_4(g_1_3_2_1_4)
						:o o_1_3_2_1_4_1(o_1_3_2_1_4_1)
						:g _Ge__1_3_2_1_4_2(_Ge__1_3_2_1_4_2) [1,1] 
							: g_1_3_2_1_4_2_1(g_1_3_2_1_4_2_1)
							: g_1_3_2_1_4_2_2(g_1_3_2_1_4_2_2)
					: g_1_3_2_1_5(g_1_3_2_1_5)
						:g _Ge__1_3_2_1_5_1(_Ge__1_3_2_1_5_1) [1,1] 
							: g_1_3_2_1_5_1_1(g_1_3_2_1_5_1_1)
							: g_1_3_2_1_5_1_2(g_1_3_2_1_5_1_2)
							: g_1_3_2_1_5_1_3(g_1_3_2_1_5_1_3)
							: g_1_3_2_1_5_1_4(g_1_3_2_1_5_1_4)
						:m m_1_3_2_1_5_2(m_1_3_2_1_5_2)
					: g_1_3_2_1_6(g_1_3_2_1_6)
						:o o_1_3_2_1_6_1(o_1_3_2_1_6_1)
				:o o_1_3_2_2(o_1_3_2_2)
					:m m_1_3_2_2_1(m_1_3_2_2_1)
					:g _Gi__1_3_2_2_2(_Gi__1_3_2_2_2) [1,*] 
						: g_1_3_2_2_2_1(g_1_3_2_2_2_1)
						: g_1_3_2_2_2_2(g_1_3_2_2_2_2)
					:o o_1_3_2_2_3(o_1_3_2_2_3)
					:m m_1_3_2_2_4(m_1_3_2_2_4)
	:m m_2(m_2)
		:o o_2_1(o_2_1)
			:g _Gi__2_1_1(_Gi__2_1_1) [1,*] 
				: g_2_1_1_1(g_2_1_1_1)
					:o o_2_1_1_1_1(o_2_1_1_1_1)
				: g_2_1_1_2(g_2_1_1_2)
					:m m_2_1_1_2_1(m_2_1_1_2_1)
				: g_2_1_1_3(g_2_1_1_3)
					:m m_2_1_1_3_1(m_2_1_1_3_1)
				: g_2_1_1_4(g_2_1_1_4)
					:m m_2_1_1_4_1(m_2_1_1_4_1)
			:g _Ge__2_1_2(_Ge__2_1_2) [1,1] 
				: g_2_1_2_1(g_2_1_2_1)
					:o o_2_1_2_1_1(o_2_1_2_1_1)
					:g _Ge__2_1_2_1_2(_Ge__2_1_2_1_2) [1,1] 
						: g_2_1_2_1_2_1(g_2_1_2_1_2_1)
						: g_2_1_2_1_2_2(g_2_1_2_1_2_2)
						: g_2_1_2_1_2_3(g_2_1_2_1_2_3)
					:m m_2_1_2_1_3(m_2_1_2_1_3)
				: g_2_1_2_2(g_2_1_2_2)
					:m m_2_1_2_2_1(m_2_1_2_2_1)
						:o o_2_1_2_2_1_1(o_2_1_2_2_1_1)
					:o o_2_1_2_2_2(o_2_1_2_2_2)
						:m m_2_1_2_2_2_1(m_2_1_2_2_2_1)
			:g _Ge__2_1_3(_Ge__2_1_3) [1,1] 
				: g_2_1_3_1(g_2_1_3_1)
					:m m_2_1_3_1_1(m_2_1_3_1_1)
				: g_2_1_3_2(g_2_1_3_2)
					:m m_2_1_3_2_1(m_2_1_3_2_1)
				: g_2_1_3_3(g_2_1_3_3)
					:m m_2_1_3_3_1(m_2_1_3_3_1)
				: g_2_1_3_4(g_2_1_3_4)
					:g _Gi__2_1_3_4_1(_Gi__2_1_3_4_1) [1,*] 
						: g_2_1_3_4_1_1(g_2_1_3_4_1_1)
						: g_2_1_3_4_1_2(g_2_1_3_4_1_2)
						: g_2_1_3_4_1_3(g_2_1_3_4_1_3)
						: g_2_1_3_4_1_4(g_2_1_3_4_1_4)
						: g_2_1_3_4_1_5(g_2_1_3_4_1_5)
						: g_2_1_3_4_1_6(g_2_1_3_4_1_6)
				: g_2_1_3_5(g_2_1_3_5)
					:g _Gi__2_1_3_5_1(_Gi__2_1_3_5_1) [1,*] 
						: g_2_1_3_5_1_1(g_2_1_3_5_1_1)
						: g_2_1_3_5_1_2(g_2_1_3_5_1_2)
				: g_2_1_3_6(g_2_1_3_6)
					:m m_2_1_3_6_1(m_2_1_3_6_1)
			:o o_2_1_4(o_2_1_4)
				:g _Gi__2_1_4_1(_Gi__2_1_4_1) [1,*] 
					: g_2_1_4_1_1(g_2_1_4_1_1)
					: g_2_1_4_1_2(g_2_1_4_1_2)
				:g _Ge__2_1_4_2(_Ge__2_1_4_2) [1,1] 
					: g_2_1_4_2_1(g_2_1_4_2_1)
					: g_2_1_4_2_2(g_2_1_4_2_2)
				:o o_2_1_4_3(o_2_1_4_3)
				:g _Gi__2_1_4_4(_Gi__2_1_4_4) [1,*] 
					: g_2_1_4_4_1(g_2_1_4_4_1)
					: g_2_1_4_4_2(g_2_1_4_4_2)
					: g_2_1_4_4_3(g_2_1_4_4_3)
					: g_2_1_4_4_4(g_2_1_4_4_4)
				:m m_2_1_4_5(m_2_1_4_5)
		:o o_2_2(o_2_2)
			:m m_2_2_1(m_2_2_1)
				:o o_2_2_1_1(o_2_2_1_1)
					:m m_2_2_1_1_1(m_2_2_1_1_1)
					:g _Gi__2_2_1_1_2(_Gi__2_2_1_1_2) [1,*] 
						: g_2_2_1_1_2_1(g_2_2_1_1_2_1)
						: g_2_2_1_1_2_2(g_2_2_1_1_2_2)
					:g _Ge__2_2_1_1_3(_Ge__2_2_1_1_3) [1,1] 
						: g_2_2_1_1_3_1(g_2_2_1_1_3_1)
						: g_2_2_1_1_3_2(g_2_2_1_1_3_2)
						: g_2_2_1_1_3_3(g_2_2_1_1_3_3)
					:m m_2_2_1_1_4(m_2_2_1_1_4)
					:m m_2_2_1_1_5(m_2_2_1_1_5)
		:g _Gi__2_3(_Gi__2_3) [1,*] 
			: g_2_3_1(g_2_3_1)
				:m m_2_3_1_1(m_2_3_1_1)
					:m m_2_3_1_1_1(m_2_3_1_1_1)
				:g _Ge__2_3_1_2(_Ge__2_3_1_2) [1,1] 
					: g_2_3_1_2_1(g_2_3_1_2_1)
					: g_2_3_1_2_2(g_2_3_1_2_2)
					: g_2_3_1_2_3(g_2_3_1_2_3)
					: g_2_3_1_2_4(g_2_3_1_2_4)
					: g_2_3_1_2_5(g_2_3_1_2_5)
				:m m_2_3_1_3(m_2_3_1_3)
					:m m_2_3_1_3_1(m_2_3_1_3_1)
				:g _Gi__2_3_1_4(_Gi__2_3_1_4) [1,*] 
					: g_2_3_1_4_1(g_2_3_1_4_1)
					: g_2_3_1_4_2(g_2_3_1_4_2)
					: g_2_3_1_4_3(g_2_3_1_4_3)
				:o o_2_3_1_5(o_2_3_1_5)
					:g _Gi__2_3_1_5_1(_Gi__2_3_1_5_1) [1,*] 
						: g_2_3_1_5_1_1(g_2_3_1_5_1_1)
						: g_2_3_1_5_1_2(g_2_3_1_5_1_2)
			: g_2_3_2(g_2_3_2)
				:g _Ge__2_3_2_1(_Ge__2_3_2_1) [1,1] 
					: g_2_3_2_1_1(g_2_3_2_1_1)
						:o o_2_3_2_1_1_1(o_2_3_2_1_1_1)
							:o o_2_3_2_1_1_1_1(o_2_3_2_1_1_1_1)
						:g _Gi__2_3_2_1_1_2(_Gi__2_3_2_1_1_2) [1,*] 
							: g_2_3_2_1_1_2_1(g_2_3_2_1_1_2_1)
							: g_2_3_2_1_1_2_2(g_2_3_2_1_1_2_2)
							: g_2_3_2_1_1_2_3(g_2_3_2_1_1_2_3)
							: g_2_3_2_1_1_2_4(g_2_3_2_1_1_2_4)
						:g _Gi__2_3_2_1_1_3(_Gi__2_3_2_1_1_3) [1,*] 
							: g_2_3_2_1_1_3_1(g_2_3_2_1_1_3_1)
							: g_2_3_2_1_1_3_2(g_2_3_2_1_1_3_2)
					: g_2_3_2_1_2(g_2_3_2_1_2)
						:m m_2_3_2_1_2_1(m_2_3_2_1_2_1)
						:o o_2_3_2_1_2_2(o_2_3_2_1_2_2)
						:g _Gi__2_3_2_1_2_3(_Gi__2_3_2_1_2_3) [1,*] 
							: g_2_3_2_1_2_3_1(g_2_3_2_1_2_3_1)
							: g_2_3_2_1_2_3_2(g_2_3_2_1_2_3_2)
							: g_2_3_2_1_2_3_3(g_2_3_2_1_2_3_3)
							: g_2_3_2_1_2_3_4(g_2_3_2_1_2_3_4)
							: g_2_3_2_1_2_3_5(g_2_3_2_1_2_3_5)
						:m m_2_3_2_1_2_4(m_2_3_2_1_2_4)
			: g_2_3_3(g_2_3_3)
				:g _Gi__2_3_3_1(_Gi__2_3_3_1) [1,*] 
					: g_2_3_3_1_1(g_2_3_3_1_1)
					: g_2_3_3_1_2(g_2_3_3_1_2)
					: g_2_3_3_1_3(g_2_3_3_1_3)
					: g_2_3_3_1_4(g_2_3_3_1_4)
					: g_2_3_3_1_5(g_2_3_3_1_5)
				:o o_2_3_3_2(o_2_3_3_2)
					:m m_2_3_3_2_1(m_2_3_3_2_1)
				:o o_2_3_3_3(o_2_3_3_3)
					:m m_2_3_3_3_1(m_2_3_3_3_1)
				:o o_2_3_3_4(o_2_3_3_4)
					:m m_2_3_3_4_1(m_2_3_3_4_1)
				:g _Gi__2_3_3_5(_Gi__2_3_3_5) [1,*] 
					: g_2_3_3_5_1(g_2_3_3_5_1)
					: g_2_3_3_5_2(g_2_3_3_5_2)
					: g_2_3_3_5_3(g_2_3_3_5_3)
					: g_2_3_3_5_4(g_2_3_3_5_4)
		:g _Gi__2_4(_Gi__2_4) [1,*] 
			: g_2_4_1(g_2_4_1)
				:m m_2_4_1_1(m_2_4_1_1)
					:o o_2_4_1_1_1(o_2_4_1_1_1)
					:o o_2_4_1_1_2(o_2_4_1_1_2)
				:m m_2_4_1_2(m_2_4_1_2)
					:o o_2_4_1_2_1(o_2_4_1_2_1)
				:m m_2_4_1_3(m_2_4_1_3)
					:m m_2_4_1_3_1(m_2_4_1_3_1)
				:o o_2_4_1_4(o_2_4_1_4)
					:o o_2_4_1_4_1(o_2_4_1_4_1)
				:m m_2_4_1_5(m_2_4_1_5)
					:o o_2_4_1_5_1(o_2_4_1_5_1)
				:g _Ge__2_4_1_6(_Ge__2_4_1_6) [1,1] 
					: g_2_4_1_6_1(g_2_4_1_6_1)
					: g_2_4_1_6_2(g_2_4_1_6_2)
					: g_2_4_1_6_3(g_2_4_1_6_3)
					: g_2_4_1_6_4(g_2_4_1_6_4)
					: g_2_4_1_6_5(g_2_4_1_6_5)
					: g_2_4_1_6_6(g_2_4_1_6_6)
			: g_2_4_2(g_2_4_2)
				:o o_2_4_2_1(o_2_4_2_1)
					:o o_2_4_2_1_1(o_2_4_2_1_1)
					:o o_2_4_2_1_2(o_2_4_2_1_2)
					:m m_2_4_2_1_3(m_2_4_2_1_3)
				:m m_2_4_2_2(m_2_4_2_2)
					:o o_2_4_2_2_1(o_2_4_2_2_1)
					:m m_2_4_2_2_2(m_2_4_2_2_2)
				:m m_2_4_2_3(m_2_4_2_3)
					:m m_2_4_2_3_1(m_2_4_2_3_1)
					:o o_2_4_2_3_2(o_2_4_2_3_2)
				:m m_2_4_2_4(m_2_4_2_4)
					:o o_2_4_2_4_1(o_2_4_2_4_1)
					:g _Gi__2_4_2_4_2(_Gi__2_4_2_4_2) [1,*] 
						: g_2_4_2_4_2_1(g_2_4_2_4_2_1)
						: g_2_4_2_4_2_2(g_2_4_2_4_2_2)
						: g_2_4_2_4_2_3(g_2_4_2_4_2_3)
						: g_2_4_2_4_2_4(g_2_4_2_4_2_4)
						: g_2_4_2_4_2_5(g_2_4_2_4_2_5)
		:o o_2_5(o_2_5)
			:o o_2_5_1(o_2_5_1)
				:g _Ge__2_5_1_1(_Ge__2_5_1_1) [1,1] 
					: g_2_5_1_1_1(g_2_5_1_1_1)
					: g_2_5_1_1_2(g_2_5_1_1_2)
					: g_2_5_1_1_3(g_2_5_1_1_3)
				:o o_2_5_1_2(o_2_5_1_2)
					:m m_2_5_1_2_1(m_2_5_1_2_1)
					:o o_2_5_1_2_2(o_2_5_1_2_2)
				:m m_2_5_1_3(m_2_5_1_3)
					:m m_2_5_1_3_1(m_2_5_1_3_1)
			:o o_2_5_2(o_2_5_2)
				:m m_2_5_2_1(m_2_5_2_1)
					:g _Ge__2_5_2_1_1(_Ge__2_5_2_1_1) [1,1] 
						: g_2_5_2_1_1_1(g_2_5_2_1_1_1)
						: g_2_5_2_1_1_2(g_2_5_2_1_1_2)
						: g_2_5_2_1_1_3(g_2_5_2_1_1_3)
						: g_2_5_2_1_1_4(g_2_5_2_1_1_4)
				:o o_2_5_2_2(o_2_5_2_2)
					:m m_2_5_2_2_1(m_2_5_2_2_1)
				:m m_2_5_2_3(m_2_5_2_3)
					:m m_2_5_2_3_1(m_2_5_2_3_1)
				:o o_2_5_2_4(o_2_5_2_4)
				:g _Gi__2_5_2_5(_Gi__2_5_2_5) [1,*] 
					: g_2_5_2_5_1(g_2_5_2_5_1)
					: g_2_5_2_5_2(g_2_5_2_5_2)
					: g_2_5_2_5_3(g_2_5_2_5_3)
					: g_2_5_2_5_4(g_2_5_2_5_4)
					: g_2_5_2_5_5(g_2_5_2_5_5)
					: g_2_5_2_5_6(g_2_5_2_5_6)
				:o o_2_5_2_6(o_2_5_2_6)
			:o o_2_5_3(o_2_5_3)
				:m m_2_5_3_1(m_2_5_3_1)
					:o o_2_5_3_1_1(o_2_5_3_1_1)
				:o o_2_5_3_2(o_2_5_3_2)
					:o o_2_5_3_2_1(o_2_5_3_2_1)
				:o o_2_5_3_3(o_2_5_3_3)
				:g _Ge__2_5_3_4(_Ge__2_5_3_4) [1,1] 
					: g_2_5_3_4_1(g_2_5_3_4_1)
					: g_2_5_3_4_2(g_2_5_3_4_2)
					: g_2_5_3_4_3(g_2_5_3_4_3)
					: g_2_5_3_4_4(g_2_5_3_4_4)
					: g_2_5_3_4_5(g_2_5_3_4_5)
				:m m_2_5_3_5(m_2_5_3_5)
				:m m_2_5_3_6(m_2_5_3_6)
		:g _Gi__2_6(_Gi__2_6) [1,*] 
			: g_2_6_1(g_2_6_1)
				:g _Gi__2_6_1_1(_Gi__2_6_1_1) [1,*] 
					: g_2_6_1_1_1(g_2_6_1_1_1)
					: g_2_6_1_1_2(g_2_6_1_1_2)
					: g_2_6_1_1_3(g_2_6_1_1_3)
					: g_2_6_1_1_4(g_2_6_1_1_4)
					: g_2_6_1_1_5(g_2_6_1_1_5)
			: g_2_6_2(g_2_6_2)
				:m m_2_6_2_1(m_2_6_2_1)
					:g _Ge__2_6_2_1_1(_Ge__2_6_2_1_1) [1,1] 
						: g_2_6_2_1_1_1(g_2_6_2_1_1_1)
						: g_2_6_2_1_1_2(g_2_6_2_1_1_2)
					:o o_2_6_2_1_2(o_2_6_2_1_2)
					:o o_2_6_2_1_3(o_2_6_2_1_3)
			: g_2_6_3(g_2_6_3)
				:m m_2_6_3_1(m_2_6_3_1)
				:m m_2_6_3_2(m_2_6_3_2)
				:o o_2_6_3_3(o_2_6_3_3)
				:m m_2_6_3_4(m_2_6_3_4)
			: g_2_6_4(g_2_6_4)
				:g _Ge__2_6_4_1(_Ge__2_6_4_1) [1,1] 
					: g_2_6_4_1_1(g_2_6_4_1_1)
					: g_2_6_4_1_2(g_2_6_4_1_2)
					: g_2_6_4_1_3(g_2_6_4_1_3)
					: g_2_6_4_1_4(g_2_6_4_1_4)
				:g _Ge__2_6_4_2(_Ge__2_6_4_2) [1,1] 
					: g_2_6_4_2_1(g_2_6_4_2_1)
					: g_2_6_4_2_2(g_2_6_4_2_2)
					: g_2_6_4_2_3(g_2_6_4_2_3)
					: g_2_6_4_2_4(g_2_6_4_2_4)
					: g_2_6_4_2_5(g_2_6_4_2_5)
				:m m_2_6_4_3(m_2_6_4_3)
				:m m_2_6_4_4(m_2_6_4_4)
			: g_2_6_5(g_2_6_5)
				:o o_2_6_5_1(o_2_6_5_1)
				:m m_2_6_5_2(m_2_6_5_2)
				:o o_2_6_5_3(o_2_6_5_3)
				:m m_2_6_5_4(m_2_6_5_4)
			: g_2_6_6(g_2_6_6)
				:m m_2_6_6_1(m_2_6_6_1)
				:g _Ge__2_6_6_2(_Ge__2_6_6_2) [1,1] 
					: g_2_6_6_2_1(g_2_6_6_2_1)
					: g_2_6_6_2_2(g_2_6_6_2_2)
					: g_2_6_6_2_3(g_2_6_6_2_3)
					: g_2_6_6_2_4(g_2_6_6_2_4)
				:o o_2_6_6_3(o_2_6_6_3)
				:o o_2_6_6_4(o_2_6_6_4)
	:o o_3(o_3)
		:o o_3_1(o_3_1)
			:o o_3_1_1(o_3_1_1)
				:g _Gi__3_1_1_1(_Gi__3_1_1_1) [1,*] 
					: g_3_1_1_1_1(g_3_1_1_1_1)
					: g_3_1_1_1_2(g_3_1_1_1_2)
					: g_3_1_1_1_3(g_3_1_1_1_3)
					: g_3_1_1_1_4(g_3_1_1_1_4)
					: g_3_1_1_1_5(g_3_1_1_1_5)
					: g_3_1_1_1_6(g_3_1_1_1_6)
				:g _Gi__3_1_1_2(_Gi__3_1_1_2) [1,*] 
					: g_3_1_1_2_1(g_3_1_1_2_1)
					: g_3_1_1_2_2(g_3_1_1_2_2)
					: g_3_1_1_2_3(g_3_1_1_2_3)
				:o o_3_1_1_3(o_3_1_1_3)
					:m m_3_1_1_3_1(m_3_1_1_3_1)
					:m m_3_1_1_3_2(m_3_1_1_3_2)
				:m m_3_1_1_4(m_3_1_1_4)
					:g _Ge__3_1_1_4_1(_Ge__3_1_1_4_1) [1,1] 
						: g_3_1_1_4_1_1(g_3_1_1_4_1_1)
						: g_3_1_1_4_1_2(g_3_1_1_4_1_2)
						: g_3_1_1_4_1_3(g_3_1_1_4_1_3)
						: g_3_1_1_4_1_4(g_3_1_1_4_1_4)
						: g_3_1_1_4_1_5(g_3_1_1_4_1_5)
						: g_3_1_1_4_1_6(g_3_1_1_4_1_6)
					:o o_3_1_1_4_2(o_3_1_1_4_2)
				:o o_3_1_1_5(o_3_1_1_5)
					:m m_3_1_1_5_1(m_3_1_1_5_1)
				:o o_3_1_1_6(o_3_1_1_6)
					:o o_3_1_1_6_1(o_3_1_1_6_1)
			:m m_3_1_2(m_3_1_2)
				:m m_3_1_2_1(m_3_1_2_1)
					:m m_3_1_2_1_1(m_3_1_2_1_1)
				:m m_3_1_2_2(m_3_1_2_2)
					:m m_3_1_2_2_1(m_3_1_2_2_1)
				:m m_3_1_2_3(m_3_1_2_3)
					:m m_3_1_2_3_1(m_3_1_2_3_1)
					:m m_3_1_2_3_2(m_3_1_2_3_2)
					:o o_3_1_2_3_3(o_3_1_2_3_3)
				:m m_3_1_2_4(m_3_1_2_4)
					:g _Ge__3_1_2_4_1(_Ge__3_1_2_4_1) [1,1] 
						: g_3_1_2_4_1_1(g_3_1_2_4_1_1)
						: g_3_1_2_4_1_2(g_3_1_2_4_1_2)
						: g_3_1_2_4_1_3(g_3_1_2_4_1_3)
						: g_3_1_2_4_1_4(g_3_1_2_4_1_4)
						: g_3_1_2_4_1_5(g_3_1_2_4_1_5)
						: g_3_1_2_4_1_6(g_3_1_2_4_1_6)
			:o o_3_1_3(o_3_1_3)
				:o o_3_1_3_1(o_3_1_3_1)
					:m m_3_1_3_1_1(m_3_1_3_1_1)
					:o o_3_1_3_1_2(o_3_1_3_1_2)
					:m m_3_1_3_1_3(m_3_1_3_1_3)
					:g _Ge__3_1_3_1_4(_Ge__3_1_3_1_4) [1,1] 
						: g_3_1_3_1_4_1(g_3_1_3_1_4_1)
						: g_3_1_3_1_4_2(g_3_1_3_1_4_2)
					:g _Gi__3_1_3_1_5(_Gi__3_1_3_1_5) [1,*] 
						: g_3_1_3_1_5_1(g_3_1_3_1_5_1)
						: g_3_1_3_1_5_2(g_3_1_3_1_5_2)
						: g_3_1_3_1_5_3(g_3_1_3_1_5_3)
						: g_3_1_3_1_5_4(g_3_1_3_1_5_4)
						: g_3_1_3_1_5_5(g_3_1_3_1_5_5)
					:o o_3_1_3_1_6(o_3_1_3_1_6)
				:g _Gi__3_1_3_2(_Gi__3_1_3_2) [1,*] 
					: g_3_1_3_2_1(g_3_1_3_2_1)
						:m m_3_1_3_2_1_1(m_3_1_3_2_1_1)
					: g_3_1_3_2_2(g_3_1_3_2_2)
						:o o_3_1_3_2_2_1(o_3_1_3_2_2_1)
						:m m_3_1_3_2_2_2(m_3_1_3_2_2_2)
			:m m_3_1_4(m_3_1_4)
				:g _Gi__3_1_4_1(_Gi__3_1_4_1) [1,*] 
					: g_3_1_4_1_1(g_3_1_4_1_1)
						:o o_3_1_4_1_1_1(o_3_1_4_1_1_1)
					: g_3_1_4_1_2(g_3_1_4_1_2)
						:o o_3_1_4_1_2_1(o_3_1_4_1_2_1)
				:o o_3_1_4_2(o_3_1_4_2)
					:m m_3_1_4_2_1(m_3_1_4_2_1)
					:o o_3_1_4_2_2(o_3_1_4_2_2)
				:m m_3_1_4_3(m_3_1_4_3)
					:m m_3_1_4_3_1(m_3_1_4_3_1)
					:o o_3_1_4_3_2(o_3_1_4_3_2)
				:o o_3_1_4_4(o_3_1_4_4)
					:m m_3_1_4_4_1(m_3_1_4_4_1)
					:o o_3_1_4_4_2(o_3_1_4_4_2)
				:m m_3_1_4_5(m_3_1_4_5)
					:o o_3_1_4_5_1(o_3_1_4_5_1)
					:g _Gi__3_1_4_5_2(_Gi__3_1_4_5_2) [1,*] 
						: g_3_1_4_5_2_1(g_3_1_4_5_2_1)
						: g_3_1_4_5_2_2(g_3_1_4_5_2_2)
						: g_3_1_4_5_2_3(g_3_1_4_5_2_3)
						: g_3_1_4_5_2_4(g_3_1_4_5_2_4)
						: g_3_1_4_5_2_5(g_3_1_4_5_2_5)
						: g_3_1_4_5_2_6(g_3_1_4_5_2_6)
			:g _Gi__3_1_5(_Gi__3_1_5) [1,*] 
				: g_3_1_5_1(g_3_1_5_1)
					:o o_3_1_5_1_1(o_3_1_5_1_1)
						:g _Ge__3_1_5_1_1_1(_Ge__3_1_5_1_1_1) [1,1] 
							: g_3_1_5_1_1_1_1(g_3_1_5_1_1_1_1)
							: g_3_1_5_1_1_1_2(g_3_1_5_1_1_1_2)
							: g_3_1_5_1_1_1_3(g_3_1_5_1_1_1_3)
					:o o_3_1_5_1_2(o_3_1_5_1_2)
						:o o_3_1_5_1_2_1(o_3_1_5_1_2_1)
					:m m_3_1_5_1_3(m_3_1_5_1_3)
					:m m_3_1_5_1_4(m_3_1_5_1_4)
					:o o_3_1_5_1_5(o_3_1_5_1_5)
					:g _Ge__3_1_5_1_6(_Ge__3_1_5_1_6) [1,1] 
						: g_3_1_5_1_6_1(g_3_1_5_1_6_1)
						: g_3_1_5_1_6_2(g_3_1_5_1_6_2)
				: g_3_1_5_2(g_3_1_5_2)
					:o o_3_1_5_2_1(o_3_1_5_2_1)
						:m m_3_1_5_2_1_1(m_3_1_5_2_1_1)
						:o o_3_1_5_2_1_2(o_3_1_5_2_1_2)
						:o o_3_1_5_2_1_3(o_3_1_5_2_1_3)
					:m m_3_1_5_2_2(m_3_1_5_2_2)
						:m m_3_1_5_2_2_1(m_3_1_5_2_2_1)
		:g _Gi__3_2(_Gi__3_2) [1,*] 
			: g_3_2_1(g_3_2_1)
				:o o_3_2_1_1(o_3_2_1_1)
					:g _Gi__3_2_1_1_1(_Gi__3_2_1_1_1) [1,*] 
						: g_3_2_1_1_1_1(g_3_2_1_1_1_1)
						: g_3_2_1_1_1_2(g_3_2_1_1_1_2)
						: g_3_2_1_1_1_3(g_3_2_1_1_1_3)
						: g_3_2_1_1_1_4(g_3_2_1_1_1_4)
					:m m_3_2_1_1_2(m_3_2_1_1_2)
						:o o_3_2_1_1_2_1(o_3_2_1_1_2_1)
						:o o_3_2_1_1_2_2(o_3_2_1_1_2_2)
					:m m_3_2_1_1_3(m_3_2_1_1_3)
						:m m_3_2_1_1_3_1(m_3_2_1_1_3_1)
						:m m_3_2_1_1_3_2(m_3_2_1_1_3_2)
					:g _Gi__3_2_1_1_4(_Gi__3_2_1_1_4) [1,*] 
						: g_3_2_1_1_4_1(g_3_2_1_1_4_1)
						: g_3_2_1_1_4_2(g_3_2_1_1_4_2)
						: g_3_2_1_1_4_3(g_3_2_1_1_4_3)
					:m m_3_2_1_1_5(m_3_2_1_1_5)
						:g _Ge__3_2_1_1_5_1(_Ge__3_2_1_1_5_1) [1,1] 
							: g_3_2_1_1_5_1_1(g_3_2_1_1_5_1_1)
							: g_3_2_1_1_5_1_2(g_3_2_1_1_5_1_2)
						:m m_3_2_1_1_5_2(m_3_2_1_1_5_2)
			: g_3_2_2(g_3_2_2)
				:o o_3_2_2_1(o_3_2_2_1)
					:m m_3_2_2_1_1(m_3_2_2_1_1)
					:m m_3_2_2_1_2(m_3_2_2_1_2)
					:o o_3_2_2_1_3(o_3_2_2_1_3)
				:m m_3_2_2_2(m_3_2_2_2)
					:o o_3_2_2_2_1(o_3_2_2_2_1)
					:o o_3_2_2_2_2(o_3_2_2_2_2)
					:o o_3_2_2_2_3(o_3_2_2_2_3)
				:m m_3_2_2_3(m_3_2_2_3)
					:m m_3_2_2_3_1(m_3_2_2_3_1)
					:m m_3_2_2_3_2(m_3_2_2_3_2)
					:m m_3_2_2_3_3(m_3_2_2_3_3)
				:o o_3_2_2_4(o_3_2_2_4)
					:o o_3_2_2_4_1(o_3_2_2_4_1)
						:o o_3_2_2_4_1_1(o_3_2_2_4_1_1)
						:m m_3_2_2_4_1_2(m_3_2_2_4_1_2)
			: g_3_2_3(g_3_2_3)
				:m m_3_2_3_1(m_3_2_3_1)
					:o o_3_2_3_1_1(o_3_2_3_1_1)
						:o o_3_2_3_1_1_1(o_3_2_3_1_1_1)
					:g _Ge__3_2_3_1_2(_Ge__3_2_3_1_2) [1,1] 
						: g_3_2_3_1_2_1(g_3_2_3_1_2_1)
							:o o_3_2_3_1_2_1_1(o_3_2_3_1_2_1_1)
						: g_3_2_3_1_2_2(g_3_2_3_1_2_2)
							:m m_3_2_3_1_2_2_1(m_3_2_3_1_2_2_1)
				:m m_3_2_3_2(m_3_2_3_2)
					:o o_3_2_3_2_1(o_3_2_3_2_1)
						:o o_3_2_3_2_1_1(o_3_2_3_2_1_1)
					:m m_3_2_3_2_2(m_3_2_3_2_2)
						:m m_3_2_3_2_2_1(m_3_2_3_2_2_1)
					:m m_3_2_3_2_3(m_3_2_3_2_3)
						:g _Gi__3_2_3_2_3_1(_Gi__3_2_3_2_3_1) [1,*] 
							: g_3_2_3_2_3_1_1(g_3_2_3_2_3_1_1)
							: g_3_2_3_2_3_1_2(g_3_2_3_2_3_1_2)
					:g _Gi__3_2_3_2_4(_Gi__3_2_3_2_4) [1,*] 
						: g_3_2_3_2_4_1(g_3_2_3_2_4_1)
						: g_3_2_3_2_4_2(g_3_2_3_2_4_2)
						: g_3_2_3_2_4_3(g_3_2_3_2_4_3)
						: g_3_2_3_2_4_4(g_3_2_3_2_4_4)
						: g_3_2_3_2_4_5(g_3_2_3_2_4_5)
						: g_3_2_3_2_4_6(g_3_2_3_2_4_6)
			: g_3_2_4(g_3_2_4)
				:m m_3_2_4_1(m_3_2_4_1)
					:m m_3_2_4_1_1(m_3_2_4_1_1)
						:m m_3_2_4_1_1_1(m_3_2_4_1_1_1)
				:g _Ge__3_2_4_2(_Ge__3_2_4_2) [1,1] 
					: g_3_2_4_2_1(g_3_2_4_2_1)
						:o o_3_2_4_2_1_1(o_3_2_4_2_1_1)
					: g_3_2_4_2_2(g_3_2_4_2_2)
						:g _Ge__3_2_4_2_2_1(_Ge__3_2_4_2_2_1) [1,1] 
							: g_3_2_4_2_2_1_1(g_3_2_4_2_2_1_1)
							: g_3_2_4_2_2_1_2(g_3_2_4_2_2_1_2)
				:g _Ge__3_2_4_3(_Ge__3_2_4_3) [1,1] 
					: g_3_2_4_3_1(g_3_2_4_3_1)
					: g_3_2_4_3_2(g_3_2_4_3_2)
					: g_3_2_4_3_3(g_3_2_4_3_3)
					: g_3_2_4_3_4(g_3_2_4_3_4)
				:m m_3_2_4_4(m_3_2_4_4)
					:o o_3_2_4_4_1(o_3_2_4_4_1)
					:o o_3_2_4_4_2(o_3_2_4_4_2)
				:g _Ge__3_2_4_5(_Ge__3_2_4_5) [1,1] 
					: g_3_2_4_5_1(g_3_2_4_5_1)
					: g_3_2_4_5_2(g_3_2_4_5_2)
					: g_3_2_4_5_3(g_3_2_4_5_3)
				:m m_3_2_4_6(m_3_2_4_6)
					:o o_3_2_4_6_1(o_3_2_4_6_1)
			: g_3_2_5(g_3_2_5)
				:o o_3_2_5_1(o_3_2_5_1)
					:m m_3_2_5_1_1(m_3_2_5_1_1)
						:g _Ge__3_2_5_1_1_1(_Ge__3_2_5_1_1_1) [1,1] 
							: g_3_2_5_1_1_1_1(g_3_2_5_1_1_1_1)
							: g_3_2_5_1_1_1_2(g_3_2_5_1_1_1_2)
					:m m_3_2_5_1_2(m_3_2_5_1_2)
						:m m_3_2_5_1_2_1(m_3_2_5_1_2_1)
					:o o_3_2_5_1_3(o_3_2_5_1_3)
						:m m_3_2_5_1_3_1(m_3_2_5_1_3_1)
					:m m_3_2_5_1_4(m_3_2_5_1_4)
					:m m_3_2_5_1_5(m_3_2_5_1_5)
				:o o_3_2_5_2(o_3_2_5_2)
					:o o_3_2_5_2_1(o_3_2_5_2_1)
						:m m_3_2_5_2_1_1(m_3_2_5_2_1_1)
						:g _Ge__3_2_5_2_1_2(_Ge__3_2_5_2_1_2) [1,1] 
							: g_3_2_5_2_1_2_1(g_3_2_5_2_1_2_1)
							: g_3_2_5_2_1_2_2(g_3_2_5_2_1_2_2)
							: g_3_2_5_2_1_2_3(g_3_2_5_2_1_2_3)
							: g_3_2_5_2_1_2_4(g_3_2_5_2_1_2_4)
							: g_3_2_5_2_1_2_5(g_3_2_5_2_1_2_5)
						:o o_3_2_5_2_1_3(o_3_2_5_2_1_3)
	:m m_4(m_4)
		:o o_4_1(o_4_1)
			:m m_4_1_1(m_4_1_1)
				:m m_4_1_1_1(m_4_1_1_1)
					:m m_4_1_1_1_1(m_4_1_1_1_1)
					:m m_4_1_1_1_2(m_4_1_1_1_2)
				:o o_4_1_1_2(o_4_1_1_2)
					:o o_4_1_1_2_1(o_4_1_1_2_1)
					:o o_4_1_1_2_2(o_4_1_1_2_2)
					:m m_4_1_1_2_3(m_4_1_1_2_3)
					:m m_4_1_1_2_4(m_4_1_1_2_4)
					:m m_4_1_1_2_5(m_4_1_1_2_5)
					:m m_4_1_1_2_6(m_4_1_1_2_6)
				:o o_4_1_1_3(o_4_1_1_3)
					:m m_4_1_1_3_1(m_4_1_1_3_1)
		:g _Gi__4_2(_Gi__4_2) [1,*] 
			: g_4_2_1(g_4_2_1)
				:g _Gi__4_2_1_1(_Gi__4_2_1_1) [1,*] 
					: g_4_2_1_1_1(g_4_2_1_1_1)
						:o o_4_2_1_1_1_1(o_4_2_1_1_1_1)
					: g_4_2_1_1_2(g_4_2_1_1_2)
						:m m_4_2_1_1_2_1(m_4_2_1_1_2_1)
				:o o_4_2_1_2(o_4_2_1_2)
					:o o_4_2_1_2_1(o_4_2_1_2_1)
					:g _Gi__4_2_1_2_2(_Gi__4_2_1_2_2) [1,*] 
						: g_4_2_1_2_2_1(g_4_2_1_2_2_1)
						: g_4_2_1_2_2_2(g_4_2_1_2_2_2)
				:m m_4_2_1_3(m_4_2_1_3)
					:m m_4_2_1_3_1(m_4_2_1_3_1)
				:o o_4_2_1_4(o_4_2_1_4)
					:g _Gi__4_2_1_4_1(_Gi__4_2_1_4_1) [1,*] 
						: g_4_2_1_4_1_1(g_4_2_1_4_1_1)
						: g_4_2_1_4_1_2(g_4_2_1_4_1_2)
						: g_4_2_1_4_1_3(g_4_2_1_4_1_3)
			: g_4_2_2(g_4_2_2)
				:m m_4_2_2_1(m_4_2_2_1)
					:m m_4_2_2_1_1(m_4_2_2_1_1)
						:m m_4_2_2_1_1_1(m_4_2_2_1_1_1)
				:m m_4_2_2_2(m_4_2_2_2)
					:g _Ge__4_2_2_2_1(_Ge__4_2_2_2_1) [1,1] 
						: g_4_2_2_2_1_1(g_4_2_2_2_1_1)
						: g_4_2_2_2_1_2(g_4_2_2_2_1_2)
						: g_4_2_2_2_1_3(g_4_2_2_2_1_3)
						: g_4_2_2_2_1_4(g_4_2_2_2_1_4)
						: g_4_2_2_2_1_5(g_4_2_2_2_1_5)
						: g_4_2_2_2_1_6(g_4_2_2_2_1_6)
					:g _Gi__4_2_2_2_2(_Gi__4_2_2_2_2) [1,*] 
						: g_4_2_2_2_2_1(g_4_2_2_2_2_1)
						: g_4_2_2_2_2_2(g_4_2_2_2_2_2)
				:o o_4_2_2_3(o_4_2_2_3)
					:o o_4_2_2_3_1(o_4_2_2_3_1)
				:m m_4_2_2_4(m_4_2_2_4)
					:m m_4_2_2_4_1(m_4_2_2_4_1)
			: g_4_2_3(g_4_2_3)
				:m m_4_2_3_1(m_4_2_3_1)
					:o o_4_2_3_1_1(o_4_2_3_1_1)
						:m m_4_2_3_1_1_1(m_4_2_3_1_1_1)
					:o o_4_2_3_1_2(o_4_2_3_1_2)
						:m m_4_2_3_1_2_1(m_4_2_3_1_2_1)
				:m m_4_2_3_2(m_4_2_3_2)
					:m m_4_2_3_2_1(m_4_2_3_2_1)
					:o o_4_2_3_2_2(o_4_2_3_2_2)
					:m m_4_2_3_2_3(m_4_2_3_2_3)
					:o o_4_2_3_2_4(o_4_2_3_2_4)
			: g_4_2_4(g_4_2_4)
				:o o_4_2_4_1(o_4_2_4_1)
					:m m_4_2_4_1_1(m_4_2_4_1_1)
					:o o_4_2_4_1_2(o_4_2_4_1_2)
				:o o_4_2_4_2(o_4_2_4_2)
					:m m_4_2_4_2_1(m_4_2_4_2_1)
					:g _Ge__4_2_4_2_2(_Ge__4_2_4_2_2) [1,1] 
						: g_4_2_4_2_2_1(g_4_2_4_2_2_1)
						: g_4_2_4_2_2_2(g_4_2_4_2_2_2)
				:o o_4_2_4_3(o_4_2_4_3)
					:o o_4_2_4_3_1(o_4_2_4_3_1)
				:o o_4_2_4_4(o_4_2_4_4)
					:m m_4_2_4_4_1(m_4_2_4_4_1)
		:m m_4_3(m_4_3)
			:m m_4_3_1(m_4_3_1)
				:o o_4_3_1_1(o_4_3_1_1)
					:m m_4_3_1_1_1(m_4_3_1_1_1)
					:m m_4_3_1_1_2(m_4_3_1_1_2)
					:m m_4_3_1_1_3(m_4_3_1_1_3)
					:g _Ge__4_3_1_1_4(_Ge__4_3_1_1_4) [1,1] 
						: g_4_3_1_1_4_1(g_4_3_1_1_4_1)
						: g_4_3_1_1_4_2(g_4_3_1_1_4_2)
					:o o_4_3_1_1_5(o_4_3_1_1_5)
				:g _Ge__4_3_1_2(_Ge__4_3_1_2) [1,1] 
					: g_4_3_1_2_1(g_4_3_1_2_1)
						:g _Ge__4_3_1_2_1_1(_Ge__4_3_1_2_1_1) [1,1] 
							: g_4_3_1_2_1_1_1(g_4_3_1_2_1_1_1)
							: g_4_3_1_2_1_1_2(g_4_3_1_2_1_1_2)
						:o o_4_3_1_2_1_2(o_4_3_1_2_1_2)
						:m m_4_3_1_2_1_3(m_4_3_1_2_1_3)
						:o o_4_3_1_2_1_4(o_4_3_1_2_1_4)
					: g_4_3_1_2_2(g_4_3_1_2_2)
						:m m_4_3_1_2_2_1(m_4_3_1_2_2_1)
						:g _Gi__4_3_1_2_2_2(_Gi__4_3_1_2_2_2) [1,*] 
							: g_4_3_1_2_2_2_1(g_4_3_1_2_2_2_1)
							: g_4_3_1_2_2_2_2(g_4_3_1_2_2_2_2)
							: g_4_3_1_2_2_2_3(g_4_3_1_2_2_2_3)
							: g_4_3_1_2_2_2_4(g_4_3_1_2_2_2_4)
						:o o_4_3_1_2_2_3(o_4_3_1_2_2_3)
				:m m_4_3_1_3(m_4_3_1_3)
					:m m_4_3_1_3_1(m_4_3_1_3_1)
		:m m_4_4(m_4_4)
			:o o_4_4_1(o_4_4_1)
				:m m_4_4_1_1(m_4_4_1_1)
					:g _Gi__4_4_1_1_1(_Gi__4_4_1_1_1) [1,*] 
						: g_4_4_1_1_1_1(g_4_4_1_1_1_1)
						: g_4_4_1_1_1_2(g_4_4_1_1_1_2)
						: g_4_4_1_1_1_3(g_4_4_1_1_1_3)
						: g_4_4_1_1_1_4(g_4_4_1_1_1_4)
						: g_4_4_1_1_1_5(g_4_4_1_1_1_5)
					:o o_4_4_1_1_2(o_4_4_1_1_2)
					:m m_4_4_1_1_3(m_4_4_1_1_3)
					:g _Gi__4_4_1_1_4(_Gi__4_4_1_1_4) [1,*] 
						: g_4_4_1_1_4_1(g_4_4_1_1_4_1)
						: g_4_4_1_1_4_2(g_4_4_1_1_4_2)
						: g_4_4_1_1_4_3(g_4_4_1_1_4_3)
					:o o_4_4_1_1_5(o_4_4_1_1_5)
					:o o_4_4_1_1_6(o_4_4_1_1_6)
				:g _Ge__4_4_1_2(_Ge__4_4_1_2) [1,1] 
					: g_4_4_1_2_1(g_4_4_1_2_1)
						:m m_4_4_1_2_1_1(m_4_4_1_2_1_1)
					: g_4_4_1_2_2(g_4_4_1_2_2)
						:o o_4_4_1_2_2_1(o_4_4_1_2_2_1)
						:o o_4_4_1_2_2_2(o_4_4_1_2_2_2)
						:o o_4_4_1_2_2_3(o_4_4_1_2_2_3)
				:g _Gi__4_4_1_3(_Gi__4_4_1_3) [1,*] 
					: g_4_4_1_3_1(g_4_4_1_3_1)
						:o o_4_4_1_3_1_1(o_4_4_1_3_1_1)
					: g_4_4_1_3_2(g_4_4_1_3_2)
						:m m_4_4_1_3_2_1(m_4_4_1_3_2_1)
					: g_4_4_1_3_3(g_4_4_1_3_3)
						:o o_4_4_1_3_3_1(o_4_4_1_3_3_1)
					: g_4_4_1_3_4(g_4_4_1_3_4)
						:g _Gi__4_4_1_3_4_1(_Gi__4_4_1_3_4_1) [1,*] 
							: g_4_4_1_3_4_1_1(g_4_4_1_3_4_1_1)
							: g_4_4_1_3_4_1_2(g_4_4_1_3_4_1_2)
					: g_4_4_1_3_5(g_4_4_1_3_5)
						:o o_4_4_1_3_5_1(o_4_4_1_3_5_1)
					: g_4_4_1_3_6(g_4_4_1_3_6)
						:m m_4_4_1_3_6_1(m_4_4_1_3_6_1)
				:o o_4_4_1_4(o_4_4_1_4)
					:m m_4_4_1_4_1(m_4_4_1_4_1)
					:g _Gi__4_4_1_4_2(_Gi__4_4_1_4_2) [1,*] 
						: g_4_4_1_4_2_1(g_4_4_1_4_2_1)
						: g_4_4_1_4_2_2(g_4_4_1_4_2_2)
					:o o_4_4_1_4_3(o_4_4_1_4_3)
					:m m_4_4_1_4_4(m_4_4_1_4_4)
					:o o_4_4_1_4_5(o_4_4_1_4_5)
	:m m_5(m_5)
		:g _Gi__5_1(_Gi__5_1) [1,*] 
			: g_5_1_1(g_5_1_1)
				:m m_5_1_1_1(m_5_1_1_1)
					:o o_5_1_1_1_1(o_5_1_1_1_1)
					:m m_5_1_1_1_2(m_5_1_1_1_2)
				:o o_5_1_1_2(o_5_1_1_2)
					:o o_5_1_1_2_1(o_5_1_1_2_1)
					:o o_5_1_1_2_2(o_5_1_1_2_2)
				:m m_5_1_1_3(m_5_1_1_3)
					:g _Gi__5_1_1_3_1(_Gi__5_1_1_3_1) [1,*] 
						: g_5_1_1_3_1_1(g_5_1_1_3_1_1)
						: g_5_1_1_3_1_2(g_5_1_1_3_1_2)
						: g_5_1_1_3_1_3(g_5_1_1_3_1_3)
					:m m_5_1_1_3_2(m_5_1_1_3_2)
				:o o_5_1_1_4(o_5_1_1_4)
					:m m_5_1_1_4_1(m_5_1_1_4_1)
				:o o_5_1_1_5(o_5_1_1_5)
					:o o_5_1_1_5_1(o_5_1_1_5_1)
			: g_5_1_2(g_5_1_2)
				:o o_5_1_2_1(o_5_1_2_1)
					:m m_5_1_2_1_1(m_5_1_2_1_1)
						:m m_5_1_2_1_1_1(m_5_1_2_1_1_1)
					:m m_5_1_2_1_2(m_5_1_2_1_2)
						:m m_5_1_2_1_2_1(m_5_1_2_1_2_1)
					:m m_5_1_2_1_3(m_5_1_2_1_3)
					:o o_5_1_2_1_4(o_5_1_2_1_4)
					:o o_5_1_2_1_5(o_5_1_2_1_5)
				:m m_5_1_2_2(m_5_1_2_2)
					:m m_5_1_2_2_1(m_5_1_2_2_1)
						:m m_5_1_2_2_1_1(m_5_1_2_2_1_1)
					:o o_5_1_2_2_2(o_5_1_2_2_2)
						:m m_5_1_2_2_2_1(m_5_1_2_2_2_1)
					:o o_5_1_2_2_3(o_5_1_2_2_3)
					:o o_5_1_2_2_4(o_5_1_2_2_4)
			: g_5_1_3(g_5_1_3)
				:o o_5_1_3_1(o_5_1_3_1)
					:o o_5_1_3_1_1(o_5_1_3_1_1)
					:o o_5_1_3_1_2(o_5_1_3_1_2)
					:m m_5_1_3_1_3(m_5_1_3_1_3)
					:o o_5_1_3_1_4(o_5_1_3_1_4)
				:g _Ge__5_1_3_2(_Ge__5_1_3_2) [1,1] 
					: g_5_1_3_2_1(g_5_1_3_2_1)
						:m m_5_1_3_2_1_1(m_5_1_3_2_1_1)
					: g_5_1_3_2_2(g_5_1_3_2_2)
						:o o_5_1_3_2_2_1(o_5_1_3_2_2_1)
				:m m_5_1_3_3(m_5_1_3_3)
					:o o_5_1_3_3_1(o_5_1_3_3_1)
						:o o_5_1_3_3_1_1(o_5_1_3_3_1_1)
			: g_5_1_4(g_5_1_4)
				:m m_5_1_4_1(m_5_1_4_1)
					:o o_5_1_4_1_1(o_5_1_4_1_1)
					:m m_5_1_4_1_2(m_5_1_4_1_2)
					:o o_5_1_4_1_3(o_5_1_4_1_3)
				:o o_5_1_4_2(o_5_1_4_2)
					:o o_5_1_4_2_1(o_5_1_4_2_1)
				:m m_5_1_4_3(m_5_1_4_3)
					:o o_5_1_4_3_1(o_5_1_4_3_1)
				:m m_5_1_4_4(m_5_1_4_4)
					:o o_5_1_4_4_1(o_5_1_4_4_1)
					:o o_5_1_4_4_2(o_5_1_4_4_2)
		:o o_5_2(o_5_2)
			:o o_5_2_1(o_5_2_1)
				:g _Gi__5_2_1_1(_Gi__5_2_1_1) [1,*] 
					: g_5_2_1_1_1(g_5_2_1_1_1)
					: g_5_2_1_1_2(g_5_2_1_1_2)
					: g_5_2_1_1_3(g_5_2_1_1_3)
					: g_5_2_1_1_4(g_5_2_1_1_4)
					: g_5_2_1_1_5(g_5_2_1_1_5)
				:m m_5_2_1_2(m_5_2_1_2)
				:m m_5_2_1_3(m_5_2_1_3)
				:o o_5_2_1_4(o_5_2_1_4)
				:o o_5_2_1_5(o_5_2_1_5)
				:o o_5_2_1_6(o_5_2_1_6)
			:g _Gi__5_2_2(_Gi__5_2_2) [1,*] 
				: g_5_2_2_1(g_5_2_2_1)
					:o o_5_2_2_1_1(o_5_2_2_1_1)
				: g_5_2_2_2(g_5_2_2_2)
					:o o_5_2_2_2_1(o_5_2_2_2_1)
				: g_5_2_2_3(g_5_2_2_3)
					:g _Gi__5_2_2_3_1(_Gi__5_2_2_3_1) [1,*] 
						: g_5_2_2_3_1_1(g_5_2_2_3_1_1)
						: g_5_2_2_3_1_2(g_5_2_2_3_1_2)
						: g_5_2_2_3_1_3(g_5_2_2_3_1_3)
						: g_5_2_2_3_1_4(g_5_2_2_3_1_4)
				: g_5_2_2_4(g_5_2_2_4)
					:o o_5_2_2_4_1(o_5_2_2_4_1)
				: g_5_2_2_5(g_5_2_2_5)
					:o o_5_2_2_5_1(o_5_2_2_5_1)
				: g_5_2_2_6(g_5_2_2_6)
					:m m_5_2_2_6_1(m_5_2_2_6_1)
			:o o_5_2_3(o_5_2_3)
				:o o_5_2_3_1(o_5_2_3_1)
				:m m_5_2_3_2(m_5_2_3_2)
				:o o_5_2_3_3(o_5_2_3_3)
				:m m_5_2_3_4(m_5_2_3_4)
			:m m_5_2_4(m_5_2_4)
				:o o_5_2_4_1(o_5_2_4_1)
				:o o_5_2_4_2(o_5_2_4_2)
				:o o_5_2_4_3(o_5_2_4_3)
				:m m_5_2_4_4(m_5_2_4_4)
			:m m_5_2_5(m_5_2_5)
				:m m_5_2_5_1(m_5_2_5_1)
				:m m_5_2_5_2(m_5_2_5_2)
				:o o_5_2_5_3(o_5_2_5_3)
				:m m_5_2_5_4(m_5_2_5_4)
				:m m_5_2_5_5(m_5_2_5_5)
		:g _Ge__5_3(_Ge__5_3) [1,1] 
			: g_5_3_1(g_5_3_1)
				:g _Gi__5_3_1_1(_Gi__5_3_1_1) [1,*] 
					: g_5_3_1_1_1(g_5_3_1_1_1)
					: g_5_3_1_1_2(g_5_3_1_1_2)
					: g_5_3_1_1_3(g_5_3_1_1_3)
					: g_5_3_1_1_4(g_5_3_1_1_4)
					: g_5_3_1_1_5(g_5_3_1_1_5)
				:o o_5_3_1_2(o_5_3_1_2)
					:o o_5_3_1_2_1(o_5_3_1_2_1)
				:o o_5_3_1_3(o_5_3_1_3)
					:g _Gi__5_3_1_3_1(_Gi__5_3_1_3_1) [1,*] 
						: g_5_3_1_3_1_1(g_5_3_1_3_1_1)
						: g_5_3_1_3_1_2(g_5_3_1_3_1_2)
						: g_5_3_1_3_1_3(g_5_3_1_3_1_3)
						: g_5_3_1_3_1_4(g_5_3_1_3_1_4)
				:m m_5_3_1_4(m_5_3_1_4)
					:m m_5_3_1_4_1(m_5_3_1_4_1)
				:o o_5_3_1_5(o_5_3_1_5)
					:m m_5_3_1_5_1(m_5_3_1_5_1)
			: g_5_3_2(g_5_3_2)
				:m m_5_3_2_1(m_5_3_2_1)
					:o o_5_3_2_1_1(o_5_3_2_1_1)
					:g _Gi__5_3_2_1_2(_Gi__5_3_2_1_2) [1,*] 
						: g_5_3_2_1_2_1(g_5_3_2_1_2_1)
						: g_5_3_2_1_2_2(g_5_3_2_1_2_2)
					:g _Ge__5_3_2_1_3(_Ge__5_3_2_1_3) [1,1] 
						: g_5_3_2_1_3_1(g_5_3_2_1_3_1)
						: g_5_3_2_1_3_2(g_5_3_2_1_3_2)
						: g_5_3_2_1_3_3(g_5_3_2_1_3_3)
					:m m_5_3_2_1_4(m_5_3_2_1_4)
			: g_5_3_3(g_5_3_3)
				:g _Gi__5_3_3_1(_Gi__5_3_3_1) [1,*] 
					: g_5_3_3_1_1(g_5_3_3_1_1)
						:o o_5_3_3_1_1_1(o_5_3_3_1_1_1)
						:o o_5_3_3_1_1_2(o_5_3_3_1_1_2)
					: g_5_3_3_1_2(g_5_3_3_1_2)
						:o o_5_3_3_1_2_1(o_5_3_3_1_2_1)
						:g _Gi__5_3_3_1_2_2(_Gi__5_3_3_1_2_2) [1,*] 
							: g_5_3_3_1_2_2_1(g_5_3_3_1_2_2_1)
							: g_5_3_3_1_2_2_2(g_5_3_3_1_2_2_2)
							: g_5_3_3_1_2_2_3(g_5_3_3_1_2_2_3)
							: g_5_3_3_1_2_2_4(g_5_3_3_1_2_2_4)
				:m m_5_3_3_2(m_5_3_3_2)
					:m m_5_3_3_2_1(m_5_3_3_2_1)
					:o o_5_3_3_2_2(o_5_3_3_2_2)
					:m m_5_3_3_2_3(m_5_3_3_2_3)
			: g_5_3_4(g_5_3_4)
				:o o_5_3_4_1(o_5_3_4_1)
					:g _Ge__5_3_4_1_1(_Ge__5_3_4_1_1) [1,1] 
						: g_5_3_4_1_1_1(g_5_3_4_1_1_1)
						: g_5_3_4_1_1_2(g_5_3_4_1_1_2)
						: g_5_3_4_1_1_3(g_5_3_4_1_1_3)
						: g_5_3_4_1_1_4(g_5_3_4_1_1_4)
						: g_5_3_4_1_1_5(g_5_3_4_1_1_5)
						: g_5_3_4_1_1_6(g_5_3_4_1_1_6)
				:g _Ge__5_3_4_2(_Ge__5_3_4_2) [1,1] 
					: g_5_3_4_2_1(g_5_3_4_2_1)
					: g_5_3_4_2_2(g_5_3_4_2_2)
				:o o_5_3_4_3(o_5_3_4_3)
					:g _Ge__5_3_4_3_1(_Ge__5_3_4_3_1) [1,1] 
						: g_5_3_4_3_1_1(g_5_3_4_3_1_1)
						: g_5_3_4_3_1_2(g_5_3_4_3_1_2)
				:o o_5_3_4_4(o_5_3_4_4)
					:m m_5_3_4_4_1(m_5_3_4_4_1)
				:o o_5_3_4_5(o_5_3_4_5)
					:g _Gi__5_3_4_5_1(_Gi__5_3_4_5_1) [1,*] 
						: g_5_3_4_5_1_1(g_5_3_4_5_1_1)
						: g_5_3_4_5_1_2(g_5_3_4_5_1_2)
			: g_5_3_5(g_5_3_5)
				:m m_5_3_5_1(m_5_3_5_1)
					:m m_5_3_5_1_1(m_5_3_5_1_1)
				:o o_5_3_5_2(o_5_3_5_2)
					:o o_5_3_5_2_1(o_5_3_5_2_1)
				:g _Ge__5_3_5_3(_Ge__5_3_5_3) [1,1] 
					: g_5_3_5_3_1(g_5_3_5_3_1)
					: g_5_3_5_3_2(g_5_3_5_3_2)
					: g_5_3_5_3_3(g_5_3_5_3_3)
				:m m_5_3_5_4(m_5_3_5_4)
					:o o_5_3_5_4_1(o_5_3_5_4_1)
				:m m_5_3_5_5(m_5_3_5_5)
					:o o_5_3_5_5_1(o_5_3_5_5_1)
			: g_5_3_6(g_5_3_6)
				:m m_5_3_6_1(m_5_3_6_1)
					:g _Gi__5_3_6_1_1(_Gi__5_3_6_1_1) [1,*] 
						: g_5_3_6_1_1_1(g_5_3_6_1_1_1)
						: g_5_3_6_1_1_2(g_5_3_6_1_1_2)
				:m m_5_3_6_2(m_5_3_6_2)
					:g _Gi__5_3_6_2_1(_Gi__5_3_6_2_1) [1,*] 
						: g_5_3_6_2_1_1(g_5_3_6_2_1_1)
						: g_5_3_6_2_1_2(g_5_3_6_2_1_2)
						: g_5_3_6_2_1_3(g_5_3_6_2_1_3)
				:m m_5_3_6_3(m_5_3_6_3)
					:m m_5_3_6_3_1(m_5_3_6_3_1)
				:m m_5_3_6_4(m_5_3_6_4)
					:o o_5_3_6_4_1(o_5_3_6_4_1)
				:m m_5_3_6_5(m_5_3_6_5)
					:m m_5_3_6_5_1(m_5_3_6_5_1)
	:m m_6(m_6)
		:o o_6_1(o_6_1)
			:m m_6_1_1(m_6_1_1)
				:o o_6_1_1_1(o_6_1_1_1)
			:o o_6_1_2(o_6_1_2)
				:g _Ge__6_1_2_1(_Ge__6_1_2_1) [1,1] 
					: g_6_1_2_1_1(g_6_1_2_1_1)
					: g_6_1_2_1_2(g_6_1_2_1_2)
				:m m_6_1_2_2(m_6_1_2_2)
				:o o_6_1_2_3(o_6_1_2_3)
			:o o_6_1_3(o_6_1_3)
				:g _Ge__6_1_3_1(_Ge__6_1_3_1) [1,1] 
					: g_6_1_3_1_1(g_6_1_3_1_1)
					: g_6_1_3_1_2(g_6_1_3_1_2)
					: g_6_1_3_1_3(g_6_1_3_1_3)
					: g_6_1_3_1_4(g_6_1_3_1_4)
					: g_6_1_3_1_5(g_6_1_3_1_5)
				:m m_6_1_3_2(m_6_1_3_2)
				:o o_6_1_3_3(o_6_1_3_3)
				:g _Gi__6_1_3_4(_Gi__6_1_3_4) [1,*] 
					: g_6_1_3_4_1(g_6_1_3_4_1)
					: g_6_1_3_4_2(g_6_1_3_4_2)
					: g_6_1_3_4_3(g_6_1_3_4_3)
					: g_6_1_3_4_4(g_6_1_3_4_4)
					: g_6_1_3_4_5(g_6_1_3_4_5)
			:o o_6_1_4(o_6_1_4)
				:o o_6_1_4_1(o_6_1_4_1)
				:m m_6_1_4_2(m_6_1_4_2)
				:g _Gi__6_1_4_3(_Gi__6_1_4_3) [1,*] 
					: g_6_1_4_3_1(g_6_1_4_3_1)
					: g_6_1_4_3_2(g_6_1_4_3_2)
					: g_6_1_4_3_3(g_6_1_4_3_3)
				:m m_6_1_4_4(m_6_1_4_4)
				:m m_6_1_4_5(m_6_1_4_5)
				:m m_6_1_4_6(m_6_1_4_6)
			:o o_6_1_5(o_6_1_5)
				:m m_6_1_5_1(m_6_1_5_1)
				:o o_6_1_5_2(o_6_1_5_2)
				:m m_6_1_5_3(m_6_1_5_3)
				:m m_6_1_5_4(m_6_1_5_4)
				:o o_6_1_5_5(o_6_1_5_5)
				:o o_6_1_5_6(o_6_1_5_6)
</feature_tree>
<constraints>
Clause3CNF_1:~o_1_1_2_2_1 OR o_5_1_3_1_1 OR o_5_2_2_4_1
Clause3CNF_2:~m_2_3_2_1_2_1 OR m_2_5_3_1 OR ~m_2_6_3_1
Clause3CNF_3:~g_5_3_6 OR ~m_1_3_1_6 OR ~o_1_2_5
Clause3CNF_4:g_2_1_1_4 OR m_5_1_2_1_3 OR o_3_1_4_5_1
Clause3CNF_5:~g_2_6_4_2_3 OR g_5_3_1_1_2 OR o_1_2_1_1_2
Clause3CNF_6:g_2_4_1_6_2 OR ~m_1_1_2_1 OR ~o_2_3_2_1_1_1
Clause3CNF_7:g_1_1_6_4_5 OR ~o_2_3_2_1_2_2 OR o_5_1_1_2_2
Clause3CNF_8:~g_1_2_4_1_2 OR g_2_3_2_1_1_3_2 OR ~g_2_5_3_4_2
Clause3CNF_9:~g_1_2_4_2_1_1 OR ~g_1_2_4_3_5 OR ~m_4_2_4_1_1
Clause3CNF_10:m_4_1_1_1 OR o_3_1_5_1_1 OR o_4_2_3_2_2
Clause3CNF_11:~g_1_1_2_1_2_2 OR ~o_2_5_3 OR ~o_5_1_4_2
Clause3CNF_12:~g_2_5_3_4_2 OR o_2_4_1_1_1 OR o_5_1_2_1
Clause3CNF_13:~g_2_3_1_4_2 OR ~o_2_5 OR ~o_5_2_4_1
Clause3CNF_14:~g_1_1_2_1_2_2 OR ~g_4_3_1_2_2 OR m_1_2_3_2_1
Clause3CNF_15:g_1_1_6_4_5 OR g_1_3_1_1_1_4 OR o_5_1_1_2_2
Clause3CNF_16:~g_1_1_1_3_1_1 OR ~o_4_1_1_2_1 OR ~o_5_1_3_1_1
Clause3CNF_17:g_4_2_1_4_1_3 OR m_3_2_2_3 OR o_2_5_3
Clause3CNF_18:m_4_2_2_2 OR m_5_3_6_3 OR o_2_3_2_1_1_1
Clause3CNF_19:~g_2_4_2 OR ~o_1_1_2_2_1 OR ~o_4_1_1_2_1
Clause3CNF_20:g_1_1_3_1_1_2 OR g_3_1_2_4_1_3 OR g_4_3_1_2_2
Clause3CNF_21:g_2_6_4_2_3 OR ~m_2_3_1_3_1 OR o_4_1
Clause3CNF_22:~m_2_1_2_1_3 OR ~m_5_3_2_1 OR m_6_1_4_6
Clause3CNF_23:g_3_2_5_2_1_2_2 OR g_5_3_1_1_2 OR o_5_2_2_4_1
Clause3CNF_24:m_3_2_2_3 OR ~o_2_3_2_1_2_2 OR o_5_2_2_1_1
Clause3CNF_25:~g_2_1_4_2_1 OR g_4_3_1_2_2 OR ~m_1_1_2_1
Clause3CNF_26:~m_2_3_1_1 OR m_5_3_1_5_1 OR o_3_1_5_1_1
Clause3CNF_27:g_1_2_4_3_5 OR ~m_4_2_4_1_1 OR ~o_4_1
Clause3CNF_28:g_2_4_1_6_2 OR m_2_6_3_1 OR o_2_3_2_1_2_2
Clause3CNF_29:~m_3_2_4_1 OR m_3_2_5_1_4 OR ~o_1_2_5
Clause3CNF_30:~g_1_1_2_1_2_2 OR ~g_2_3_1_4_2 OR ~g_3_1_2_4_1_3
Clause3CNF_31:g_1_2_4_3_1 OR g_2_5_2_5_4 OR m_4_1_1_1
Clause3CNF_32:o_1_1_2_2_1 OR ~o_1_1_5_1 OR ~o_5_1_2_1_5
Clause3CNF_33:g_1_1_1_3_1_1 OR ~g_2_3_1_4_2 OR o_5_1_2_1
Clause3CNF_34:m_2_3_1_3_1 OR m_2_3_2_1_2_1 OR m_5_1_1_1
Clause3CNF_35:g_2_4_1_6_2 OR ~o_5_1_2_1 OR ~o_5_2_2_1_1
Clause3CNF_36:m_2_3_1_3_1 OR ~o_1_1_5_1 OR o_5_1_4_2
Clause3CNF_37:m_2_1_2_1_3 OR m_2_3_2_1_2_1 OR ~o_2_5_3
Clause3CNF_38:~g_5_3_1_1_2 OR ~m_1_3_1_6 OR ~o_5_1_2_1
Clause3CNF_39:~g_2_3_1_4_2 OR m_5_3_2_1 OR ~m_5_3_6_3
Clause3CNF_40:~g_3_1_3_2_1 OR ~m_2_4_2_2 OR o_4_2_3_2_2
Clause3CNF_41:g_4_2_1_4_1_3 OR ~m_2_5_3_1 OR ~m_3_2_2_3
Clause3CNF_42:~m_1_3_1_6 OR o_3_1_5_1_1 OR o_3_2_2_1
Clause3CNF_43:~g_2_6_4_2_3 OR ~m_2_6_3_2 OR ~o_2_4_1_1_1
Clause3CNF_44:g_1_1_2_1_2_2 OR ~g_4_4_1_3_2 OR ~m_4_1_1_1
Clause3CNF_45:m_4_1_1_1 OR ~o_5_1_1_2_2 OR ~o_5_1_2_1
Clause3CNF_46:~m_2_3_1_1 OR o_1_2_1_1_2 OR ~o_3_1_4_5_1
Clause3CNF_47:g_1_1_3_1_1_2 OR g_3_2_5_1_1_1_2 OR o_4_2_3_2_2
Clause3CNF_48:~m_5_3_6_3 OR o_4_1 OR ~o_5_2_2_1_1
Clause3CNF_49:g_2_5_3_4_2 OR m_3_1_1_3_1 OR ~o_5_1_2_1_5
Clause3CNF_50:m_1_3_1_6 OR ~m_2_6_3_1 OR ~o_3_1_5_1_1
Clause3CNF_51:~m_3_2_2_3 OR m_4_2_2_2 OR ~o_2_3_2_1_1_1
Clause3CNF_52:g_1_3_1_1_1_4 OR g_3_1_2_4_1_6 OR o_1_2_1_1_2
Clause3CNF_53:~g_1_1_1_3_1_1 OR ~g_1_2_4_2_1_1 OR g_1_3_2_2_2_2
Clause3CNF_54:m_3_1_5_2_1_1 OR ~o_1_3_2_1_6_1 OR o_2_4_1_1_1
Clause3CNF_55:g_1_2_4_3_5 OR m_5_1_2_1_2 OR ~m_5_3_2_1
Clause3CNF_56:g_3_1_2_4_1_3 OR m_5_1_1_1 OR ~o_1_3_2_1_6_1
Clause3CNF_57:g_1_1_3_1_1_2 OR ~g_5_1_1_3_1_2 OR m_4_2_2_2
Clause3CNF_58:m_2_1_1_3_1 OR m_3_1_1_3_1 OR o_5_2_2_4_1
Clause3CNF_59:m_1_3_1_6 OR ~o_1_2_5 OR o_5_1_4_2
Clause3CNF_60:g_1_2_4_2_1_1 OR m_3_2_4_1 OR ~m_5_3_2_1
Clause3CNF_61:~g_1_1_1_3_1_1 OR g_4_2_2_2_1_1 OR ~o_2_4_1_1_1
Clause3CNF_62:m_3_1_5_2_1_1 OR o_3_1_3_1 OR ~o_5_1_1_2_2
Clause3CNF_63:m_1_2_3_2_1 OR m_2_6_3_1 OR o_2_6_2_1_3
Clause3CNF_64:~g_2_6_4_2_2 OR g_4_4_1_1_1_1 OR ~m_1_2_5_3
Clause3CNF_65:~g_1_2_4_3_5 OR ~m_1_2_3_2_1 OR o_4_4_1_1_2
Clause3CNF_66:~g_1_3_2_2_2_2 OR g_4_2_2_2_1_1 OR m_6_1_4_6
Clause3CNF_67:~g_2_4_2 OR ~g_2_6_4_2_2 OR ~o_3_2_2_1
Clause3CNF_68:g_2_4_1_6_2 OR ~m_6_1_4_6 OR o_2_4_1_1_1
Clause3CNF_69:g_1_1_5_1_2_1 OR m_1_2_3_2_1 OR m_2_1_2_1_3
Clause3CNF_70:~g_1_2_4_3_1 OR ~g_5_3_6 OR ~m_5_1_2_1_3
Clause3CNF_71:m_5_1_1_1 OR o_2_4_1_1_1 OR ~o_4_1_1_2_2
Clause3CNF_72:g_2_6_4_2_2 OR o_1_1_5_1 OR ~o_2_1_4
Clause3CNF_73:g_5_2_1_1_5 OR ~g_5_3_5_3_3 OR o_5_1_3_1_1
Clause3CNF_74:o_1_1_5_1 OR o_2_4_1_1_1 OR o_3_2_2_1
Clause3CNF_75:~g_3_1_3_2_1 OR ~o_2_1_4 OR ~o_2_6_2_1_3
Clause3CNF_76:~g_1_2_4_3_1 OR g_2_4_1_6_2 OR m_5_3_1_5_1
Clause3CNF_77:~g_2_6_4_2_2 OR ~m_2_5_3_1 OR o_5_1_4_2
Clause3CNF_78:~m_2_3_2_1_2_1 OR ~o_3_1_1_6 OR o_5_1_1_2_2
Clause3CNF_79:~g_3_1_2_4_1_6 OR ~m_2_3_1_1 OR ~o_5_1_2_1_5
Clause3CNF_80:~g_5_3_6 OR o_1_2_5 OR ~o_3_1_1_6
Clause3CNF_81:m_1_2_3_2_1 OR ~o_2_6_2_1_3 OR o_5_2_2_4_1
Clause3CNF_82:m_2_5_3_1 OR o_3_2_2_1 OR o_5_1_1_2_2
Clause3CNF_83:m_2_1_1_3_1 OR m_5_1_2_1_3 OR ~o_5_1_2_1_5
Clause3CNF_84:g_2_4_2 OR ~g_4_2_2_2_1_1 OR ~m_4_2_2_2
Clause3CNF_85:m_3_2_2_3 OR o_1_1_5_1 OR ~o_3_1_5_1_1
Clause3CNF_86:~g_1_2_4_3_1 OR g_2_1_2_1 OR o_2_4_1_1_1
Clause3CNF_87:~g_3_1_2_4_1_6 OR m_2_6_3_1 OR m_3_2_4_1
Clause3CNF_88:g_1_1_3_1_1_2 OR g_2_6_4_2_2 OR ~m_1_2_5_3
Clause3CNF_89:g_1_1_2_1_2_2 OR ~g_5_2_1_1_5 OR ~m_1_1_2_1
Clause3CNF_90:~g_3_2_5_2_1_2_5 OR m_3_1_1_3_1 OR ~o_2_1_4
Clause3CNF_91:m_2_1_1_3_1 OR ~m_2_1_2_1_3 OR ~m_2_6_3_1
Clause3CNF_92:~m_2_3_2_1_2_1 OR m_5_3_6_3 OR o_3_1_5_1_1
Clause3CNF_93:~o_2_6_2_1_3 OR ~o_3_1_1_6 OR o_5_1_1_2_2
Clause3CNF_94:m_5_3_6_3 OR ~o_1_1_5_1 OR o_5_1_2_1
Clause3CNF_95:g_4_4_1_1_1_1 OR m_2_6_3_2 OR ~o_5_2_2_1_1
Clause3CNF_96:~g_4_2_2_2_1_1 OR m_6_1_4_6 OR ~o_4_1_1_2_2
Clause3CNF_97:~g_5_3_6 OR m_5_3_1_5_1 OR ~o_3_1_5_1_1
Clause3CNF_98:~g_1_2_4_1_2 OR g_2_5_2_5_4 OR o_2_4_1_1_1
Clause3CNF_99:~g_1_1_5_1_2_1 OR ~m_1_2_5_3 OR ~o_3_1_3_1
Clause3CNF_100:~g_2_6_4_2_3 OR m_2_1_1_3_1 OR ~o_5_2_4_1
</constraints>
</feature_model>
<!--
*************************************************************
FEATURE TREE STATISTICS
  Model name.: SPLOT-3CNF-FM-1000-100-1.00-SAT-3
  tree depth.: 7
  #root......: 1
  #opt.......: 272
  #man.......: 272
  #grouped...: 455
  #grouped [1,1]: 215
  #grouped [1,n]: 240
  #fgrp [1,1]: 61 (exclusive-OR)
  #fgrp [1,N]: 67 (inclusive-OR)
  #total features: 1000
  #total nodes: 1128
*************************************************************
CROSS-TREE CONSTRAINTS (Random 3-CNF Formula)
  CTC Representativeness (CTCR): 8.3%
  Number of 3-CNF clauses......: 100
  CTC clause density specified.: 1.00
*************************************************************
-->
